,AnzahlFall,AnzahlTodesfall,NeuerFall,NeuerTodesfall,M_A00-A04_c,M_A05-A14_c,M_A15-A34_c,M_A35-A59_c,M_A60-A79_c,M_A80+_c,M_un_c,M_A00-A04_d,M_A05-A14_d,M_A15-A34_d,M_A35-A59_d,M_A60-A79_d,M_A80+_d,M_un_d,W_A00-A04_c,W_A05-A14_c,W_A15-A34_c,W_A35-A59_c,W_A60-A79_c,W_A80+_c,W_un_c,W_A00-A04_d,W_A05-A14_d,W_A15-A34_d,W_A35-A59_d,W_A60-A79_d,W_A80+_d,W_un_d,un_A00-A04_c,un_A05-A14_c,un_A15-A34_c,un_A35-A59_c,un_A60-A79_c,un_A80+_c,un_un_c,un_A00-A04_d,un_A05-A14_d,un_A15-A34_d,un_A35-A59_d,un_A60-A79_d,un_A80+_d,un_un_d
2020-01-02,1,0,0,0,0,0,0,0,0,0,0,0,0,0,0,0,0,0,0,0,0,1,0,0,0,0,0,0,0,0,0,0,0,0,0,0,0,0,0,0,0,0,0,0,0,0
2020-01-03,1,0,0,0,0,0,0,0,0,0,0,0,0,0,0,0,0,0,0,0,0,1,0,0,0,0,0,0,0,0,0,0,0,0,0,0,0,0,0,0,0,0,0,0,0,0
2020-01-04,0,0,0,0,0,0,0,0,0,0,0,0,0,0,0,0,0,0,0,0,0,0,0,0,0,0,0,0,0,0,0,0,0,0,0,0,0,0,0,0,0,0,0,0,0,0
2020-01-05,0,0,0,0,0,0,0,0,0,0,0,0,0,0,0,0,0,0,0,0,0,0,0,0,0,0,0,0,0,0,0,0,0,0,0,0,0,0,0,0,0,0,0,0,0,0
2020-01-06,0,0,0,0,0,0,0,0,0,0,0,0,0,0,0,0,0,0,0,0,0,0,0,0,0,0,0,0,0,0,0,0,0,0,0,0,0,0,0,0,0,0,0,0,0,0
2020-01-07,0,0,0,0,0,0,0,0,0,0,0,0,0,0,0,0,0,0,0,0,0,0,0,0,0,0,0,0,0,0,0,0,0,0,0,0,0,0,0,0,0,0,0,0,0,0
2020-01-08,0,0,0,0,0,0,0,0,0,0,0,0,0,0,0,0,0,0,0,0,0,0,0,0,0,0,0,0,0,0,0,0,0,0,0,0,0,0,0,0,0,0,0,0,0,0
2020-01-09,0,0,0,0,0,0,0,0,0,0,0,0,0,0,0,0,0,0,0,0,0,0,0,0,0,0,0,0,0,0,0,0,0,0,0,0,0,0,0,0,0,0,0,0,0,0
2020-01-10,0,0,0,0,0,0,0,0,0,0,0,0,0,0,0,0,0,0,0,0,0,0,0,0,0,0,0,0,0,0,0,0,0,0,0,0,0,0,0,0,0,0,0,0,0,0
2020-01-11,0,0,0,0,0,0,0,0,0,0,0,0,0,0,0,0,0,0,0,0,0,0,0,0,0,0,0,0,0,0,0,0,0,0,0,0,0,0,0,0,0,0,0,0,0,0
2020-01-12,1,0,0,0,0,0,0,0,0,0,0,0,0,0,0,0,0,0,0,0,0,1,0,0,0,0,0,0,0,0,0,0,0,0,0,0,0,0,0,0,0,0,0,0,0,0
2020-01-13,0,0,0,0,0,0,0,0,0,0,0,0,0,0,0,0,0,0,0,0,0,0,0,0,0,0,0,0,0,0,0,0,0,0,0,0,0,0,0,0,0,0,0,0,0,0
2020-01-14,0,0,0,0,0,0,0,0,0,0,0,0,0,0,0,0,0,0,0,0,0,0,0,0,0,0,0,0,0,0,0,0,0,0,0,0,0,0,0,0,0,0,0,0,0,0
2020-01-15,0,0,0,0,0,0,0,0,0,0,0,0,0,0,0,0,0,0,0,0,0,0,0,0,0,0,0,0,0,0,0,0,0,0,0,0,0,0,0,0,0,0,0,0,0,0
2020-01-16,0,0,0,0,0,0,0,0,0,0,0,0,0,0,0,0,0,0,0,0,0,0,0,0,0,0,0,0,0,0,0,0,0,0,0,0,0,0,0,0,0,0,0,0,0,0
2020-01-17,0,0,0,0,0,0,0,0,0,0,0,0,0,0,0,0,0,0,0,0,0,0,0,0,0,0,0,0,0,0,0,0,0,0,0,0,0,0,0,0,0,0,0,0,0,0
2020-01-18,1,0,0,0,0,0,1,0,0,0,0,0,0,0,0,0,0,0,0,0,0,0,0,0,0,0,0,0,0,0,0,0,0,0,0,0,0,0,0,0,0,0,0,0,0,0
2020-01-19,0,0,0,0,0,0,0,0,0,0,0,0,0,0,0,0,0,0,0,0,0,0,0,0,0,0,0,0,0,0,0,0,0,0,0,0,0,0,0,0,0,0,0,0,0,0
2020-01-20,0,0,0,0,0,0,0,0,0,0,0,0,0,0,0,0,0,0,0,0,0,0,0,0,0,0,0,0,0,0,0,0,0,0,0,0,0,0,0,0,0,0,0,0,0,0
2020-01-21,0,0,0,0,0,0,0,0,0,0,0,0,0,0,0,0,0,0,0,0,0,0,0,0,0,0,0,0,0,0,0,0,0,0,0,0,0,0,0,0,0,0,0,0,0,0
2020-01-22,0,0,0,0,0,0,0,0,0,0,0,0,0,0,0,0,0,0,0,0,0,0,0,0,0,0,0,0,0,0,0,0,0,0,0,0,0,0,0,0,0,0,0,0,0,0
2020-01-23,0,0,0,0,0,0,0,0,0,0,0,0,0,0,0,0,0,0,0,0,0,0,0,0,0,0,0,0,0,0,0,0,0,0,0,0,0,0,0,0,0,0,0,0,0,0
2020-01-24,0,0,0,0,0,0,0,0,0,0,0,0,0,0,0,0,0,0,0,0,0,0,0,0,0,0,0,0,0,0,0,0,0,0,0,0,0,0,0,0,0,0,0,0,0,0
2020-01-25,0,0,0,0,0,0,0,0,0,0,0,0,0,0,0,0,0,0,0,0,0,0,0,0,0,0,0,0,0,0,0,0,0,0,0,0,0,0,0,0,0,0,0,0,0,0
2020-01-26,0,0,0,0,0,0,0,0,0,0,0,0,0,0,0,0,0,0,0,0,0,0,0,0,0,0,0,0,0,0,0,0,0,0,0,0,0,0,0,0,0,0,0,0,0,0
2020-01-27,0,0,0,0,0,0,0,0,0,0,0,0,0,0,0,0,0,0,0,0,0,0,0,0,0,0,0,0,0,0,0,0,0,0,0,0,0,0,0,0,0,0,0,0,0,0
2020-01-28,3,0,0,0,0,0,1,1,0,0,0,0,0,0,0,0,0,0,0,0,0,1,0,0,0,0,0,0,0,0,0,0,0,0,0,0,0,0,0,0,0,0,0,0,0,0
2020-01-29,2,0,0,0,0,0,1,0,0,0,0,0,0,0,0,0,0,0,0,0,1,0,0,0,0,0,0,0,0,0,0,0,0,0,0,0,0,0,0,0,0,0,0,0,0,0
2020-01-30,1,0,0,0,0,0,0,1,0,0,0,0,0,0,0,0,0,0,0,0,0,0,0,0,0,0,0,0,0,0,0,0,0,0,0,0,0,0,0,0,0,0,0,0,0,0
2020-01-31,6,0,0,0,0,0,0,3,0,0,0,0,0,0,0,0,0,0,1,0,1,1,0,0,0,0,0,0,0,0,0,0,0,0,0,0,0,0,0,0,0,0,0,0,0,0
2020-02-01,0,0,0,0,0,0,0,0,0,0,0,0,0,0,0,0,0,0,0,0,0,0,0,0,0,0,0,0,0,0,0,0,0,0,0,0,0,0,0,0,0,0,0,0,0,0
2020-02-02,0,0,0,0,0,0,0,0,0,0,0,0,0,0,0,0,0,0,0,0,0,0,0,0,0,0,0,0,0,0,0,0,0,0,0,0,0,0,0,0,0,0,0,0,0,0
2020-02-03,1,0,0,0,0,0,1,0,0,0,0,0,0,0,0,0,0,0,0,0,0,0,0,0,0,0,0,0,0,0,0,0,0,0,0,0,0,0,0,0,0,0,0,0,0,0
2020-02-04,5,0,0,0,1,0,1,2,0,0,0,0,0,0,0,0,0,0,0,0,0,0,1,0,0,0,0,0,0,0,0,0,0,0,0,0,0,0,0,0,0,0,0,0,0,0
2020-02-05,0,0,0,0,0,0,0,0,0,0,0,0,0,0,0,0,0,0,0,0,0,0,0,0,0,0,0,0,0,0,0,0,0,0,0,0,0,0,0,0,0,0,0,0,0,0
2020-02-06,1,0,0,0,0,0,0,0,0,0,0,0,0,0,0,0,0,0,0,0,0,1,0,0,0,0,0,0,0,0,0,0,0,0,0,0,0,0,0,0,0,0,0,0,0,0
2020-02-07,1,0,0,0,0,0,0,0,0,0,0,0,0,0,0,0,0,0,0,0,0,1,0,0,0,0,0,0,0,0,0,0,0,0,0,0,0,0,0,0,0,0,0,0,0,0
2020-02-08,0,0,0,0,0,0,0,0,0,0,0,0,0,0,0,0,0,0,0,0,0,0,0,0,0,0,0,0,0,0,0,0,0,0,0,0,0,0,0,0,0,0,0,0,0,0
2020-02-09,0,0,0,0,0,0,0,0,0,0,0,0,0,0,0,0,0,0,0,0,0,0,0,0,0,0,0,0,0,0,0,0,0,0,0,0,0,0,0,0,0,0,0,0,0,0
2020-02-10,0,0,0,0,0,0,0,0,0,0,0,0,0,0,0,0,0,0,0,0,0,0,0,0,0,0,0,0,0,0,0,0,0,0,0,0,0,0,0,0,0,0,0,0,0,0
2020-02-11,2,0,0,0,1,0,0,1,0,0,0,0,0,0,0,0,0,0,0,0,0,0,0,0,0,0,0,0,0,0,0,0,0,0,0,0,0,0,0,0,0,0,0,0,0,0
2020-02-12,2,0,0,0,0,0,0,0,0,0,0,0,0,0,0,0,0,0,0,0,0,1,1,0,0,0,0,0,0,0,0,0,0,0,0,0,0,0,0,0,0,0,0,0,0,0
2020-02-13,0,0,0,0,0,0,0,0,0,0,0,0,0,0,0,0,0,0,0,0,0,0,0,0,0,0,0,0,0,0,0,0,0,0,0,0,0,0,0,0,0,0,0,0,0,0
2020-02-14,0,0,0,0,0,0,0,0,0,0,0,0,0,0,0,0,0,0,0,0,0,0,0,0,0,0,0,0,0,0,0,0,0,0,0,0,0,0,0,0,0,0,0,0,0,0
2020-02-15,0,0,0,0,0,0,0,0,0,0,0,0,0,0,0,0,0,0,0,0,0,0,0,0,0,0,0,0,0,0,0,0,0,0,0,0,0,0,0,0,0,0,0,0,0,0
2020-02-16,0,0,0,0,0,0,0,0,0,0,0,0,0,0,0,0,0,0,0,0,0,0,0,0,0,0,0,0,0,0,0,0,0,0,0,0,0,0,0,0,0,0,0,0,0,0
2020-02-17,0,0,0,0,0,0,0,0,0,0,0,0,0,0,0,0,0,0,0,0,0,0,0,0,0,0,0,0,0,0,0,0,0,0,0,0,0,0,0,0,0,0,0,0,0,0
2020-02-18,0,0,0,0,0,0,0,0,0,0,0,0,0,0,0,0,0,0,0,0,0,0,0,0,0,0,0,0,0,0,0,0,0,0,0,0,0,0,0,0,0,0,0,0,0,0
2020-02-19,0,0,0,0,0,0,0,0,0,0,0,0,0,0,0,0,0,0,0,0,0,0,0,0,0,0,0,0,0,0,0,0,0,0,0,0,0,0,0,0,0,0,0,0,0,0
2020-02-20,1,0,0,0,0,0,0,0,0,0,0,0,0,0,0,0,0,0,0,0,0,1,0,0,0,0,0,0,0,0,0,0,0,0,0,0,0,0,0,0,0,0,0,0,0,0
2020-02-21,0,0,0,0,0,0,0,0,0,0,0,0,0,0,0,0,0,0,0,0,0,0,0,0,0,0,0,0,0,0,0,0,0,0,0,0,0,0,0,0,0,0,0,0,0,0
2020-02-22,0,0,0,0,0,0,0,0,0,0,0,0,0,0,0,0,0,0,0,0,0,0,0,0,0,0,0,0,0,0,0,0,0,0,0,0,0,0,0,0,0,0,0,0,0,0
2020-02-23,0,0,0,0,0,0,0,0,0,0,0,0,0,0,0,0,0,0,0,0,0,0,0,0,0,0,0,0,0,0,0,0,0,0,0,0,0,0,0,0,0,0,0,0,0,0
2020-02-24,1,0,0,0,0,0,0,0,0,0,0,0,0,0,0,0,0,0,0,0,0,1,0,0,0,0,0,0,0,0,0,0,0,0,0,0,0,0,0,0,0,0,0,0,0,0
2020-02-25,2,0,0,0,0,0,1,0,0,0,0,0,0,0,0,0,0,0,0,0,1,0,0,0,0,0,0,0,0,0,0,0,0,0,0,0,0,0,0,0,0,0,0,0,0,0
2020-02-26,7,0,0,0,0,0,2,3,0,0,0,0,0,0,0,0,0,0,0,0,1,1,0,0,0,0,0,0,0,0,0,0,0,0,0,0,0,0,0,0,0,0,0,0,0,0
2020-02-27,24,0,0,0,0,0,6,3,2,0,0,0,0,0,0,0,0,0,0,1,5,7,0,0,0,0,0,0,0,0,0,0,0,0,0,0,0,0,0,0,0,0,0,0,0,0
2020-02-28,47,0,0,0,1,0,11,8,4,0,0,0,0,0,0,0,0,0,2,1,11,6,3,0,0,0,0,0,0,0,0,0,0,0,0,0,0,0,0,0,0,0,0,0,0,0
2020-02-29,22,0,0,0,0,1,6,8,0,0,0,0,0,0,0,0,0,0,0,0,2,4,1,0,0,0,0,0,0,0,0,0,0,0,0,0,0,0,0,0,0,0,0,0,0,0
2020-03-01,37,0,0,0,0,0,7,7,2,0,0,0,0,0,0,0,0,0,0,0,12,7,2,0,0,0,0,0,0,0,0,0,0,0,0,0,0,0,0,0,0,0,0,0,0,0
2020-03-02,41,0,0,0,0,0,8,13,5,1,0,0,0,0,0,0,0,0,0,0,7,4,3,0,0,0,0,0,0,0,0,0,0,0,0,0,0,0,0,0,0,0,0,0,0,0
2020-03-03,85,0,0,0,0,2,14,26,12,0,0,0,0,0,0,0,0,0,0,5,10,12,4,0,0,0,0,0,0,0,0,0,0,0,0,0,0,0,0,0,0,0,0,0,0,0
2020-03-04,154,2,0,0,0,0,23,44,10,2,0,0,0,0,0,1,0,0,0,3,33,34,3,2,0,0,0,0,0,0,1,0,0,0,0,0,0,0,0,0,0,0,0,0,0,0
2020-03-05,184,1,0,0,3,0,34,48,8,1,0,0,0,0,0,0,1,0,1,4,31,44,9,1,0,0,0,0,0,0,0,0,0,0,0,0,0,0,0,0,0,0,0,0,0,0
2020-03-06,186,4,0,0,2,4,18,59,18,2,0,0,0,0,0,1,0,0,0,2,18,44,14,5,0,0,0,0,0,0,3,0,0,0,0,0,0,0,0,0,0,0,0,0,0,0
2020-03-07,141,4,0,0,0,2,14,39,12,0,0,0,0,0,0,1,0,0,0,4,22,31,15,2,0,0,0,0,0,2,1,0,0,0,0,0,0,0,0,0,0,0,0,0,0,0
2020-03-08,101,1,0,0,2,0,11,34,5,1,0,0,0,0,1,0,0,0,0,5,12,26,4,1,0,0,0,0,0,0,0,0,0,0,0,0,0,0,0,0,0,0,0,0,0,0
2020-03-09,347,7,0,0,1,7,45,106,22,5,0,0,0,0,0,2,2,0,2,5,44,87,20,3,0,0,0,0,0,1,2,0,0,0,0,0,0,0,0,0,0,0,0,0,0,0
2020-03-10,601,4,0,0,1,10,90,177,64,8,0,0,0,0,0,1,3,0,1,10,64,133,37,6,0,0,0,0,0,0,0,0,0,0,0,0,0,0,0,0,0,0,0,0,0,0
2020-03-11,757,10,0,0,4,17,97,218,89,5,0,0,0,0,1,6,3,0,2,9,95,165,50,6,0,0,0,0,0,0,0,0,0,0,0,0,0,0,0,0,0,0,0,0,0,0
2020-03-12,990,13,0,0,4,9,116,357,83,9,0,0,0,0,3,4,4,0,1,6,97,243,57,7,0,0,0,0,0,0,2,0,0,0,0,0,0,0,0,0,0,0,0,0,0,0
2020-03-13,1452,16,0,0,2,20,166,493,127,12,0,0,0,0,2,2,6,0,0,17,178,334,87,16,0,0,0,0,0,1,5,0,0,0,0,0,0,0,0,0,0,0,0,0,0,0
2020-03-14,1307,20,0,0,9,12,182,417,95,13,0,0,0,0,1,7,9,0,3,20,164,316,66,10,0,0,0,0,0,1,2,0,0,0,0,0,0,0,0,0,0,0,0,0,0,0
2020-03-15,978,15,0,0,3,10,133,301,68,14,0,0,0,0,0,4,4,0,3,8,114,244,60,18,0,0,0,0,2,1,4,0,0,0,0,0,0,0,0,0,0,0,0,0,0,0
2020-03-16,2049,36,0,0,5,19,286,645,177,26,0,0,0,0,2,13,12,0,3,22,238,466,138,23,0,0,0,0,1,4,4,0,0,0,0,0,0,0,0,0,0,0,0,0,0,0
2020-03-17,3045,44,0,0,10,44,427,915,249,56,0,0,0,0,2,14,15,0,7,31,392,698,179,35,0,0,0,0,0,5,8,0,0,0,0,0,0,0,0,0,0,0,0,0,0,0
2020-03-18,3609,64,0,0,19,37,533,1138,318,50,0,0,0,1,3,20,23,0,10,22,447,754,234,44,0,0,0,0,1,8,8,0,0,0,0,0,0,0,0,0,0,0,0,0,0,0
2020-03-19,4057,65,0,0,16,24,584,1155,391,66,0,0,0,0,6,19,15,0,10,31,514,935,270,56,0,0,0,1,0,4,20,0,0,0,0,0,0,0,0,0,0,0,0,0,0,0
2020-03-20,4048,96,0,0,12,42,570,1084,373,77,0,0,0,0,6,25,28,0,8,47,533,907,301,86,0,0,0,0,1,8,28,0,0,0,0,0,0,0,0,0,0,0,0,0,0,0
2020-03-21,3355,95,0,0,13,41,469,834,347,71,0,0,0,0,4,30,32,0,14,24,458,722,280,80,0,0,0,0,0,10,18,0,0,0,0,0,0,0,0,0,0,0,0,0,0,0
2020-03-22,2267,78,0,0,11,22,292,585,221,63,0,0,0,0,7,28,20,0,5,14,295,501,202,52,0,0,0,0,1,8,14,0,0,0,0,0,0,0,0,0,0,0,0,0,0,0
2020-03-23,3729,132,0,0,20,42,483,942,395,99,0,0,0,1,6,37,39,0,11,29,474,813,333,86,0,0,0,0,4,18,27,0,0,0,0,0,0,0,0,0,0,0,0,0,0,0
2020-03-24,4884,166,0,0,25,39,607,1141,551,135,0,0,0,0,5,57,60,0,18,47,660,1107,396,153,0,0,0,0,2,14,28,0,0,0,0,0,0,0,0,0,0,0,0,0,0,0
2020-03-25,5688,216,0,0,12,62,651,1352,581,172,0,0,0,0,20,66,74,0,16,48,751,1371,507,161,0,0,0,0,5,19,31,0,0,0,0,0,0,0,0,0,0,0,0,0,0,0
2020-03-26,5914,264,0,0,21,52,728,1257,655,195,0,0,0,0,14,89,79,0,26,47,774,1393,539,220,0,0,0,1,5,20,56,0,0,0,0,0,0,0,0,0,0,0,0,0,0,0
2020-03-27,5992,264,0,0,20,56,681,1210,682,191,0,0,0,0,12,83,74,0,24,55,777,1388,597,304,0,0,0,0,3,21,71,0,0,0,0,0,0,0,0,0,0,0,0,0,0,0
2020-03-28,4731,246,0,0,26,50,562,899,554,197,0,0,0,0,9,60,78,0,14,49,619,1036,471,251,0,0,0,0,4,22,73,0,0,0,0,0,0,0,0,0,0,0,0,0,0,0
2020-03-29,3086,164,0,0,9,26,349,637,341,119,0,0,0,0,6,44,46,0,12,26,425,678,298,163,0,0,0,0,0,19,49,0,0,0,0,0,0,0,0,0,0,0,0,0,0,0
2020-03-30,4128,264,0,0,11,28,446,814,468,195,0,0,0,0,16,65,86,0,10,34,518,923,421,254,0,0,0,0,2,27,68,0,0,0,0,0,0,0,0,0,0,0,0,0,0,0
2020-03-31,6064,374,0,0,19,68,646,1148,705,280,0,0,0,0,12,96,114,0,26,69,737,1358,601,402,0,0,0,0,5,44,103,0,0,0,0,0,0,0,0,0,0,0,0,0,0,0
2020-04-01,6264,376,0,0,25,67,647,1076,722,271,0,0,0,1,8,92,109,0,32,67,790,1442,637,481,0,0,0,0,1,37,128,0,0,0,0,0,0,0,0,0,0,0,0,0,0,0
2020-04-02,6553,414,0,0,25,68,691,1140,680,302,0,0,0,0,9,74,127,0,22,50,810,1497,706,549,0,0,0,0,7,42,155,0,0,0,0,0,0,0,0,0,0,0,0,0,0,0
2020-04-03,6192,394,0,0,26,71,597,1032,649,292,0,0,0,2,7,61,103,0,22,55,798,1387,656,598,0,0,0,0,3,52,166,0,0,0,0,0,0,0,0,0,0,0,0,0,0,0
2020-04-04,4339,245,0,0,19,39,436,744,450,190,0,0,0,0,4,56,66,0,10,61,521,1019,459,386,0,0,0,0,4,19,96,0,0,0,0,0,0,0,0,0,0,0,0,0,0,0
2020-04-05,2553,181,0,0,16,21,284,442,258,136,0,0,0,0,3,35,55,0,10,22,295,561,263,243,0,0,0,0,2,21,65,0,0,0,0,0,0,0,0,0,0,0,0,0,0,0
2020-04-06,3673,292,0,0,18,39,400,582,424,197,0,0,0,0,11,63,90,0,10,25,446,799,363,366,0,0,0,0,2,25,101,0,0,0,0,0,0,0,0,0,0,0,0,0,0,0
2020-04-07,5196,336,0,0,38,54,481,896,528,254,0,0,0,1,13,67,98,0,21,52,699,1198,498,467,0,0,0,0,4,30,123,0,0,0,0,0,0,0,0,0,0,0,0,0,0,0
2020-04-08,5281,336,0,0,20,56,507,872,495,270,0,0,0,1,8,62,112,0,22,47,671,1244,543,528,0,1,0,0,11,32,109,0,0,0,0,0,0,0,0,0,0,0,0,0,0,0
2020-04-09,4916,326,0,0,14,53,575,827,486,255,0,0,0,0,12,71,87,0,12,39,602,1072,460,507,0,0,0,0,5,26,123,0,0,0,0,0,0,0,0,0,0,0,0,0,0,0
2020-04-10,3354,207,0,0,15,36,358,539,312,161,0,0,0,0,5,46,61,0,17,30,415,727,317,417,0,0,0,0,1,12,82,0,0,0,0,0,0,0,0,0,0,0,0,0,0,0
2020-04-11,2896,202,0,0,18,40,331,449,255,166,0,0,0,0,3,41,48,0,20,34,357,603,252,367,0,0,0,0,2,16,92,0,0,0,0,0,0,0,0,0,0,0,0,0,0,0
2020-04-12,1866,168,0,0,6,17,206,268,153,134,0,0,0,0,1,23,55,0,3,15,213,368,187,293,0,0,0,0,1,20,68,0,0,0,0,0,0,0,0,0,0,0,0,0,0,0
2020-04-13,1596,163,0,0,5,16,158,225,165,113,0,0,0,1,4,32,35,0,5,17,190,278,165,252,0,0,0,0,1,22,68,0,0,0,0,0,0,0,0,0,0,0,0,0,0,0
2020-04-14,2469,218,0,0,14,27,285,392,242,167,0,0,0,0,7,35,63,0,12,28,292,470,226,311,0,0,0,0,2,27,84,0,0,0,0,0,0,0,0,0,0,0,0,0,0,0
2020-04-15,3327,228,0,0,7,27,368,550,309,200,0,0,0,1,7,30,65,0,14,41,402,692,317,394,0,0,0,0,0,28,97,0,0,0,0,0,0,0,0,0,0,0,0,0,0,0
2020-04-16,3421,189,0,0,17,39,419,580,323,153,0,0,0,0,6,44,65,0,21,39,473,763,287,304,0,0,0,0,1,16,57,0,0,0,0,0,0,0,0,0,0,0,0,0,0,0
2020-04-17,3051,173,0,0,17,45,430,473,271,154,0,0,0,1,4,30,54,0,12,39,397,644,265,298,0,0,0,0,4,14,66,0,0,0,0,0,0,0,0,0,0,0,0,0,0,0
2020-04-18,2110,122,0,0,15,19,294,335,194,100,0,0,0,0,8,28,29,0,10,36,255,416,207,227,0,0,0,0,1,12,44,0,0,0,0,0,0,0,0,0,0,0,0,0,0,0
2020-04-19,1380,118,0,0,5,14,165,199,133,87,0,0,0,0,1,28,31,0,7,11,164,275,125,193,0,0,0,0,2,9,47,0,0,0,0,0,0,0,0,0,0,0,0,0,0,0
2020-04-20,1727,146,0,0,10,14,187,271,168,126,0,0,0,1,3,35,45,0,13,18,213,344,150,210,0,0,0,1,0,6,55,0,0,0,0,0,0,0,0,0,0,0,0,0,0,0
2020-04-21,2190,137,0,0,12,37,285,338,194,99,0,0,0,0,5,22,34,0,12,37,281,426,207,258,0,0,0,2,1,13,60,0,0,0,0,0,0,0,0,0,0,0,0,0,0,0
2020-04-22,2496,127,0,0,27,29,356,389,211,126,0,0,0,0,3,21,38,0,8,32,321,510,207,272,0,0,0,0,0,12,53,0,0,0,0,0,0,0,0,0,0,0,0,0,0,0
2020-04-23,2085,117,0,0,13,39,263,313,168,115,0,0,0,1,0,23,34,0,16,30,261,398,193,271,0,0,0,0,2,8,49,0,0,0,0,0,0,0,0,0,0,0,0,0,0,0
2020-04-24,1906,83,0,0,15,27,301,280,165,87,0,0,0,0,2,18,21,0,20,33,266,351,179,179,0,0,0,0,1,8,33,0,0,0,0,0,0,0,0,0,0,0,0,0,0,0
2020-04-25,1274,79,0,0,13,16,163,183,113,75,0,0,0,0,4,17,22,0,8,18,161,255,118,148,0,0,0,0,1,5,30,0,0,0,0,0,0,0,0,0,0,0,0,0,0,0
2020-04-26,706,28,0,0,11,2,118,105,56,39,0,0,0,0,0,2,8,0,4,10,82,131,62,85,0,0,0,0,1,6,11,0,0,0,0,0,0,0,0,0,0,0,0,0,0,0
2020-04-27,1117,74,0,0,8,22,190,169,121,51,0,0,0,0,2,15,19,0,8,17,138,198,99,96,0,0,0,0,2,17,19,0,0,0,0,0,0,0,0,0,0,0,0,0,0,0
2020-04-28,1461,81,0,0,13,25,213,222,127,91,0,0,0,1,1,16,29,0,16,15,197,299,119,124,0,0,0,0,1,10,23,0,0,0,0,0,0,0,0,0,0,0,0,0,0,0
2020-04-29,1436,59,0,0,11,30,204,227,119,63,0,0,0,0,0,10,22,0,7,18,198,274,132,151,0,0,0,0,1,8,18,0,0,0,0,0,0,0,0,0,0,0,0,0,0,0
2020-04-30,1461,68,0,0,10,19,220,225,131,70,0,0,0,0,2,16,24,0,10,24,173,295,128,155,0,0,0,0,1,3,22,0,0,0,0,0,0,0,0,0,0,0,0,0,0,0
2020-05-01,918,46,0,0,10,15,126,137,92,50,0,0,0,0,2,7,17,0,7,19,110,172,78,102,0,0,0,0,0,5,15,0,0,0,0,0,0,0,0,0,0,0,0,0,0,0
2020-05-02,621,34,0,0,11,19,93,99,54,34,0,0,0,0,3,9,10,0,6,17,87,109,44,47,0,0,0,0,0,1,11,0,0,0,0,0,0,0,0,0,0,0,0,0,0,0
2020-05-03,427,15,0,0,6,9,93,83,31,13,0,0,0,0,0,8,4,0,8,6,57,81,24,15,0,0,0,0,0,1,2,0,0,0,0,0,0,0,0,0,0,0,0,0,0,0
2020-05-04,724,40,0,0,9,15,115,110,65,38,0,0,0,0,1,10,12,0,14,6,102,135,50,63,0,0,0,0,0,4,13,0,0,0,0,0,0,0,0,0,0,0,0,0,0,0
2020-05-05,1092,43,0,0,13,20,169,200,96,42,0,0,0,0,1,6,15,0,15,19,136,204,91,87,0,0,0,0,1,5,15,0,0,0,0,0,0,0,0,0,0,0,0,0,0,0
2020-05-06,1214,39,0,0,15,23,169,207,102,52,0,0,0,0,1,6,9,0,15,19,159,240,96,116,0,0,0,0,0,5,18,0,0,0,0,0,0,0,0,0,0,0,0,0,0,0
2020-05-07,1196,49,0,0,11,26,166,223,99,50,0,0,0,0,0,9,16,0,7,18,182,224,100,90,0,0,0,0,1,7,16,0,0,0,0,0,0,0,0,0,0,0,0,0,0,0
2020-05-08,982,44,0,0,4,31,137,164,77,45,0,0,0,0,0,10,12,0,15,19,140,200,72,77,0,0,0,0,0,8,14,0,0,0,0,0,0,0,0,0,0,0,0,0,0,0
2020-05-09,678,23,0,0,8,8,111,126,58,22,0,0,0,0,3,7,7,0,4,12,83,133,57,55,0,0,0,0,1,1,4,0,0,0,0,0,0,0,0,0,0,0,0,0,0,0
2020-05-10,341,14,0,0,4,7,59,53,30,8,0,0,0,0,0,5,2,0,3,6,43,77,26,25,0,0,0,0,0,2,5,0,0,0,0,0,0,0,0,0,0,0,0,0,0,0
2020-05-11,684,23,0,0,4,15,139,130,45,27,0,0,0,0,0,2,7,0,9,17,79,125,45,48,0,0,0,0,1,2,11,0,0,0,0,0,0,0,0,0,0,0,0,0,0,0
2020-05-12,842,31,0,0,6,23,132,144,72,35,0,0,0,0,2,7,7,0,9,18,98,174,71,59,0,0,0,0,0,4,11,0,0,0,0,0,0,0,0,0,0,0,0,0,0,0
2020-05-13,907,26,0,0,14,18,131,151,71,44,0,0,0,0,1,5,7,0,13,16,115,198,59,76,0,0,0,0,0,4,9,0,0,0,0,0,0,0,0,0,0,0,0,0,0,0
2020-05-14,806,20,0,0,9,19,97,163,64,37,0,0,0,0,0,3,6,0,5,14,98,172,55,72,0,0,0,0,0,2,9,0,0,0,0,0,0,0,0,0,0,0,0,0,0,0
2020-05-15,715,31,0,0,6,19,130,123,55,28,0,0,0,0,1,4,13,0,10,18,89,120,52,64,0,0,0,0,0,4,9,0,0,0,0,0,0,0,0,0,0,0,0,0,0,0
2020-05-16,462,19,0,0,6,10,91,63,27,17,0,0,0,0,0,2,4,0,10,14,58,89,33,44,0,0,0,0,1,3,9,0,0,0,0,0,0,0,0,0,0,0,0,0,0,0
2020-05-17,316,8,0,0,10,10,71,53,21,4,0,0,0,0,0,5,1,0,4,15,45,57,14,10,0,0,0,0,1,1,0,0,0,0,0,0,0,0,0,0,0,0,0,0,0,0
2020-05-18,548,22,0,0,14,24,119,112,32,15,0,0,0,0,0,3,5,0,9,10,69,77,30,31,0,0,0,0,0,3,11,0,0,0,0,0,0,0,0,0,0,0,0,0,0,0
2020-05-19,730,27,0,0,17,16,107,121,43,39,0,0,0,0,1,2,11,0,10,9,108,147,49,64,0,0,0,0,2,2,9,0,0,0,0,0,0,0,0,0,0,0,0,0,0,0
2020-05-20,833,22,0,0,12,23,143,156,67,22,0,0,0,0,1,4,7,0,13,24,110,154,62,45,0,0,0,0,0,2,8,0,0,0,0,0,0,0,0,0,0,0,0,0,0,0
2020-05-21,418,7,0,0,6,21,71,71,17,12,0,0,0,0,1,0,2,0,7,11,61,74,32,33,0,0,0,0,0,1,3,0,0,0,0,0,0,0,0,0,0,0,0,0,0,0
2020-05-22,527,15,0,0,9,15,103,87,36,22,0,0,0,0,1,3,6,0,11,11,67,95,37,32,0,0,0,0,0,0,5,0,0,0,0,0,0,0,0,0,0,0,0,0,0,0
2020-05-23,338,11,0,0,2,10,48,48,34,13,0,0,0,0,0,2,2,0,3,8,47,66,28,27,0,0,0,0,0,1,6,0,0,0,0,0,0,0,0,0,0,0,0,0,0,0
2020-05-24,225,5,0,0,6,3,41,34,14,6,0,0,0,0,0,0,1,0,3,4,36,41,15,22,0,0,0,0,0,1,3,0,0,0,0,0,0,0,0,0,0,0,0,0,0,0
2020-05-25,414,13,0,0,9,16,72,73,32,16,0,0,0,0,0,0,5,0,3,7,48,76,33,28,0,0,0,0,0,2,6,0,0,0,0,0,0,0,0,0,0,0,0,0,0,0
2020-05-26,617,15,0,0,7,27,116,110,55,13,0,0,0,0,1,7,3,0,6,19,67,127,38,30,0,0,0,0,1,0,3,0,0,0,0,0,0,0,0,0,0,0,0,0,0,0
2020-05-27,647,12,0,0,7,13,130,117,52,12,0,0,0,0,1,3,2,0,7,22,93,112,49,31,0,0,0,0,0,2,4,0,0,0,0,0,0,0,0,0,0,0,0,0,0,0
2020-05-28,530,12,0,0,7,21,99,85,36,16,0,0,0,0,1,3,3,0,6,12,67,101,33,43,0,0,0,0,0,2,3,0,0,0,0,0,0,0,0,0,0,0,0,0,0,0
2020-05-29,448,7,0,0,5,16,72,82,27,17,0,0,0,0,0,1,3,0,6,23,56,83,27,32,0,0,0,0,0,0,3,0,0,0,0,0,0,0,0,0,0,0,0,0,0,0
2020-05-30,374,4,0,0,6,25,85,63,12,6,0,0,0,0,0,0,1,0,8,13,60,59,19,17,0,0,0,0,0,0,3,0,0,0,0,0,0,0,0,0,0,0,0,0,0,0
2020-05-31,179,3,0,0,7,6,33,25,12,4,0,0,0,0,0,1,1,0,4,11,34,20,14,7,0,0,0,0,0,0,1,0,0,0,0,0,0,0,0,0,0,0,0,0,0,0
2020-06-01,137,5,0,0,4,7,29,8,13,6,0,0,0,0,0,1,3,0,1,5,24,18,12,10,0,0,0,0,0,0,1,0,0,0,0,0,0,0,0,0,0,0,0,0,0,0
2020-06-02,305,8,0,0,16,11,52,40,21,10,0,0,0,0,0,1,2,0,5,12,52,50,21,15,0,0,0,0,0,0,5,0,0,0,0,0,0,0,0,0,0,0,0,0,0,0
2020-06-03,497,11,0,0,8,15,103,90,25,9,0,0,0,0,1,2,2,0,7,19,78,96,24,22,0,0,0,0,0,3,3,0,0,0,0,0,0,0,0,0,0,0,0,0,0,0
2020-06-04,528,7,0,0,11,30,115,104,28,5,0,0,0,0,0,1,1,0,9,29,75,75,21,22,0,0,0,0,1,1,3,0,0,0,0,0,0,0,0,0,0,0,0,0,0,0
2020-06-05,441,6,0,0,10,17,76,69,23,12,0,0,0,0,0,3,0,0,9,18,70,84,29,23,0,0,0,0,1,2,0,0,0,0,0,0,0,0,0,0,0,0,0,0,0,0
2020-06-06,284,5,0,0,7,12,50,49,14,7,0,0,0,0,0,0,0,0,7,11,48,46,20,13,0,0,0,0,1,2,2,0,0,0,0,0,0,0,0,0,0,0,0,0,0,0
2020-06-07,166,4,0,0,7,7,25,26,13,7,0,0,0,0,0,0,1,0,7,8,23,26,8,8,0,0,0,0,0,0,3,0,0,0,0,0,0,0,0,0,0,0,0,0,0,0
2020-06-08,299,3,0,0,9,17,55,51,15,3,0,0,0,0,1,0,2,0,9,13,51,45,15,12,0,0,0,0,0,0,0,0,0,0,0,0,0,0,0,0,0,0,0,0,0,0
2020-06-09,428,1,0,0,8,19,91,77,30,12,0,0,0,0,0,0,0,0,8,15,69,68,17,13,0,0,0,0,0,0,1,0,0,0,0,0,0,0,0,0,0,0,0,0,0,0
2020-06-10,519,10,0,0,12,25,111,102,23,7,0,0,0,0,2,4,0,0,11,24,66,83,32,22,0,0,0,0,0,1,3,0,0,0,0,0,0,0,0,0,0,0,0,0,0,0
2020-06-11,278,1,0,0,8,22,45,48,18,7,0,0,0,0,0,1,0,0,3,16,36,48,11,14,0,0,0,0,0,0,0,0,0,0,0,0,0,0,0,0,0,0,0,0,0,0
2020-06-12,349,10,0,0,10,14,72,62,13,13,0,0,0,0,1,1,2,0,7,22,46,45,16,28,0,0,0,0,0,1,5,0,0,0,0,0,0,0,0,0,0,0,0,0,0,0
2020-06-13,299,1,0,0,5,25,66,52,12,5,0,0,0,0,0,1,0,0,13,21,45,37,5,11,0,0,0,0,0,0,0,0,0,0,0,0,0,0,0,0,0,0,0,0,0,0
2020-06-14,172,6,0,0,5,2,33,36,8,3,0,0,0,0,0,1,1,0,3,6,32,21,11,12,0,0,0,0,0,0,4,0,0,0,0,0,0,0,0,0,0,0,0,0,0,0
2020-06-15,259,4,0,0,6,9,45,58,14,4,0,0,0,0,0,0,0,0,6,8,38,43,14,14,0,0,0,0,1,0,3,0,0,0,0,0,0,0,0,0,0,0,0,0,0,0
2020-06-16,540,10,0,0,8,29,111,106,22,9,0,0,0,0,1,3,3,0,18,20,80,97,21,18,0,0,0,0,0,2,1,0,0,0,0,0,0,0,0,0,0,0,0,0,0,0
2020-06-17,976,7,0,0,12,36,208,323,43,10,0,0,0,0,1,2,0,0,12,26,106,148,25,24,0,0,0,0,1,0,3,0,0,0,0,0,0,0,0,0,0,0,0,0,0,0
2020-06-18,635,3,0,0,17,29,116,137,24,10,0,0,0,0,0,0,0,0,11,44,108,99,29,11,0,0,0,0,1,0,2,0,0,0,0,0,0,0,0,0,0,0,0,0,0,0
2020-06-19,896,7,0,0,23,50,198,221,27,8,0,0,0,1,1,0,2,0,17,45,112,143,37,12,0,0,0,0,0,2,1,0,0,0,0,0,0,0,0,0,0,0,0,0,0,0
2020-06-20,529,4,0,0,9,24,130,128,24,6,0,0,0,0,0,1,0,0,8,27,65,82,17,9,0,0,0,0,0,1,2,0,0,0,0,0,0,0,0,0,0,0,0,0,0,0
2020-06-21,256,3,0,0,7,8,55,77,9,7,0,0,0,0,0,1,0,0,6,12,32,34,6,2,0,0,0,0,0,1,1,0,0,0,0,0,0,0,0,0,0,0,0,0,0,0
2020-06-22,486,1,0,0,11,26,100,139,19,5,0,0,0,0,0,0,0,0,7,21,52,83,12,9,0,0,0,0,0,0,1,0,0,0,0,0,0,0,0,0,0,0,0,0,0,0
2020-06-23,544,7,0,0,7,28,91,138,35,7,0,0,0,0,0,3,2,0,8,19,77,102,20,11,0,0,0,0,0,0,2,0,0,0,0,0,0,0,0,0,0,0,0,0,0,0
2020-06-24,502,2,0,0,13,17,102,118,21,4,0,0,0,0,0,2,0,0,7,18,76,88,23,14,0,0,0,0,0,0,0,0,0,0,0,0,0,0,0,0,0,0,0,0,0,0
2020-06-25,565,5,0,0,13,26,102,120,30,11,0,0,0,0,0,1,1,0,8,16,75,121,25,16,0,0,0,0,0,1,2,0,0,0,0,0,0,0,0,0,0,0,0,0,0,0
2020-06-26,575,6,0,0,12,28,117,115,22,9,0,0,0,0,2,0,1,0,16,36,94,89,26,11,0,0,0,0,0,2,1,0,0,0,0,0,0,0,0,0,0,0,0,0,0,0
2020-06-27,332,2,0,0,14,11,69,61,15,3,0,0,0,0,1,1,0,0,2,15,59,62,16,3,0,0,0,0,0,0,0,0,0,0,0,0,0,0,0,0,0,0,0,0,0,0
2020-06-28,200,0,0,0,8,12,38,38,5,3,0,0,0,0,0,0,0,0,10,13,26,40,1,5,0,0,0,0,0,0,0,0,0,0,0,0,0,0,0,0,0,0,0,0,0,0
2020-06-29,418,4,0,0,10,13,93,88,18,5,0,0,0,0,1,0,1,0,6,22,58,72,24,9,0,0,0,0,0,1,1,0,0,0,0,0,0,0,0,0,0,0,0,0,0,0
2020-06-30,460,1,0,0,10,20,96,90,27,7,0,0,0,0,0,0,0,0,12,18,75,69,25,11,0,0,0,0,0,1,0,0,0,0,0,0,0,0,0,0,0,0,0,0,0,0
2020-07-01,483,5,0,0,16,21,77,91,23,9,0,0,0,1,0,1,1,0,11,26,91,85,19,13,0,0,0,0,1,0,1,0,0,0,0,0,0,0,0,0,0,0,0,0,0,0
2020-07-02,471,4,0,0,4,10,107,105,25,4,0,0,0,0,0,1,1,0,14,20,78,84,12,8,0,0,0,0,0,0,2,0,0,0,0,0,0,0,0,0,0,0,0,0,0,0
2020-07-03,426,6,0,0,14,18,74,94,17,5,0,0,0,0,0,2,1,0,10,19,76,74,17,8,0,0,0,0,1,1,1,0,0,0,0,0,0,0,0,0,0,0,0,0,0,0
2020-07-04,293,2,0,0,6,10,53,48,16,6,0,0,0,0,0,1,0,0,14,13,50,49,18,10,0,0,0,0,0,1,0,0,0,0,0,0,0,0,0,0,0,0,0,0,0,0
2020-07-05,143,4,0,0,6,9,25,29,5,1,0,0,0,0,0,0,1,0,8,9,20,23,4,4,0,0,0,0,0,1,2,0,0,0,0,0,0,0,0,0,0,0,0,0,0,0
2020-07-06,320,6,0,0,11,20,57,74,13,1,0,0,0,1,1,0,0,0,13,19,47,40,15,7,0,0,0,0,0,2,2,0,0,0,0,0,0,0,0,0,0,0,0,0,0,0
2020-07-07,391,4,0,0,11,16,79,94,24,3,0,0,0,0,1,2,0,0,6,21,57,53,17,9,0,0,0,0,0,1,0,0,0,0,0,0,0,0,0,0,0,0,0,0,0,0
2020-07-08,451,6,0,0,13,20,88,97,26,7,0,0,0,0,0,1,2,0,12,21,61,71,26,9,0,0,0,0,0,0,3,0,0,0,0,0,0,0,0,0,0,0,0,0,0,0
2020-07-09,428,5,0,0,9,17,70,95,25,5,0,0,0,0,0,1,1,0,15,11,86,66,21,6,0,0,0,0,0,1,2,0,0,0,0,0,0,0,0,0,0,0,0,0,0,0
2020-07-10,425,3,0,0,13,18,105,85,16,5,0,0,0,0,1,0,1,0,15,15,67,56,22,6,0,0,0,0,0,0,1,0,0,0,0,0,0,0,0,0,0,0,0,0,0,0
2020-07-11,276,0,0,0,14,14,66,43,22,1,0,0,0,0,0,0,0,0,10,8,38,42,12,6,0,0,0,0,0,0,0,0,0,0,0,0,0,0,0,0,0,0,0,0,0,0
2020-07-12,131,1,0,0,2,6,24,35,6,1,0,0,0,0,0,1,0,0,2,8,26,9,6,5,0,0,0,0,0,0,0,0,0,0,0,0,0,0,0,0,0,0,0,0,0,0
2020-07-13,328,5,0,0,10,10,53,75,17,4,0,0,0,0,0,1,2,0,5,12,64,57,15,3,0,0,0,0,0,1,1,0,0,0,0,0,0,0,0,0,0,0,0,0,0,0
2020-07-14,464,2,0,0,7,33,84,101,20,2,0,0,0,0,1,0,0,0,8,22,91,68,20,8,0,0,0,0,0,0,1,0,0,0,0,0,0,0,0,0,0,0,0,0,0,0
2020-07-15,538,6,0,0,13,26,101,102,35,7,0,0,0,0,1,2,2,0,13,26,98,85,23,9,0,0,0,0,0,1,0,0,0,0,0,0,0,0,0,0,0,0,0,0,0,0
2020-07-16,556,7,0,0,23,27,96,112,27,8,0,0,0,0,0,3,3,0,10,19,102,90,30,11,0,0,0,0,0,0,1,0,0,0,0,0,0,0,0,0,0,0,0,0,0,0
2020-07-17,524,7,0,0,10,23,113,106,19,9,0,0,0,0,0,1,3,0,11,25,89,88,23,6,0,0,0,0,0,2,1,0,0,0,0,0,0,0,0,0,0,0,0,0,0,0
2020-07-18,428,0,0,0,12,21,72,88,24,2,0,0,0,0,0,0,0,0,7,17,74,80,18,10,0,0,0,0,0,0,0,0,0,0,0,0,0,0,0,0,0,0,0,0,0,0
2020-07-19,188,4,0,0,5,12,27,37,5,4,0,0,0,0,0,1,1,0,5,14,32,31,8,8,0,0,0,0,0,0,2,0,0,0,0,0,0,0,0,0,0,0,0,0,0,0
2020-07-20,456,4,0,0,11,22,99,86,20,3,0,0,0,0,0,1,1,0,10,13,88,72,21,8,0,0,0,0,1,0,1,0,0,0,0,0,0,0,0,0,0,0,0,0,0,0
2020-07-21,519,4,0,0,11,17,90,115,38,4,0,0,0,0,0,2,2,0,5,19,93,96,25,6,0,0,0,0,0,0,0,0,0,0,0,0,0,0,0,0,0,0,0,0,0,0
2020-07-22,697,9,0,0,14,29,128,161,29,8,0,0,0,0,0,3,2,0,10,34,114,126,29,13,0,0,0,0,0,0,4,0,0,0,0,0,0,0,0,0,0,0,0,0,0,0
2020-07-23,699,2,0,0,14,39,125,130,30,6,0,0,0,0,0,1,0,0,21,39,119,124,35,16,0,0,0,0,0,1,0,0,0,0,0,0,0,0,0,0,0,0,0,0,0,0
2020-07-24,809,10,0,0,15,46,157,167,41,4,0,0,0,0,1,5,1,0,22,31,143,141,24,15,0,0,0,0,0,0,3,0,0,0,0,0,0,0,0,0,0,0,0,0,0,0
2020-07-25,543,3,0,0,8,20,97,125,28,4,0,0,0,0,0,2,1,0,12,19,89,107,20,11,0,0,0,0,0,0,0,0,0,0,0,0,0,0,0,0,0,0,0,0,0,0
2020-07-26,211,0,0,0,3,7,40,55,7,2,0,0,0,0,0,0,0,0,3,5,33,44,9,3,0,0,0,0,0,0,0,0,0,0,0,0,0,0,0,0,0,0,0,0,0,0
2020-07-27,526,7,0,0,10,27,92,99,24,7,0,0,0,0,0,2,2,0,8,24,103,94,19,18,0,0,0,0,1,0,2,0,0,0,0,0,0,0,0,0,0,0,0,0,0,0
2020-07-28,749,4,0,0,16,36,134,153,43,15,0,0,0,0,0,2,1,0,11,42,120,143,24,10,0,0,0,0,0,0,1,0,0,0,0,0,0,0,0,0,0,0,0,0,0,0
2020-07-29,907,4,0,0,15,32,192,186,37,12,0,0,0,0,1,1,0,0,10,39,162,168,40,13,0,0,0,0,0,0,2,0,0,0,0,0,0,0,0,0,0,0,0,0,0,0
2020-07-30,855,6,0,0,19,47,154,152,41,7,0,0,0,0,0,2,2,0,10,39,172,160,29,18,0,0,0,0,0,1,1,0,0,0,0,0,0,0,0,0,0,0,0,0,0,0
2020-07-31,920,10,0,0,7,40,176,174,31,13,0,0,0,0,2,1,4,0,16,41,180,172,41,25,0,0,0,0,0,2,1,0,0,0,0,0,0,0,0,0,0,0,0,0,0,0
2020-08-01,561,1,0,0,9,37,115,93,17,5,0,0,0,0,0,1,0,0,8,21,104,122,20,9,0,0,0,0,0,0,0,0,0,0,0,0,0,0,0,0,0,0,0,0,0,0
2020-08-02,301,1,0,0,6,10,59,53,18,4,0,0,0,0,0,0,0,0,6,11,50,60,11,12,0,0,0,0,0,0,1,0,0,0,0,0,0,0,0,0,0,0,0,0,0,0
2020-08-03,792,8,0,0,15,35,166,149,29,10,0,0,0,0,2,1,3,0,15,34,132,152,30,15,0,0,0,0,0,0,2,0,0,0,0,0,0,0,0,0,0,0,0,0,0,0
2020-08-04,945,5,0,0,8,42,206,171,56,8,0,0,0,0,0,1,2,0,13,39,156,189,42,15,0,0,0,0,0,0,2,0,0,0,0,0,0,0,0,0,0,0,0,0,0,0
2020-08-05,1114,2,0,0,11,63,252,217,41,8,0,0,0,0,0,0,1,0,15,59,215,169,45,10,0,0,0,0,0,1,0,0,0,0,0,0,0,0,0,0,0,0,0,0,0,0
2020-08-06,1167,6,0,0,18,67,255,228,58,9,0,0,0,0,0,1,2,0,23,57,190,196,41,22,0,0,0,0,0,0,3,0,0,0,0,0,0,0,0,0,0,0,0,0,0,0
2020-08-07,1007,5,0,0,24,61,239,203,40,6,0,0,0,0,1,1,1,0,14,62,155,165,23,9,0,0,0,0,0,0,2,0,0,0,0,0,0,0,0,0,0,0,0,0,0,0
2020-08-08,710,2,0,0,9,45,163,106,25,9,0,0,0,0,0,0,1,0,9,46,138,124,25,9,0,0,0,0,0,0,1,0,0,0,0,0,0,0,0,0,0,0,0,0,0,0
2020-08-09,319,2,0,0,6,24,78,59,6,3,0,0,0,0,0,0,1,0,9,14,57,47,9,5,0,0,0,0,0,0,1,0,0,0,0,0,0,0,0,0,0,0,0,0,0,0
2020-08-10,1102,2,0,0,18,50,229,205,34,15,0,0,0,0,0,1,0,0,20,71,215,201,26,13,0,0,0,0,0,0,1,0,0,0,0,0,0,0,0,0,0,0,0,0,0,0
2020-08-11,1193,2,0,0,19,70,284,229,37,10,0,0,0,0,0,0,1,0,22,67,229,180,32,12,0,0,0,0,0,0,1,0,0,0,0,0,0,0,0,0,0,0,0,0,0,0
2020-08-12,1544,10,0,0,36,122,350,251,48,12,0,0,0,0,0,0,4,0,27,86,304,235,50,19,0,0,0,0,1,1,4,0,0,0,0,0,0,0,0,0,0,0,0,0,0,0
2020-08-13,1492,2,0,0,24,83,395,266,38,7,0,0,0,0,0,1,0,0,29,91,280,228,33,15,0,0,0,0,0,0,1,0,0,0,0,0,0,0,0,0,0,0,0,0,0,0
2020-08-14,1374,5,0,0,19,90,361,219,37,12,0,0,0,0,0,1,2,0,20,63,273,222,43,14,0,0,0,0,0,1,1,0,0,0,0,0,0,0,0,0,0,0,0,0,0,0
2020-08-15,753,4,0,0,14,47,170,123,28,8,0,0,0,0,0,0,0,0,13,55,145,111,23,14,0,0,0,0,1,0,3,0,0,0,0,0,0,0,0,0,0,0,0,0,0,0
2020-08-16,492,5,0,0,5,34,121,91,9,5,0,0,0,0,0,2,2,0,10,23,84,88,15,5,0,0,0,0,0,1,0,0,0,0,0,0,0,0,0,0,0,0,0,0,0,0
2020-08-17,1554,7,0,0,24,87,421,282,42,4,0,0,0,0,2,3,0,0,25,76,308,225,38,10,0,0,0,0,0,0,2,0,0,0,0,0,0,0,0,0,0,0,0,0,0,0
2020-08-18,1534,9,0,0,32,80,424,266,43,8,0,0,0,0,0,2,3,0,19,73,300,226,45,6,0,0,0,0,0,1,3,0,0,0,0,0,0,0,0,0,0,0,0,0,0,0
2020-08-19,1754,1,0,0,19,86,479,277,50,6,0,0,0,0,0,1,0,0,19,87,391,271,42,12,0,0,0,0,0,0,0,0,0,0,0,0,0,0,0,0,0,0,0,0,0,0
2020-08-20,1625,7,0,0,21,84,450,296,57,9,0,0,0,0,0,3,0,0,25,59,333,233,40,10,0,0,0,0,1,2,1,0,0,0,0,0,0,0,0,0,0,0,0,0,0,0
2020-08-21,1660,3,0,0,22,103,421,286,47,9,0,0,0,0,0,0,1,0,25,70,335,282,31,13,0,0,0,1,0,1,0,0,0,0,0,0,0,0,0,0,0,0,0,0,0,0
2020-08-22,906,2,0,0,13,35,235,153,29,8,0,0,0,0,1,0,0,0,17,48,187,147,28,4,0,0,0,0,0,1,0,0,0,0,0,0,0,0,0,0,0,0,0,0,0,0
2020-08-23,561,0,0,0,10,28,145,105,18,3,0,0,0,0,0,0,0,0,10,30,115,84,10,2,0,0,0,0,0,0,0,0,0,0,0,0,0,0,0,0,0,0,0,0,0,0
2020-08-24,1429,5,0,0,14,73,365,269,38,5,0,0,0,0,0,1,1,0,24,72,311,200,42,11,0,0,0,0,0,2,1,0,0,0,0,0,0,0,0,0,0,0,0,0,0,0
2020-08-25,1480,2,0,0,19,64,360,244,47,8,0,0,0,0,0,2,0,0,18,76,335,227,66,11,0,0,0,0,0,0,0,0,0,0,0,0,0,0,0,0,0,0,0,0,0,0
2020-08-26,1611,3,0,0,15,83,450,266,41,13,0,0,0,0,2,0,0,0,18,81,328,238,47,7,0,0,0,0,0,1,0,0,0,0,0,0,0,0,0,0,0,0,0,0,0,0
2020-08-27,1544,1,0,0,25,70,401,251,62,5,0,0,0,0,0,0,1,0,8,64,331,259,44,8,0,0,0,0,0,0,0,0,0,0,0,0,0,0,0,0,0,0,0,0,0,0
2020-08-28,1382,3,0,0,20,62,376,246,32,6,0,0,0,0,0,0,0,0,16,58,302,194,37,22,0,0,0,0,0,0,3,0,0,0,0,0,0,0,0,0,0,0,0,0,0,0
2020-08-29,831,2,0,0,14,36,229,132,23,2,0,0,0,0,1,0,0,0,15,42,164,140,25,6,0,0,0,0,0,0,1,0,0,0,0,0,0,0,0,0,0,0,0,0,0,0
2020-08-30,537,3,0,0,7,27,136,89,12,2,0,0,0,0,0,1,1,0,9,19,119,91,17,5,0,0,0,0,0,1,0,0,0,0,0,0,0,0,0,0,0,0,0,0,0,0
2020-08-31,1185,4,0,0,17,42,337,203,36,7,0,0,0,0,0,1,1,0,12,45,263,181,31,6,0,0,0,0,0,0,2,0,0,0,0,0,0,0,0,0,0,0,0,0,0,0
2020-09-01,1318,3,0,0,15,55,390,216,50,5,0,0,0,0,0,2,0,0,17,45,271,206,36,7,0,0,0,0,0,1,0,0,0,0,0,0,0,0,0,0,0,0,0,0,0,0
2020-09-02,1412,3,0,0,14,53,404,258,42,7,0,0,0,0,0,0,1,0,17,50,291,209,37,16,0,0,0,0,0,1,1,0,0,0,0,0,0,0,0,0,0,0,0,0,0,0
2020-09-03,1520,7,0,0,18,74,388,260,69,7,0,0,0,0,1,4,0,0,23,61,342,216,44,11,0,0,0,0,0,1,1,0,0,0,0,0,0,0,0,0,0,0,0,0,0,0
2020-09-04,1493,7,0,0,27,78,368,261,45,6,0,0,0,0,0,3,2,0,18,73,320,233,45,9,0,0,0,0,1,0,1,0,0,0,0,0,0,0,0,0,0,0,0,0,0,0
2020-09-05,1105,6,0,0,19,52,230,213,36,6,0,0,0,0,0,1,2,0,12,48,237,186,44,15,0,0,0,0,0,1,2,0,0,0,0,0,0,0,0,0,0,0,0,0,0,0
2020-09-06,578,5,0,0,10,30,122,92,26,4,0,0,0,0,0,1,1,0,10,34,128,99,12,4,0,0,0,0,0,1,2,0,0,0,0,0,0,0,0,0,0,0,0,0,0,0
2020-09-07,1418,5,0,0,15,67,351,227,42,13,0,0,0,0,2,0,2,0,18,66,292,243,58,16,0,0,0,0,0,0,1,0,0,0,0,0,0,0,0,0,0,0,0,0,0,0
2020-09-08,1374,16,0,0,14,61,294,237,76,11,0,0,0,0,2,5,3,0,11,55,289,230,55,27,0,0,0,0,0,0,6,0,0,0,0,0,0,0,0,0,0,0,0,0,0,0
2020-09-09,1755,9,0,0,20,71,389,316,63,22,0,0,0,0,0,0,6,0,12,75,346,321,83,24,0,0,0,0,0,1,2,0,0,0,0,0,0,0,0,0,0,0,0,0,0,0
2020-09-10,1584,6,0,0,30,72,399,265,68,21,0,0,0,0,1,1,2,0,17,54,314,261,67,11,0,0,0,0,1,0,1,0,0,0,0,0,0,0,0,0,0,0,0,0,0,0
2020-09-11,1655,11,0,0,23,70,394,289,75,21,0,0,0,0,0,3,3,0,22,68,310,261,85,32,0,0,0,0,0,4,1,0,0,0,0,0,0,0,0,0,0,0,0,0,0,0
2020-09-12,1224,5,0,0,18,48,282,207,53,16,0,0,0,0,2,1,1,0,16,43,248,198,65,18,0,0,0,0,0,0,1,0,0,0,0,0,0,0,0,0,0,0,0,0,0,0
2020-09-13,757,7,0,0,4,35,195,120,32,9,0,0,0,0,0,2,1,0,6,28,155,117,33,19,0,0,0,0,0,1,3,0,0,0,0,0,0,0,0,0,0,0,0,0,0,0
2020-09-14,1484,5,0,0,21,57,350,280,78,12,0,0,0,0,0,1,3,0,12,48,271,269,56,17,0,0,0,0,0,0,1,0,0,0,0,0,0,0,0,0,0,0,0,0,0,0
2020-09-15,2004,13,0,0,23,66,433,344,106,27,0,0,0,0,1,2,4,0,15,56,453,317,111,43,0,0,0,0,0,2,4,0,0,0,0,0,0,0,0,0,0,0,0,0,0,0
2020-09-16,2193,15,0,0,30,79,467,390,114,20,0,0,0,0,0,6,5,0,24,83,443,383,98,48,0,0,0,0,0,2,2,0,0,0,0,0,0,0,0,0,0,0,0,0,0,0
2020-09-17,2344,7,0,0,34,88,514,427,116,36,0,0,0,0,0,3,1,0,31,82,469,384,103,41,0,0,0,0,0,1,2,0,0,0,0,0,0,0,0,0,0,0,0,0,0,0
2020-09-18,2166,14,0,0,25,82,495,372,98,31,0,0,0,0,0,2,9,0,24,70,444,365,114,35,0,0,0,0,0,2,1,0,0,0,0,0,0,0,0,0,0,0,0,0,0,0
2020-09-19,1390,12,0,0,16,49,310,216,94,11,0,0,0,0,1,5,1,0,15,54,272,258,59,31,0,0,0,0,0,0,5,0,0,0,0,0,0,0,0,0,0,0,0,0,0,0
2020-09-20,686,10,0,0,6,25,149,107,35,7,0,0,0,0,0,5,2,0,7,26,135,135,35,13,0,0,0,0,0,2,1,0,0,0,0,0,0,0,0,0,0,0,0,0,0,0
2020-09-21,1651,18,0,0,20,52,396,304,77,17,0,0,0,0,1,6,4,0,24,63,317,237,97,32,0,0,0,0,1,0,5,0,0,0,0,0,0,0,0,0,0,0,0,0,0,0
2020-09-22,1818,15,0,0,24,64,398,313,97,28,0,0,0,0,0,4,8,0,19,51,392,297,84,35,0,0,0,0,0,0,3,0,0,0,0,0,0,0,0,0,0,0,0,0,0,0
2020-09-23,2203,10,0,0,28,69,452,432,120,29,0,0,0,1,0,1,1,0,19,69,423,386,120,43,0,0,0,0,0,2,5,0,0,0,0,0,0,0,0,0,0,0,0,0,0,0
2020-09-24,2399,17,0,0,24,107,536,435,117,29,0,0,0,0,1,1,6,0,19,79,482,377,141,43,0,0,0,0,1,3,5,0,0,0,0,0,0,0,0,0,0,0,0,0,0,0
2020-09-25,2322,14,0,0,32,110,472,435,121,20,0,0,0,0,0,4,7,0,24,84,436,435,96,30,0,0,0,0,0,2,1,0,0,0,0,0,0,0,0,0,0,0,0,0,0,0
2020-09-26,1785,23,0,0,18,79,346,324,83,21,0,0,0,0,0,9,2,0,21,68,344,313,95,67,0,0,0,0,0,1,11,0,0,0,0,0,0,0,0,0,0,0,0,0,0,0
2020-09-27,880,7,0,0,14,44,185,160,48,7,0,0,0,0,1,2,2,0,14,26,158,158,37,22,0,0,0,0,0,0,2,0,0,0,0,0,0,0,0,0,0,0,0,0,0,0
2020-09-28,1815,17,0,0,16,65,386,354,103,21,0,0,0,0,1,5,4,0,10,60,338,303,96,50,0,0,0,0,0,2,5,0,0,0,0,0,0,0,0,0,0,0,0,0,0,0
2020-09-29,2162,15,0,0,30,85,448,356,138,32,0,0,0,1,0,6,6,0,30,87,411,378,120,39,0,0,0,0,0,1,1,0,0,0,0,0,0,0,0,0,0,0,0,0,0,0
2020-09-30,2732,16,0,0,36,109,592,514,145,31,0,0,0,0,1,3,6,0,22,90,487,495,136,57,0,0,0,0,0,2,4,0,0,0,0,0,0,0,0,0,0,0,0,0,0,0
2020-10-01,2911,24,0,0,31,112,632,554,167,41,0,0,0,0,1,5,12,0,27,90,540,502,161,44,0,0,0,0,1,0,5,0,0,0,0,0,0,0,0,0,0,0,0,0,0,0
2020-10-02,2914,21,0,0,19,103,626,502,142,61,0,0,0,0,1,4,8,0,32,94,526,521,167,106,0,0,0,0,0,3,5,0,0,0,0,0,0,0,0,0,0,0,0,0,0,0
2020-10-03,2211,11,0,0,15,77,459,418,153,34,0,0,0,0,1,4,4,0,26,69,395,371,134,46,0,0,0,0,0,0,2,0,0,0,0,0,0,0,0,0,0,0,0,0,0,0
2020-10-04,1152,9,0,0,16,52,248,217,59,14,0,0,0,0,0,1,2,0,13,36,214,187,63,22,0,0,0,0,1,2,3,0,0,0,0,0,0,0,0,0,0,0,0,0,0,0
2020-10-05,2404,34,0,0,20,74,450,468,159,44,0,0,0,0,0,4,14,0,13,72,461,437,127,63,0,0,0,0,0,4,12,0,0,0,0,0,0,0,0,0,0,0,0,0,0,0
2020-10-06,3599,27,0,0,46,124,732,653,220,46,0,0,0,0,0,6,11,0,48,137,648,661,195,65,0,0,0,0,0,2,8,0,0,0,0,0,0,0,0,0,0,0,0,0,0,0
2020-10-07,4484,31,0,0,39,158,875,864,280,56,0,0,0,0,2,6,7,0,27,131,790,889,260,96,0,0,0,0,3,4,9,0,0,0,0,0,0,0,0,0,0,0,0,0,0,0
2020-10-08,4686,37,0,0,49,156,944,910,288,65,0,0,0,0,1,7,9,0,43,151,819,845,267,103,0,0,0,0,0,6,14,0,0,0,0,0,0,0,0,0,0,0,0,0,0,0
2020-10-09,5056,37,0,0,60,172,1004,937,262,61,0,0,0,0,0,5,9,0,49,156,926,957,305,134,0,0,0,0,1,6,16,0,0,0,0,0,0,0,0,0,0,0,0,0,0,0
2020-10-10,3630,37,0,0,36,156,727,679,194,58,0,0,0,0,1,7,14,0,29,101,631,696,204,88,0,0,0,0,0,1,14,0,0,0,0,0,0,0,0,0,0,0,0,0,0,0
2020-10-11,2276,22,0,0,35,80,470,411,144,40,0,0,0,0,0,4,7,0,21,85,386,403,140,40,0,0,0,0,0,5,6,0,0,0,0,0,0,0,0,0,0,0,0,0,0,0
2020-10-12,4186,58,0,0,47,148,829,768,242,80,0,0,0,0,0,9,23,0,45,125,762,739,234,133,0,0,0,0,0,8,18,0,0,0,0,0,0,0,0,0,0,0,0,0,0,0
2020-10-13,5376,53,0,0,53,147,1042,1061,347,69,0,0,0,0,4,11,17,0,48,195,935,967,330,120,0,0,0,0,0,4,17,0,0,0,0,0,0,0,0,0,0,0,0,0,0,0
2020-10-14,7237,57,0,0,104,239,1355,1382,449,104,0,0,0,0,2,14,14,0,75,209,1276,1326,453,207,0,0,0,0,1,4,22,0,0,0,0,0,0,0,0,0,0,0,0,0,0,0
2020-10-15,7889,71,0,0,75,247,1549,1505,500,112,0,0,0,0,6,12,25,0,80,245,1384,1454,495,190,0,0,0,0,0,3,25,0,0,0,0,0,0,0,0,0,0,0,0,0,0,0
2020-10-16,7965,83,0,0,88,247,1594,1486,518,144,0,0,0,0,2,16,30,0,85,214,1361,1422,482,255,0,0,0,0,1,3,31,0,0,0,0,0,0,0,0,0,0,0,0,0,0,0
2020-10-17,5687,51,0,0,50,165,1105,1034,368,79,0,0,0,0,1,8,15,0,50,166,977,1123,356,179,0,0,0,0,1,4,22,0,0,0,0,0,0,0,0,0,0,0,0,0,0,0
2020-10-18,3676,47,0,0,45,122,732,663,229,82,0,0,0,0,1,9,22,0,33,126,657,652,221,93,0,0,0,0,1,1,13,0,0,0,0,0,0,0,0,0,0,0,0,0,0,0
2020-10-19,6453,78,0,0,82,212,1227,1228,401,105,0,0,0,0,5,14,26,0,68,217,1078,1204,391,180,0,0,0,0,0,8,25,0,0,0,0,0,0,0,0,0,0,0,0,0,0,0
2020-10-20,9446,112,0,0,81,283,1728,1909,648,201,0,0,0,0,3,30,37,0,87,282,1512,1714,613,307,0,0,0,0,2,9,31,0,0,0,0,0,0,0,0,0,0,0,0,0,0,0
2020-10-21,12377,124,0,0,119,377,2215,2459,785,219,0,0,0,0,5,23,34,0,114,354,2109,2395,771,366,0,0,0,0,1,15,46,0,0,0,0,0,0,0,0,0,0,0,0,0,0,0
2020-10-22,13867,169,0,0,140,395,2542,2662,876,276,0,0,0,0,2,28,52,0,117,392,2390,2574,903,478,0,0,0,0,2,27,58,0,0,0,0,0,0,0,0,0,0,0,0,0,0,0
2020-10-23,14036,174,0,0,137,428,2552,2640,874,256,0,0,0,0,3,34,58,0,125,407,2413,2704,907,470,0,0,0,0,1,14,64,0,0,0,0,0,0,0,0,0,0,0,0,0,0,0
2020-10-24,11099,97,0,0,115,383,1992,2103,716,189,0,0,0,0,2,20,30,0,105,354,1900,2137,696,356,0,0,0,0,2,10,33,0,0,0,0,0,0,0,0,0,0,0,0,0,0,0
2020-10-25,7486,104,0,0,89,225,1307,1386,493,156,0,0,0,0,5,15,31,0,60,211,1272,1390,517,279,0,0,0,0,1,10,40,0,0,0,0,0,0,0,0,0,0,0,0,0,0,0
2020-10-26,12012,185,0,0,151,349,2139,2228,808,254,0,0,0,0,6,37,53,0,119,357,1972,2198,813,492,0,0,0,0,1,17,70,0,0,0,0,0,0,0,0,0,0,0,0,0,0,0
2020-10-27,15969,204,0,0,160,464,2739,3107,1090,304,0,0,0,3,8,37,62,0,138,416,2622,3128,1070,559,0,0,0,0,1,18,75,0,0,0,0,0,0,0,0,0,0,0,0,0,0,0
2020-10-28,19275,193,0,0,188,606,3295,3792,1309,352,0,0,0,0,7,45,59,0,187,567,2999,3859,1291,666,0,0,0,1,3,14,64,0,0,0,0,0,0,0,0,0,0,0,0,0,0,0
2020-10-29,19864,219,0,0,201,598,3399,3820,1333,376,0,0,1,0,3,45,74,0,180,603,3224,3963,1340,647,0,0,0,0,3,26,67,0,0,0,0,0,0,0,0,0,0,0,0,0,0,0
2020-10-30,19423,203,0,0,198,656,3342,3630,1267,354,0,0,0,0,3,33,74,0,169,628,3253,3777,1306,654,0,0,0,0,5,14,74,0,0,0,0,0,0,0,0,0,0,0,0,0,0,0
2020-10-31,14029,157,0,0,139,481,2362,2669,981,280,0,0,0,0,5,31,54,0,138,408,2270,2620,968,531,0,0,0,0,2,9,56,0,0,0,0,0,0,0,0,0,0,0,0,0,0,0
2020-11-01,10544,136,0,0,132,375,1839,1997,681,222,0,0,0,0,6,31,36,0,118,299,1743,1925,715,371,0,0,0,0,0,17,46,0,0,0,0,0,0,0,0,0,0,0,0,0,0,0
2020-11-02,15260,211,0,0,158,487,2605,2785,996,336,0,0,0,0,5,40,76,0,144,444,2607,2893,995,630,0,0,0,0,2,14,73,0,0,0,0,0,0,0,0,0,0,0,0,0,0,0
2020-11-03,19340,251,0,0,185,590,3248,3706,1328,431,0,0,0,0,3,58,84,0,187,564,3121,3790,1281,643,0,0,0,0,6,22,77,0,0,0,0,0,0,0,0,0,0,0,0,0,0,0
2020-11-04,21193,253,0,0,184,632,3412,4056,1449,429,0,0,0,0,4,39,83,0,172,619,3229,4370,1507,879,0,0,0,1,4,22,100,0,0,0,0,0,0,0,0,0,0,0,0,0,0,0
2020-11-05,22269,259,0,0,204,727,3763,4101,1511,457,0,0,0,0,4,47,82,0,192,676,3614,4348,1587,833,0,0,0,0,5,25,95,0,0,0,0,0,0,0,0,0,0,0,0,0,0,0
2020-11-06,21603,175,0,0,236,748,3636,4033,1437,458,0,0,0,1,6,29,68,0,191,660,3546,4140,1508,713,0,1,0,0,2,13,54,0,0,0,0,0,0,0,0,0,0,0,0,0,0,0
2020-11-07,15899,168,0,0,173,607,2673,2855,1089,338,0,0,0,1,7,32,48,0,167,534,2557,3057,1053,610,0,0,0,0,1,16,63,0,0,0,0,0,0,0,0,0,0,0,0,0,0,0
2020-11-08,10183,109,0,0,110,384,1628,1850,726,233,0,0,0,0,0,21,37,0,90,327,1637,1933,707,402,0,1,0,0,0,9,41,0,0,0,0,0,0,0,0,0,0,0,0,0,0,0
2020-11-09,15990,228,0,0,139,573,2647,2890,1070,403,0,0,0,0,6,39,96,0,146,515,2710,3007,1033,585,0,0,0,0,2,17,67,0,0,0,0,0,0,0,0,0,0,0,0,0,0,0
2020-11-10,19628,257,0,0,186,657,3150,3668,1316,461,0,0,0,0,11,36,87,0,189,615,3048,3960,1308,808,0,0,0,0,4,26,92,0,0,0,0,0,0,0,0,0,0,0,0,0,0,0
2020-11-11,22623,295,0,0,205,800,3672,4163,1557,505,0,0,0,1,4,51,88,0,185,699,3575,4408,1514,1062,0,0,0,0,2,32,117,0,0,0,0,0,0,0,0,0,0,0,0,0,0,0
2020-11-12,23502,293,0,0,196,844,3681,4290,1623,531,0,0,0,0,7,38,91,0,215,791,3716,4627,1602,993,0,1,0,1,5,28,120,0,0,0,0,0,0,0,0,0,0,0,0,0,0,0
2020-11-13,21382,275,0,0,211,784,3316,3877,1469,553,0,0,0,1,7,50,88,0,200,731,3410,4128,1464,990,0,0,0,0,2,21,105,0,0,0,0,0,0,0,0,0,0,0,0,0,0,0
2020-11-14,15780,236,0,0,170,588,2399,2768,1061,450,0,0,0,0,9,30,80,0,157,564,2385,3118,1108,846,0,0,0,0,2,15,100,0,0,0,0,0,0,0,0,0,0,0,0,0,0,0
2020-11-15,8831,149,0,0,92,361,1323,1562,623,230,0,0,0,0,0,19,57,0,83,298,1325,1737,611,469,0,0,0,0,1,16,56,0,0,0,0,0,0,0,0,0,0,0,0,0,0,0
2020-11-16,14725,278,0,0,159,489,2219,2508,1052,413,0,0,0,1,4,44,90,0,118,510,2274,2918,1027,852,0,0,0,0,3,28,108,0,0,0,0,0,0,0,0,0,0,0,0,0,0,0
2020-11-17,20359,309,0,0,168,693,2924,3868,1413,565,0,0,0,0,8,50,108,0,158,549,3030,4160,1509,1098,0,0,0,0,2,33,106,0,0,0,0,0,0,0,0,0,0,0,0,0,0,0
2020-11-18,23689,340,0,0,203,914,3589,4300,1601,566,0,0,0,0,2,51,119,0,188,803,3544,4807,1608,1279,0,0,0,0,2,23,142,0,0,0,0,0,0,0,0,0,0,0,0,0,0,0
2020-11-19,23698,324,0,0,222,909,3516,4145,1707,623,0,1,0,0,7,55,88,0,197,796,3548,4691,1638,1404,0,0,0,2,4,28,139,0,0,0,0,0,0,0,0,0,0,0,0,0,0,0
2020-11-20,22333,256,0,0,241,827,3283,4073,1526,599,0,0,0,0,2,38,71,0,221,771,3292,4416,1562,1262,0,0,0,0,3,21,120,0,0,0,0,0,0,0,0,0,0,0,0,0,0,0
2020-11-21,14800,157,0,0,146,592,2101,2507,1049,384,0,0,0,0,2,24,56,0,137,542,2224,3105,1092,809,0,0,0,1,1,11,61,0,0,0,0,0,0,0,0,0,0,0,0,0,0,0
2020-11-22,8847,130,0,0,106,356,1223,1528,657,295,0,0,0,0,2,18,45,0,85,310,1260,1685,651,588,0,0,0,0,1,11,53,0,0,0,0,0,0,0,0,0,0,0,0,0,0,0
2020-11-23,15142,234,0,0,151,587,2098,2572,1070,482,0,0,0,0,0,42,67,0,140,563,2255,3040,1072,947,0,0,0,0,1,30,92,0,0,0,0,0,0,0,0,0,0,0,0,0,0,0
2020-11-24,19389,193,0,0,168,700,2691,3545,1329,554,0,0,0,0,4,23,58,0,130,627,2808,4030,1442,1138,0,0,0,0,1,20,86,0,0,0,0,0,0,0,0,0,0,0,0,0,0,0
2020-11-25,22112,203,0,0,232,814,3116,3946,1503,633,0,0,0,0,1,32,70,0,214,751,3221,4472,1557,1381,0,0,0,0,3,12,84,0,0,0,0,0,0,0,0,0,0,0,0,0,0,0
2020-11-26,22748,214,0,0,220,782,3155,3989,1535,717,0,1,0,0,2,22,64,0,213,710,3169,4521,1758,1722,0,0,0,0,2,25,98,0,0,0,0,0,0,0,0,0,0,0,0,0,0,0
2020-11-27,20081,187,0,0,170,799,2678,3364,1443,714,0,0,0,0,1,21,62,0,202,646,2767,3976,1489,1578,0,1,0,1,0,19,82,0,0,0,0,0,0,0,0,0,0,0,0,0,0,0
2020-11-28,14917,112,0,0,147,587,1962,2613,1072,447,0,0,0,0,1,17,41,0,141,552,2058,3022,1127,987,0,0,0,0,2,12,39,0,0,0,0,0,0,0,0,0,0,0,0,0,0,0
2020-11-29,8807,85,0,0,95,360,1153,1479,629,329,0,0,0,0,3,18,25,0,82,333,1189,1665,676,655,0,0,0,0,0,6,33,0,0,0,0,0,0,0,0,0,0,0,0,0,0,0
2020-11-30,13278,121,0,0,127,464,1863,2190,1021,495,0,0,0,0,1,22,35,0,117,414,1859,2468,1029,1036,0,0,0,0,1,14,48,0,0,0,0,0,0,0,0,0,0,0,0,0,0,0
2020-12-01,19125,118,0,0,159,641,2483,3392,1416,646,0,0,0,0,1,16,43,0,192,589,2736,3848,1460,1335,0,0,0,0,1,13,43,0,0,0,0,0,0,0,0,0,0,0,0,0,0,0
2020-12-02,23050,92,0,0,197,799,2995,4095,1661,717,0,0,0,0,1,10,30,0,203,721,3267,4812,1761,1515,0,0,0,0,1,7,42,0,0,0,0,0,0,0,0,0,0,0,0,0,0,0
2020-12-03,24081,93,0,0,207,853,3168,4033,1677,844,0,0,0,0,1,20,30,0,192,704,3394,4799,1880,1988,0,0,0,0,0,11,31,0,0,0,0,0,0,0,0,0,0,0,0,0,0,0
2020-12-04,21763,58,0,0,168,779,2869,3643,1534,812,0,0,0,0,2,8,19,0,175,704,3068,4361,1684,1703,0,0,0,0,1,8,20,0,0,0,0,0,0,0,0,0,0,0,0,0,0,0
2020-12-05,15326,24,0,0,171,557,2060,2601,1090,491,0,0,0,0,0,4,9,0,159,529,2121,3046,1153,1080,0,0,0,0,0,2,9,0,0,0,0,0,0,0,0,0,0,0,0,0,0,0
2020-12-06,9804,20,0,0,93,374,1260,1637,717,365,0,0,0,0,0,2,7,0,91,346,1402,1854,709,808,0,0,0,0,0,1,10,0,0,0,0,0,0,0,0,0,0,0,0,0,0,0
2020-12-07,9029,22,0,0,94,282,1114,1504,704,379,0,0,0,0,1,8,4,0,74,274,1236,1748,722,784,0,0,0,0,0,0,9,0,0,0,0,0,0,0,0,0,0,0,0,0,0,0
