,AnzahlFall,AnzahlTodesfall,M_A00-A04_c,M_A05-A14_c,M_A15-A34_c,M_A35-A59_c,M_A60-A79_c,M_A80+_c,M_unbekannt_c,M_A00-A04_d,M_A05-A14_d,M_A15-A34_d,M_A35-A59_d,M_A60-A79_d,M_A80+_d,M_unbekannt_d,W_A00-A04_c,W_A05-A14_c,W_A15-A34_c,W_A35-A59_c,W_A60-A79_c,W_A80+_c,W_unbekannt_c,W_A00-A04_d,W_A05-A14_d,W_A15-A34_d,W_A35-A59_d,W_A60-A79_d,W_A80+_d,W_unbekannt_d,unbekannt_A00-A04_c,unbekannt_A05-A14_c,unbekannt_A15-A34_c,unbekannt_A35-A59_c,unbekannt_A60-A79_c,unbekannt_A80+_c,unbekannt_unbekannt_c,unbekannt_A00-A04_d,unbekannt_A05-A14_d,unbekannt_A15-A34_d,unbekannt_A35-A59_d,unbekannt_A60-A79_d,unbekannt_A80+_d,unbekannt_unbekannt_d,NeuerFall,NeuerTodesfall,Todesrate
2020-02-04,1,0,0,0,0,1,0,0,0,0,0,0,0,0,0,0,0,0,0,0,0,0,0,0,0,0,0,0,0,0,0,0,0,0,0,0,0,0,0,0,0,0,0,0,1,0,0.0
2020-02-05,1,0,0,0,0,1,0,0,0,0,0,0,0,0,0,0,0,0,0,0,0,0,0,0,0,0,0,0,0,0,0,0,0,0,0,0,0,0,0,0,0,0,0,0,0,0,0.0
2020-02-06,1,0,0,0,0,1,0,0,0,0,0,0,0,0,0,0,0,0,0,0,0,0,0,0,0,0,0,0,0,0,0,0,0,0,0,0,0,0,0,0,0,0,0,0,0,0,0.0
2020-02-07,1,0,0,0,0,1,0,0,0,0,0,0,0,0,0,0,0,0,0,0,0,0,0,0,0,0,0,0,0,0,0,0,0,0,0,0,0,0,0,0,0,0,0,0,0,0,0.0
2020-02-08,1,0,0,0,0,1,0,0,0,0,0,0,0,0,0,0,0,0,0,0,0,0,0,0,0,0,0,0,0,0,0,0,0,0,0,0,0,0,0,0,0,0,0,0,0,0,0.0
2020-02-09,1,0,0,0,0,1,0,0,0,0,0,0,0,0,0,0,0,0,0,0,0,0,0,0,0,0,0,0,0,0,0,0,0,0,0,0,0,0,0,0,0,0,0,0,0,0,0.0
2020-02-10,1,0,0,0,0,1,0,0,0,0,0,0,0,0,0,0,0,0,0,0,0,0,0,0,0,0,0,0,0,0,0,0,0,0,0,0,0,0,0,0,0,0,0,0,0,0,0.0
2020-02-11,1,0,0,0,0,1,0,0,0,0,0,0,0,0,0,0,0,0,0,0,0,0,0,0,0,0,0,0,0,0,0,0,0,0,0,0,0,0,0,0,0,0,0,0,0,0,0.0
2020-02-12,1,0,0,0,0,1,0,0,0,0,0,0,0,0,0,0,0,0,0,0,0,0,0,0,0,0,0,0,0,0,0,0,0,0,0,0,0,0,0,0,0,0,0,0,0,0,0.0
2020-02-13,1,0,0,0,0,1,0,0,0,0,0,0,0,0,0,0,0,0,0,0,0,0,0,0,0,0,0,0,0,0,0,0,0,0,0,0,0,0,0,0,0,0,0,0,0,0,0.0
2020-02-14,1,0,0,0,0,1,0,0,0,0,0,0,0,0,0,0,0,0,0,0,0,0,0,0,0,0,0,0,0,0,0,0,0,0,0,0,0,0,0,0,0,0,0,0,0,0,0.0
2020-02-15,1,0,0,0,0,1,0,0,0,0,0,0,0,0,0,0,0,0,0,0,0,0,0,0,0,0,0,0,0,0,0,0,0,0,0,0,0,0,0,0,0,0,0,0,0,0,0.0
2020-02-16,1,0,0,0,0,1,0,0,0,0,0,0,0,0,0,0,0,0,0,0,0,0,0,0,0,0,0,0,0,0,0,0,0,0,0,0,0,0,0,0,0,0,0,0,0,0,0.0
2020-02-17,1,0,0,0,0,1,0,0,0,0,0,0,0,0,0,0,0,0,0,0,0,0,0,0,0,0,0,0,0,0,0,0,0,0,0,0,0,0,0,0,0,0,0,0,0,0,0.0
2020-02-18,1,0,0,0,0,1,0,0,0,0,0,0,0,0,0,0,0,0,0,0,0,0,0,0,0,0,0,0,0,0,0,0,0,0,0,0,0,0,0,0,0,0,0,0,0,0,0.0
2020-02-19,1,0,0,0,0,1,0,0,0,0,0,0,0,0,0,0,0,0,0,0,0,0,0,0,0,0,0,0,0,0,0,0,0,0,0,0,0,0,0,0,0,0,0,0,0,0,0.0
2020-02-20,1,0,0,0,0,1,0,0,0,0,0,0,0,0,0,0,0,0,0,0,0,0,0,0,0,0,0,0,0,0,0,0,0,0,0,0,0,0,0,0,0,0,0,0,0,0,0.0
2020-02-21,1,0,0,0,0,1,0,0,0,0,0,0,0,0,0,0,0,0,0,0,0,0,0,0,0,0,0,0,0,0,0,0,0,0,0,0,0,0,0,0,0,0,0,0,0,0,0.0
2020-02-22,1,0,0,0,0,1,0,0,0,0,0,0,0,0,0,0,0,0,0,0,0,0,0,0,0,0,0,0,0,0,0,0,0,0,0,0,0,0,0,0,0,0,0,0,0,0,0.0
2020-02-23,1,0,0,0,0,1,0,0,0,0,0,0,0,0,0,0,0,0,0,0,0,0,0,0,0,0,0,0,0,0,0,0,0,0,0,0,0,0,0,0,0,0,0,0,0,0,0.0
2020-02-24,1,0,0,0,0,1,0,0,0,0,0,0,0,0,0,0,0,0,0,0,0,0,0,0,0,0,0,0,0,0,0,0,0,0,0,0,0,0,0,0,0,0,0,0,0,0,0.0
2020-02-25,1,0,0,0,0,1,0,0,0,0,0,0,0,0,0,0,0,0,0,0,0,0,0,0,0,0,0,0,0,0,0,0,0,0,0,0,0,0,0,0,0,0,0,0,0,0,0.0
2020-02-26,1,0,0,0,0,1,0,0,0,0,0,0,0,0,0,0,0,0,0,0,0,0,0,0,0,0,0,0,0,0,0,0,0,0,0,0,0,0,0,0,0,0,0,0,0,0,0.0
2020-02-27,1,0,0,0,0,1,0,0,0,0,0,0,0,0,0,0,0,0,0,0,0,0,0,0,0,0,0,0,0,0,0,0,0,0,0,0,0,0,0,0,0,0,0,0,0,0,0.0
2020-02-28,1,0,0,0,0,1,0,0,0,0,0,0,0,0,0,0,0,0,0,0,0,0,0,0,0,0,0,0,0,0,0,0,0,0,0,0,0,0,0,0,0,0,0,0,0,0,0.0
2020-02-29,1,0,0,0,0,1,0,0,0,0,0,0,0,0,0,0,0,0,0,0,0,0,0,0,0,0,0,0,0,0,0,0,0,0,0,0,0,0,0,0,0,0,0,0,0,0,0.0
2020-03-01,2,0,0,0,0,1,1,0,0,0,0,0,0,0,0,0,0,0,0,0,0,0,0,0,0,0,0,0,0,0,0,0,0,0,0,0,0,0,0,0,0,0,0,0,1,0,0.0
2020-03-02,4,0,0,0,0,1,2,0,0,0,0,0,0,0,0,0,0,0,0,0,1,0,0,0,0,0,0,0,0,0,0,0,0,0,0,0,0,0,0,0,0,0,0,0,2,0,0.0
2020-03-03,10,0,0,0,2,1,4,0,0,0,0,0,0,0,0,0,0,0,1,0,2,0,0,0,0,0,0,0,0,0,0,0,0,0,0,0,0,0,0,0,0,0,0,0,6,0,0.0
2020-03-04,14,0,0,0,3,2,5,0,0,0,0,0,0,0,0,0,0,0,2,0,2,0,0,0,0,0,0,0,0,0,0,0,0,0,0,0,0,0,0,0,0,0,0,0,4,0,0.0
2020-03-05,20,0,0,0,4,5,5,0,0,0,0,0,0,0,0,0,0,0,4,0,2,0,0,0,0,0,0,0,0,0,0,0,0,0,0,0,0,0,0,0,0,0,0,0,6,0,0.0
2020-03-06,27,0,1,0,4,7,6,0,0,0,0,0,0,0,0,0,0,0,4,2,3,0,0,0,0,0,0,0,0,0,0,0,0,0,0,0,0,0,0,0,0,0,0,0,7,0,0.0
2020-03-07,35,0,1,0,5,11,6,0,0,0,0,0,0,0,0,0,0,0,4,5,3,0,0,0,0,0,0,0,0,0,0,0,0,0,0,0,0,0,0,0,0,0,0,0,8,0,0.0
2020-03-08,39,0,1,0,5,14,6,0,0,0,0,0,0,0,0,0,0,0,4,6,3,0,0,0,0,0,0,0,0,0,0,0,0,0,0,0,0,0,0,0,0,0,0,0,4,0,0.0
2020-03-09,53,0,1,0,6,16,7,0,0,0,0,0,0,0,0,0,0,0,7,10,6,0,0,0,0,0,0,0,0,0,0,0,0,0,0,0,0,0,0,0,0,0,0,0,14,0,0.0
2020-03-10,88,1,1,0,7,27,12,0,0,0,0,0,0,1,0,0,0,0,9,24,8,0,0,0,0,0,0,0,0,0,0,0,0,0,0,0,0,0,0,0,0,0,0,0,35,1,1.1363636363636365
2020-03-11,151,1,1,0,16,47,16,1,0,0,0,0,0,1,0,0,0,0,17,39,12,2,0,0,0,0,0,0,0,0,0,0,0,0,0,0,0,0,0,0,0,0,0,0,63,0,0.6622516556291391
2020-03-12,219,2,1,1,23,70,26,1,0,0,0,0,0,2,0,0,0,0,21,58,16,2,0,0,0,0,0,0,0,0,0,0,0,0,0,0,0,0,0,0,0,0,0,0,68,1,0.91324200913242
2020-03-13,311,2,1,1,36,105,34,1,0,0,0,0,0,2,0,0,0,0,29,76,25,3,0,0,0,0,0,0,0,0,0,0,0,0,0,0,0,0,0,0,0,0,0,0,92,0,0.6430868167202572
2020-03-14,388,2,1,1,51,130,38,1,0,0,0,0,0,2,0,0,0,0,36,94,33,3,0,0,0,0,0,0,0,0,0,0,0,0,0,0,0,0,0,0,0,0,0,0,77,0,0.5154639175257731
2020-03-15,456,3,1,2,56,153,41,3,0,0,0,0,0,2,0,0,0,0,42,117,37,4,0,0,0,0,1,0,0,0,0,0,0,0,0,0,0,0,0,0,0,0,0,0,68,1,0.6578947368421052
2020-03-16,613,3,1,4,80,204,59,5,0,0,0,0,0,2,0,0,0,1,58,142,52,7,0,0,0,0,1,0,0,0,0,0,0,0,0,0,0,0,0,0,0,0,0,0,157,0,0.48939641109298526
2020-03-17,789,4,1,8,109,255,73,8,0,0,0,0,0,2,1,0,1,6,78,179,63,8,0,0,0,0,1,0,0,0,0,0,0,0,0,0,0,0,0,0,0,0,0,0,176,1,0.5069708491761723
2020-03-18,1060,9,2,9,147,360,101,10,0,0,0,0,1,3,3,0,2,8,100,228,82,10,0,0,0,0,1,1,0,0,0,0,0,0,1,0,0,0,0,0,0,0,0,0,271,5,0.8490566037735849
2020-03-19,1309,11,2,9,177,434,131,13,0,0,0,0,1,4,3,0,2,9,134,286,97,13,0,0,0,1,1,1,0,0,0,1,0,0,1,0,0,0,0,0,0,0,0,0,249,2,0.8403361344537815
2020-03-20,1575,18,3,9,212,503,162,17,0,0,0,0,1,7,4,0,2,12,166,343,125,18,0,0,0,1,1,2,2,0,0,1,1,0,1,0,0,0,0,0,0,0,0,0,266,7,1.1428571428571428
2020-03-21,1754,22,3,12,231,552,179,21,0,0,0,0,1,8,6,0,2,14,186,389,139,22,0,0,0,1,1,2,2,0,0,1,1,1,1,0,0,0,0,0,1,0,0,0,179,4,1.2542759407069555
2020-03-22,1862,22,4,13,244,575,195,22,0,0,0,0,1,8,6,0,3,14,198,419,148,23,0,0,0,1,1,2,2,0,0,1,1,1,1,0,0,0,0,0,1,0,0,0,108,0,1.1815252416756177
2020-03-23,2105,27,4,14,272,647,218,29,0,0,0,0,2,9,6,0,3,15,225,477,167,28,0,0,0,1,2,2,4,0,0,1,2,1,2,0,0,0,0,0,1,0,0,0,243,5,1.2826603325415677
2020-03-24,2399,32,5,14,313,708,246,35,0,0,0,0,2,9,9,0,4,17,277,550,190,33,0,0,0,1,3,3,4,0,0,1,3,1,2,0,0,0,0,0,1,0,0,0,294,5,1.3338891204668613
2020-03-25,2776,49,6,19,348,797,289,44,0,0,0,0,4,15,13,0,4,19,332,645,221,43,0,0,0,1,3,5,6,0,0,1,4,1,3,0,0,0,0,0,1,1,0,0,377,17,1.7651296829971181
2020-03-26,3149,60,7,23,394,880,332,51,0,0,0,0,4,21,15,0,5,21,379,736,260,51,0,0,0,1,3,6,8,0,0,1,5,1,3,0,0,0,0,0,1,1,0,0,373,11,1.905366783105748
2020-03-27,3560,96,8,29,440,950,379,74,0,0,0,0,5,31,29,0,7,24,417,821,312,89,0,0,0,1,3,7,18,0,0,1,5,1,3,0,0,0,0,0,1,1,0,0,411,36,2.696629213483146
2020-03-28,3907,121,12,34,474,1021,417,93,0,0,0,0,5,39,36,0,7,25,462,886,345,120,0,0,0,1,3,8,27,0,0,1,5,1,4,0,0,0,0,0,1,1,0,0,347,25,3.097005374968006
2020-03-29,4085,137,12,36,495,1052,432,105,0,0,0,0,5,42,44,0,7,27,483,919,363,142,0,0,0,1,3,9,31,0,0,1,5,1,4,1,0,0,0,0,1,1,0,0,178,16,3.353733170134639
2020-03-30,4396,158,13,40,529,1093,467,119,0,0,0,0,5,47,49,0,7,30,527,995,400,160,0,0,0,1,3,14,37,0,0,1,7,3,4,1,0,0,0,0,1,1,0,0,311,21,3.5941765241128296
2020-03-31,4755,173,13,46,583,1155,507,133,0,0,0,0,5,52,55,0,9,34,576,1066,434,183,0,0,0,1,3,16,39,0,0,1,7,3,4,1,0,0,0,0,1,1,0,0,359,15,3.6382754994742377
2020-04-01,5124,193,13,48,626,1204,553,149,0,0,0,1,5,57,61,0,9,35,620,1162,469,219,0,0,0,1,3,19,44,0,0,1,7,4,4,1,0,0,0,0,1,1,0,0,369,20,3.7665886026541764
2020-04-02,5457,215,17,52,665,1262,584,161,0,0,0,1,6,59,66,0,10,37,658,1245,510,238,0,0,0,1,4,22,54,0,0,1,7,5,4,1,0,0,0,0,1,1,0,0,333,22,3.939893714495144
2020-04-03,5845,247,18,58,693,1327,633,179,0,0,0,1,7,64,73,0,12,45,698,1332,546,284,0,0,0,1,4,24,71,0,0,1,7,7,4,1,0,0,0,0,1,1,0,0,388,32,4.225834046193327
2020-04-04,6069,267,19,60,723,1363,662,188,0,0,0,1,8,68,79,0,13,46,718,1388,568,300,0,0,0,1,4,25,79,0,1,1,7,7,4,1,0,0,0,0,1,1,0,0,224,20,4.39940682155215
2020-04-05,6211,276,19,62,737,1387,677,195,0,0,0,1,8,71,81,0,13,48,741,1417,584,309,0,0,0,1,4,27,81,0,1,1,8,7,4,1,0,0,0,0,1,1,0,0,142,9,4.4437288681371765
2020-04-06,6442,302,19,65,757,1424,708,212,0,0,0,1,9,77,91,0,13,50,763,1456,616,335,0,0,0,1,4,29,88,0,1,1,9,8,4,1,0,0,0,0,1,1,0,0,231,26,4.687985097795715
2020-04-07,6814,321,20,69,793,1479,753,226,0,0,0,1,9,83,98,0,15,58,812,1543,653,367,0,0,0,1,4,30,93,0,1,1,11,8,4,1,0,0,0,0,1,1,0,0,372,19,4.710889345465219
2020-04-08,7148,346,20,72,828,1535,782,248,0,0,0,1,9,85,107,0,15,60,857,1621,687,397,0,0,0,1,6,32,103,0,1,1,11,8,4,1,0,0,0,0,1,1,0,0,334,25,4.8405148293228875
2020-04-09,7462,364,20,77,865,1578,820,265,0,0,0,1,9,93,110,0,15,64,911,1682,713,423,0,0,0,1,7,32,108,0,1,1,11,10,4,2,0,0,0,0,1,1,1,0,314,18,4.878048780487805
2020-04-10,7722,380,22,83,893,1615,849,273,0,0,0,1,9,99,116,0,17,64,935,1740,744,456,0,0,0,1,7,35,109,0,1,1,11,12,4,2,0,0,0,0,1,1,1,0,260,16,4.921004921004921
2020-04-11,7850,389,24,85,904,1637,858,278,0,0,0,1,9,101,118,0,19,64,952,1769,754,474,0,0,0,1,7,35,114,0,1,1,12,12,4,2,0,0,0,0,1,1,1,0,128,9,4.955414012738854
2020-04-12,8000,401,26,88,921,1653,868,294,0,0,0,1,9,103,126,0,19,65,978,1786,766,502,0,0,0,1,7,35,116,0,1,1,13,13,4,2,0,0,0,0,1,1,1,0,150,12,5.0125
2020-04-13,8080,412,26,90,931,1665,877,301,0,0,0,1,9,105,128,0,19,65,984,1800,771,513,0,0,0,1,7,36,122,0,1,1,14,14,4,2,2,0,0,0,1,1,1,0,80,11,5.099009900990099
2020-04-14,8246,431,27,93,955,1689,896,316,0,0,0,1,9,108,133,0,19,66,1000,1817,789,540,0,0,0,1,7,40,129,0,1,1,14,15,4,2,2,0,0,0,1,1,1,0,166,19,5.226776618966772
2020-04-15,8473,452,27,94,975,1720,917,328,0,0,0,1,9,112,137,0,19,72,1027,1874,811,570,0,0,0,1,7,43,139,0,1,1,14,15,4,2,2,0,0,0,1,1,1,0,227,21,5.334592234155553
2020-04-16,8715,463,28,98,999,1763,946,337,0,0,0,1,10,115,141,0,21,75,1063,1923,829,591,0,0,0,1,7,44,141,0,1,1,15,16,4,3,2,0,0,0,1,1,1,0,242,11,5.312679288582903
2020-04-17,8912,474,29,99,1026,1789,959,347,0,0,0,1,11,116,145,0,21,77,1092,1963,847,619,0,0,0,1,7,44,146,0,1,1,15,18,4,3,2,0,0,0,1,1,1,0,197,11,5.3186714542190305
2020-04-18,9054,481,29,100,1041,1813,972,353,0,0,0,1,12,119,146,0,21,78,1109,1989,870,635,0,0,0,1,7,45,147,0,1,1,15,18,4,3,2,0,0,0,1,1,1,0,142,7,5.312569030262868
2020-04-19,9150,490,30,102,1051,1832,978,357,0,0,0,1,13,120,146,0,21,81,1121,2010,876,646,1,0,0,1,7,46,153,0,1,1,15,18,4,3,2,0,0,0,1,1,1,0,96,9,5.355191256830602
2020-04-20,9281,501,32,104,1065,1846,989,368,0,0,0,1,13,122,148,0,21,85,1137,2032,890,666,1,0,0,1,7,46,160,0,1,1,15,19,4,3,2,0,0,0,1,1,1,0,131,11,5.398125202025644
2020-04-21,9444,511,32,110,1091,1864,1002,375,0,0,0,1,13,124,150,0,21,88,1160,2065,908,681,1,0,0,2,7,46,165,0,1,1,15,20,4,3,2,0,0,0,1,1,1,0,163,10,5.410842863193563
2020-04-22,9604,518,32,112,1108,1897,1015,385,0,0,0,1,13,126,151,0,21,90,1179,2088,930,698,1,0,0,2,7,46,169,0,1,1,17,20,4,3,2,0,0,0,1,1,1,0,160,7,5.393586005830904
2020-04-23,9744,530,32,115,1122,1915,1020,393,0,0,0,1,13,127,155,0,21,92,1202,2121,942,719,1,0,0,2,7,47,175,0,1,1,18,20,4,3,2,0,0,0,1,1,1,0,140,12,5.439244663382595
2020-04-24,9863,537,32,117,1137,1928,1027,401,0,0,0,1,14,129,157,0,23,95,1216,2136,964,735,1,0,0,2,7,48,176,0,1,1,18,22,4,3,2,0,0,0,1,1,1,0,119,7,5.444590895265132
2020-04-25,9930,540,33,118,1150,1938,1030,404,0,0,0,1,14,129,158,0,23,95,1226,2147,971,741,1,0,0,2,7,48,178,0,1,1,20,22,4,3,2,0,0,0,1,1,1,0,67,3,5.438066465256798
2020-04-26,9980,542,35,118,1156,1944,1032,407,0,0,0,1,14,129,158,0,23,95,1235,2160,974,746,1,0,0,2,7,48,180,0,1,1,21,22,4,3,2,0,0,0,1,1,1,0,50,2,5.430861723446894
2020-04-27,10055,552,35,119,1164,1955,1041,411,0,0,0,1,14,132,161,0,23,95,1244,2178,983,752,1,0,0,2,8,49,182,0,1,1,21,22,4,3,2,0,0,0,1,1,1,0,75,10,5.489806066633516
2020-04-28,10155,559,35,121,1176,1971,1049,420,0,0,0,1,14,133,165,0,23,96,1259,2195,996,759,1,0,0,2,8,50,183,0,1,1,21,22,4,3,2,0,0,0,1,1,1,0,100,7,5.504677498769079
2020-04-29,10240,567,35,122,1189,1976,1054,426,0,0,0,1,14,133,167,0,23,97,1269,2214,1003,777,1,0,0,2,9,51,187,0,1,1,21,22,4,3,2,0,0,0,1,1,1,0,85,8,5.537109375
2020-04-30,10325,574,37,123,1200,1986,1061,432,0,0,0,1,14,136,170,0,23,97,1280,2231,1016,784,1,0,0,2,9,51,188,0,1,1,21,22,4,3,2,0,0,0,1,1,1,0,85,7,5.5593220338983045
2020-05-01,10364,574,37,123,1203,1990,1066,436,0,0,0,1,14,136,170,0,23,97,1286,2242,1019,787,1,0,0,2,9,51,188,0,1,1,21,22,4,3,2,0,0,0,1,1,1,0,39,0,5.538402161327673
2020-05-02,10400,574,37,126,1211,1995,1068,436,0,0,0,1,14,136,170,0,24,97,1293,2248,1022,788,1,0,0,2,9,51,188,0,1,1,21,22,4,3,2,0,0,0,1,1,1,0,36,0,5.519230769230769
2020-05-03,10414,574,38,127,1212,1997,1069,436,0,0,0,1,14,136,170,0,24,97,1297,2251,1022,788,1,0,0,2,9,51,188,0,1,1,22,22,4,3,2,0,0,0,1,1,1,0,14,0,5.511811023622047
2020-05-04,10507,582,39,127,1220,2007,1079,439,0,0,0,1,14,141,171,0,26,97,1312,2277,1033,795,1,0,0,2,9,52,189,0,1,1,22,22,4,3,2,0,0,0,1,1,1,0,93,8,5.539164366612734
2020-05-05,10587,588,40,127,1230,2018,1091,444,0,0,0,1,14,141,175,0,27,98,1321,2290,1039,806,1,0,0,2,10,52,190,0,1,1,22,22,4,3,2,0,0,0,1,1,1,0,80,6,5.553981297818079
2020-05-06,10680,590,41,129,1239,2033,1097,450,0,0,0,1,14,141,176,0,28,100,1339,2308,1044,815,1,0,0,2,10,52,191,0,1,1,22,23,4,3,2,0,0,0,1,1,1,0,93,2,5.52434456928839
2020-05-07,10766,591,41,131,1250,2054,1107,452,0,0,0,1,14,141,176,0,28,103,1347,2329,1048,819,1,0,0,2,10,52,192,0,1,1,22,23,4,3,2,0,0,0,1,1,1,0,86,1,5.489503994055359
2020-05-08,10840,594,42,134,1257,2068,1114,454,0,0,0,1,14,141,177,0,31,106,1362,2338,1052,825,1,0,0,2,10,52,194,0,1,1,22,23,4,3,2,0,0,0,1,1,1,0,74,3,5.479704797047971
2020-05-09,10869,596,42,135,1260,2073,1118,456,0,0,0,1,14,143,177,0,31,106,1366,2344,1053,827,1,0,0,2,10,52,194,0,1,1,22,24,4,3,2,0,0,0,1,1,1,0,29,2,5.483485141227344
2020-05-10,10879,597,42,135,1263,2075,1119,456,0,0,0,1,14,144,177,0,31,107,1367,2345,1054,827,1,0,0,2,10,52,194,0,1,1,22,24,4,3,2,0,0,0,1,1,1,0,10,1,5.487636731317217
2020-05-11,10927,598,43,137,1269,2080,1127,457,0,0,0,1,14,144,177,0,32,111,1373,2352,1058,829,1,0,0,2,10,52,195,0,1,2,22,24,4,3,2,0,0,0,1,1,1,0,48,1,5.472682346481193
2020-05-12,10977,602,43,139,1275,2092,1129,459,0,0,0,1,15,144,178,0,34,111,1376,2361,1063,835,1,0,0,2,10,53,196,0,1,2,22,24,4,4,2,0,0,0,1,1,1,0,50,4,5.484194224287146
2020-05-13,11056,606,43,142,1285,2107,1132,461,0,0,0,1,15,146,178,0,36,111,1384,2380,1067,847,1,0,0,2,10,53,198,0,1,2,22,25,4,4,2,0,0,0,1,1,1,0,79,4,5.481186685962373
2020-05-14,11096,607,43,144,1291,2118,1134,463,0,0,0,1,15,146,179,0,36,113,1388,2386,1071,848,1,0,0,2,10,53,198,0,1,2,22,25,4,4,2,0,0,0,1,1,1,0,40,1,5.47043979812545
2020-05-15,11138,609,43,145,1297,2123,1139,465,0,0,0,1,15,146,180,0,37,115,1391,2394,1074,854,1,0,0,2,10,54,198,0,1,2,22,25,4,4,2,0,0,0,1,1,1,0,42,2,5.467768001436523
2020-05-16,11160,610,44,146,1303,2127,1141,466,0,0,0,1,15,147,180,0,38,115,1392,2397,1076,854,1,0,0,2,10,54,198,0,1,2,22,25,4,4,2,0,0,0,1,1,1,0,22,1,5.465949820788531
2020-05-17,11169,611,44,146,1305,2128,1143,466,0,0,0,1,15,148,180,0,38,116,1393,2399,1076,854,1,0,0,2,10,54,198,0,1,2,22,25,4,4,2,0,0,0,1,1,1,0,9,1,5.470498701763811
2020-05-18,11238,614,46,146,1322,2152,1145,468,0,0,0,1,15,148,182,0,38,116,1395,2412,1077,859,1,0,0,2,10,54,199,0,1,2,22,26,4,4,2,0,0,0,1,1,1,0,69,3,5.4636056237764725
2020-05-19,11301,619,47,148,1332,2167,1146,470,0,0,0,1,15,148,183,0,39,117,1403,2421,1086,863,1,0,0,2,11,55,201,0,1,2,22,26,4,4,2,0,0,0,1,1,1,0,63,5,5.477391381293691
2020-05-20,11395,620,48,148,1353,2183,1153,471,0,0,0,1,15,149,183,0,42,119,1414,2443,1093,865,1,0,0,2,11,55,201,0,1,2,22,27,4,4,2,0,0,0,1,1,1,0,94,1,5.440982887231241
2020-05-21,11445,620,50,151,1362,2189,1154,472,0,0,0,1,15,149,183,0,43,122,1421,2453,1094,869,1,0,0,2,11,55,201,0,1,2,22,29,4,4,2,0,0,0,1,1,1,0,50,0,5.417212756662297
2020-05-22,11540,623,51,151,1383,2216,1157,473,0,0,0,1,15,150,183,0,45,123,1435,2469,1099,872,1,0,0,2,11,55,203,0,1,2,23,29,4,4,2,0,0,0,1,1,1,0,95,3,5.398613518197574
2020-05-23,11577,624,51,153,1391,2221,1161,473,0,0,0,1,15,151,183,0,46,124,1442,2475,1100,874,1,0,0,2,11,55,203,0,1,2,23,29,4,4,2,0,0,0,1,1,1,0,37,1,5.389997408655092
2020-05-24,11586,624,51,153,1392,2223,1161,473,0,0,0,1,15,151,183,0,46,125,1442,2478,1101,875,1,0,0,2,11,55,203,0,1,2,23,29,4,4,2,0,0,0,1,1,1,0,9,0,5.385810460901087
2020-05-25,11632,625,51,153,1403,2236,1163,473,0,0,0,1,15,151,183,0,47,125,1449,2485,1103,877,1,0,0,2,11,55,204,0,1,2,24,29,4,4,2,0,0,0,1,1,1,0,46,1,5.3731086657496565
2020-05-26,11692,627,51,157,1411,2249,1165,474,0,0,0,1,16,152,183,0,47,128,1461,2497,1105,878,1,0,0,2,11,55,204,0,1,2,24,31,4,4,2,0,0,0,1,1,1,0,60,2,5.362641122134793
2020-05-27,11814,627,52,161,1449,2281,1168,476,0,0,0,1,16,152,183,0,50,129,1476,2515,1107,879,1,0,0,2,11,55,204,0,1,2,24,33,4,4,2,0,0,0,1,1,1,0,122,0,5.307262569832402
2020-05-28,11890,628,53,164,1473,2291,1172,477,0,0,0,1,16,153,183,0,50,133,1485,2529,1109,880,1,0,0,2,11,55,204,0,1,3,24,35,4,4,2,0,0,0,1,1,1,0,76,1,5.28174936921783
2020-05-29,11954,629,55,167,1492,2303,1174,477,0,0,0,1,16,153,183,0,50,138,1490,2540,1111,882,1,0,0,2,11,55,205,0,1,3,24,36,4,4,2,0,0,0,1,1,1,0,64,1,5.261837041994311
2020-05-30,12013,630,56,170,1513,2313,1176,478,0,0,0,1,16,153,184,0,50,141,1500,2545,1112,883,1,0,0,2,11,55,205,0,1,3,25,36,4,4,2,0,0,0,1,1,1,0,59,1,5.244318654790643
2020-05-31,12036,631,56,170,1521,2320,1178,478,0,0,0,1,16,154,184,0,50,141,1501,2547,1113,883,1,0,0,2,11,55,205,0,1,3,25,38,4,4,2,0,0,0,1,1,1,0,23,1,5.242605516782985
2020-06-01,12078,631,60,175,1536,2321,1178,478,0,0,0,1,16,154,184,0,50,144,1506,2551,1117,884,1,0,0,2,11,55,205,0,1,3,25,38,4,4,2,0,0,0,1,1,1,0,42,0,5.224374896506044
2020-06-02,12134,632,66,176,1546,2328,1183,479,0,0,0,1,16,154,184,0,51,148,1517,2555,1122,885,1,0,0,2,11,55,206,0,1,3,25,38,4,4,2,0,0,0,1,1,1,0,56,1,5.208505027196308
2020-06-03,12255,633,67,181,1575,2352,1185,480,0,0,0,1,16,154,184,0,54,155,1533,2581,1126,887,1,0,0,2,11,56,206,0,1,3,25,39,4,4,2,0,0,0,1,1,1,0,121,1,5.165238678090575
2020-06-04,12355,634,69,194,1600,2368,1186,480,0,0,0,1,16,154,184,0,54,166,1550,2592,1127,887,1,0,0,2,12,56,206,0,1,5,25,39,5,4,2,0,0,0,1,1,1,0,100,1,5.131525698097937
2020-06-05,12449,634,73,198,1616,2381,1188,480,0,0,0,1,16,154,184,0,60,171,1569,2608,1134,889,1,0,0,2,12,56,206,0,1,5,25,39,5,4,2,0,0,0,1,1,1,0,94,0,5.092778536428629
2020-06-06,12509,634,74,201,1632,2393,1192,480,0,0,0,1,16,154,184,0,63,171,1579,2618,1135,889,1,0,0,2,12,56,206,0,1,5,25,39,5,4,2,0,0,0,1,1,1,0,60,0,5.068350787433048
2020-06-07,12541,634,79,205,1636,2396,1195,480,0,0,0,1,16,154,184,0,66,172,1585,2621,1135,889,1,0,0,2,12,56,206,0,1,5,25,39,5,4,2,0,0,0,1,1,1,0,32,0,5.055418228211466
2020-06-08,12596,635,80,208,1646,2412,1198,480,0,0,0,1,17,154,184,0,67,173,1593,2628,1136,890,1,0,0,2,12,56,206,0,1,5,27,40,5,4,2,0,0,0,1,1,1,0,55,1,5.041282946967291
2020-06-09,12672,635,81,210,1674,2428,1202,480,0,0,0,1,17,154,184,0,69,174,1606,2634,1138,890,1,0,0,2,12,56,206,0,1,5,28,40,5,4,2,0,0,0,1,1,1,0,76,0,5.01104797979798
2020-06-10,12736,636,81,215,1686,2436,1203,480,0,0,0,1,18,154,184,0,71,184,1616,2647,1140,890,1,0,0,2,12,56,206,0,1,5,29,40,5,4,2,0,0,0,1,1,1,0,64,1,4.993718592964824
2020-06-11,12786,636,83,221,1696,2442,1203,481,0,0,0,1,18,154,184,0,72,187,1625,2656,1140,891,1,0,0,2,12,56,206,0,1,6,30,40,5,4,2,0,0,0,1,1,1,0,50,0,4.974190520882215
2020-06-12,12861,640,87,225,1709,2454,1204,484,0,0,0,1,19,154,184,0,74,192,1630,2663,1144,906,1,0,0,2,12,56,209,0,1,6,30,40,5,4,2,0,0,0,1,1,1,0,75,4,4.976284892310084
2020-06-13,12891,640,87,229,1712,2459,1205,484,0,0,0,1,19,154,184,0,76,197,1636,2666,1144,906,1,0,0,2,12,56,209,0,1,6,30,41,5,4,2,0,0,0,1,1,1,0,30,0,4.964704057094097
2020-06-14,12904,640,87,229,1714,2459,1206,484,0,0,0,1,19,154,184,0,78,197,1641,2668,1145,906,1,0,0,2,12,56,209,0,1,6,30,41,5,4,2,0,0,0,1,1,1,0,13,0,4.959702417854929
2020-06-15,12940,641,88,232,1721,2463,1208,486,0,0,0,1,19,154,184,0,79,198,1646,2673,1147,909,1,0,0,2,12,56,210,0,1,6,30,41,5,4,2,0,0,0,1,1,1,0,36,1,4.9536321483771255
2020-06-16,12999,642,89,235,1733,2470,1210,488,0,0,0,1,19,154,185,0,85,204,1653,2680,1149,912,1,0,0,2,12,56,210,0,1,6,31,41,5,4,2,0,0,0,1,1,1,0,59,1,4.938841449342258
2020-06-17,13054,646,89,237,1742,2477,1213,493,0,0,0,1,20,154,185,0,86,207,1655,2696,1151,916,1,0,0,2,13,56,212,0,1,7,31,41,5,4,2,0,0,0,1,1,1,0,55,4,4.948674735713191
2020-06-18,13138,648,94,242,1757,2492,1216,495,0,0,0,1,20,154,185,0,87,217,1674,2703,1151,918,1,0,0,2,13,56,214,0,1,7,31,41,5,4,2,0,0,0,1,1,1,0,84,2,4.932257573451058
2020-06-19,13215,649,97,248,1775,2500,1216,495,0,0,0,2,20,154,185,0,87,229,1693,2712,1151,918,1,0,0,2,13,56,214,0,1,7,32,41,6,4,2,0,0,0,1,1,1,0,77,1,4.911085887249338
2020-06-20,13258,649,98,254,1786,2503,1219,495,0,0,0,2,20,154,185,0,90,232,1699,2717,1153,918,1,0,0,2,13,56,214,0,1,7,32,41,6,4,2,0,0,0,1,1,1,0,43,0,4.895157640669785
2020-06-21,13270,649,98,256,1788,2505,1219,495,0,0,0,2,20,154,185,0,91,234,1701,2718,1153,918,1,0,0,2,13,56,214,0,1,7,32,41,6,4,2,0,0,0,1,1,1,0,12,0,4.8907309721175585
2020-06-22,13286,649,98,258,1791,2511,1220,495,0,0,0,2,20,154,185,0,91,234,1703,2720,1153,918,1,0,0,2,13,56,214,0,1,7,32,41,6,4,2,0,0,0,1,1,1,0,16,0,4.88484118621105
2020-06-23,13357,650,99,264,1799,2530,1223,495,0,0,0,2,20,154,185,0,91,237,1717,2733,1156,919,1,0,0,2,13,56,215,0,1,7,32,41,6,4,2,0,0,0,1,1,1,0,71,1,4.866362207082429
2020-06-24,13391,650,100,265,1809,2541,1225,495,0,0,0,2,20,154,185,0,91,239,1721,2734,1158,919,1,0,0,2,13,56,215,0,1,7,32,41,6,4,2,0,0,0,1,1,1,0,34,0,4.854006422223882
2020-06-25,13432,650,102,267,1815,2553,1225,498,0,0,0,2,20,154,185,0,92,239,1726,2740,1160,921,1,0,0,2,13,56,215,0,1,7,32,41,6,4,2,0,0,0,1,1,1,0,41,0,4.839189994044074
2020-06-26,13471,652,103,270,1818,2562,1225,499,0,0,0,2,20,154,185,0,92,241,1732,2748,1163,924,1,0,0,2,13,57,216,0,1,7,32,41,6,4,2,0,0,0,1,1,1,0,39,2,4.840026724073936
2020-06-27,13500,652,105,272,1821,2568,1225,499,0,0,0,2,20,154,185,0,92,244,1738,2753,1165,924,1,0,0,2,13,57,216,0,1,7,32,41,6,4,2,0,0,0,1,1,1,0,29,0,4.82962962962963
2020-06-28,13514,652,107,274,1822,2570,1225,499,1,0,0,2,20,154,185,0,92,247,1738,2755,1165,925,1,0,0,2,13,57,216,0,1,7,32,41,6,4,2,0,0,0,1,1,1,0,14,0,4.824626313452716
2020-06-29,13546,653,109,275,1827,2575,1226,501,1,0,0,2,20,154,186,0,92,247,1746,2763,1165,925,1,0,0,2,13,57,216,0,1,7,32,41,6,4,2,0,0,0,1,1,1,0,32,1,4.820611250553669
2020-06-30,13572,653,110,277,1830,2581,1229,501,1,0,0,2,20,154,186,0,92,248,1751,2766,1166,926,1,0,0,2,13,57,216,0,1,7,32,41,6,4,2,0,0,0,1,1,1,0,26,0,4.811376363100501
2020-07-01,13606,653,112,281,1834,2585,1230,502,1,0,0,2,20,154,186,0,93,253,1755,2772,1167,926,1,0,0,2,13,57,216,0,1,7,32,42,6,4,2,0,0,0,1,1,1,0,34,0,4.799353226517713
2020-07-02,13639,654,113,283,1837,2595,1231,502,1,0,0,2,20,154,186,0,93,256,1760,2779,1167,927,1,0,0,2,13,57,217,0,1,7,32,42,6,4,2,0,0,0,1,1,1,0,33,1,4.795072952562505
2020-07-03,13671,654,114,287,1842,2601,1231,502,1,0,0,2,20,154,186,0,93,256,1768,2785,1169,927,1,0,0,2,13,57,217,0,1,7,32,42,6,4,2,0,0,0,1,1,1,0,32,0,4.78384902348036
2020-07-04,13677,655,115,289,1842,2601,1231,502,1,0,0,2,20,154,186,0,93,258,1768,2785,1170,927,1,0,0,2,13,58,217,0,1,7,32,42,6,4,2,0,0,0,1,1,1,0,6,1,4.789061928785553
2020-07-05,13694,656,116,290,1843,2605,1231,502,1,0,0,2,20,154,186,0,94,260,1769,2790,1170,928,1,0,0,2,13,58,218,0,1,7,32,42,6,4,2,0,0,0,1,1,1,0,17,1,4.790419161676647
2020-07-06,13722,657,117,290,1849,2614,1231,503,1,0,0,3,20,154,186,0,95,261,1772,2794,1171,928,1,0,0,2,13,58,218,0,1,7,33,42,6,4,2,0,0,0,1,1,1,0,28,1,4.787931788369042
2020-07-07,13736,657,117,291,1852,2619,1232,504,1,0,0,3,20,154,186,0,95,261,1774,2795,1171,928,1,0,0,2,13,58,218,0,1,7,33,42,6,4,2,0,0,0,1,1,1,0,14,0,4.783051834595224
2020-07-08,13755,658,117,292,1854,2626,1232,504,1,0,0,3,20,154,186,0,96,262,1776,2798,1171,930,1,0,0,2,13,58,219,0,1,7,33,42,6,4,2,0,0,0,1,1,1,0,19,1,4.783715012722646
2020-07-09,13769,658,117,292,1854,2629,1234,504,1,0,0,3,20,154,186,0,96,262,1782,2800,1172,930,1,0,0,2,13,58,219,0,1,7,33,42,6,4,2,0,0,0,1,1,1,0,14,0,4.778851042196238
2020-07-10,13780,658,117,293,1856,2634,1234,504,1,0,0,3,20,154,186,0,96,262,1783,2801,1172,930,1,0,0,2,13,58,219,0,1,7,33,43,6,4,2,0,0,0,1,1,1,0,11,0,4.7750362844702465
2020-07-11,13783,658,117,293,1857,2634,1234,504,1,0,0,3,20,154,186,0,96,262,1784,2802,1172,930,1,0,0,2,13,58,219,0,1,7,33,43,6,4,2,0,0,0,1,1,1,0,3,0,4.773996952767902
2020-07-12,13785,658,117,293,1858,2634,1235,504,1,0,0,3,20,154,186,0,96,262,1784,2802,1172,930,1,0,0,2,13,58,219,0,1,7,33,43,6,4,2,0,0,0,1,1,1,0,2,0,4.773304316285818
2020-07-13,13807,658,117,293,1863,2639,1235,504,1,0,0,3,20,154,186,0,96,262,1790,2807,1173,930,1,0,0,2,13,58,219,0,1,7,33,43,6,4,2,0,0,0,1,1,1,0,22,0,4.765698558702107
2020-07-14,13837,659,117,295,1871,2645,1237,505,1,0,0,3,21,154,186,0,97,262,1793,2813,1174,930,1,0,0,2,13,58,219,0,1,7,33,43,6,4,2,0,0,0,1,1,1,0,30,1,4.762593047625931
2020-07-15,13867,659,117,295,1882,2649,1237,505,1,0,0,3,21,154,186,0,97,263,1799,2820,1175,930,1,0,0,2,13,58,219,0,1,7,33,43,6,4,2,0,0,0,1,1,1,0,30,0,4.752289608422874
2020-07-16,13893,660,117,296,1889,2652,1238,506,1,0,0,3,21,154,187,0,97,263,1804,2827,1175,931,1,0,0,2,13,58,219,0,1,7,33,43,6,4,2,0,0,0,1,1,1,0,26,1,4.750593824228028
2020-07-17,13933,660,119,297,1899,2658,1239,506,1,0,0,3,21,154,187,0,100,267,1812,2831,1176,931,1,0,0,2,13,58,219,0,1,7,33,43,6,4,2,0,0,0,1,1,1,0,40,0,4.736955429555731
2020-07-18,14009,660,123,298,1913,2677,1240,507,1,0,0,3,21,154,187,0,102,267,1824,2848,1179,931,1,0,0,2,13,58,219,0,1,7,34,44,6,4,2,0,0,0,1,1,1,0,76,0,4.711257049039903
2020-07-19,14020,660,123,300,1915,2677,1240,507,1,0,0,3,21,154,187,0,105,268,1826,2849,1179,931,1,0,0,2,13,58,219,0,1,7,34,44,6,4,2,0,0,0,1,1,1,0,11,0,4.70756062767475
2020-07-20,14040,660,124,300,1917,2679,1242,507,1,0,0,3,21,154,187,0,105,268,1829,2854,1182,931,1,0,0,2,13,58,219,0,1,7,35,45,6,4,2,0,0,0,1,1,1,0,20,0,4.700854700854701
2020-07-21,14105,660,124,302,1928,2696,1244,507,1,0,0,3,21,154,187,0,106,269,1841,2869,1184,933,1,0,0,2,13,58,219,0,1,7,35,45,6,4,2,0,0,0,1,1,1,0,65,0,4.67919177596597
2020-07-22,14161,660,124,305,1937,2709,1245,508,1,0,0,3,21,154,187,0,107,269,1855,2881,1185,934,1,0,0,2,13,58,219,0,1,7,35,45,6,4,2,0,0,0,1,1,1,0,56,0,4.660687804533578
2020-07-23,14190,660,124,305,1947,2711,1247,508,1,0,0,3,21,154,187,0,107,270,1861,2886,1187,935,1,0,0,2,13,58,219,0,1,7,35,45,6,4,2,0,0,0,1,1,1,0,29,0,4.651162790697675
2020-07-24,14212,661,125,306,1950,2715,1250,508,1,0,0,3,21,155,187,0,108,270,1865,2891,1187,935,1,0,0,2,13,58,219,0,1,7,35,45,6,4,2,0,0,0,1,1,1,0,22,1,4.6509991556431185
2020-07-25,14245,661,127,307,1961,2719,1250,508,1,0,0,3,21,155,187,0,108,271,1871,2898,1188,935,1,0,0,2,13,58,219,0,1,7,35,45,6,4,2,0,0,0,1,1,1,0,33,0,4.64022464022464
2020-07-26,14266,661,129,307,1968,2725,1250,508,1,0,0,3,21,155,187,0,108,271,1875,2899,1189,935,1,0,0,2,13,58,219,0,1,7,35,45,6,4,2,0,0,0,1,1,1,0,21,0,4.633394083835693
2020-07-27,14293,661,130,308,1971,2731,1250,508,1,0,0,3,21,155,187,0,108,272,1881,2907,1189,936,1,0,0,2,13,58,219,0,1,7,35,45,6,4,2,0,0,0,1,1,1,0,27,0,4.624641432869236
2020-07-28,14355,661,131,312,1987,2742,1251,508,1,0,0,3,21,155,187,0,110,275,1894,2917,1190,936,1,0,0,2,13,58,219,0,1,7,35,45,6,4,2,0,0,0,1,1,1,0,62,0,4.604667363288053
2020-07-29,14407,661,131,315,2002,2753,1253,508,1,0,0,3,21,155,187,0,110,277,1902,2924,1192,937,1,0,0,2,13,58,219,0,1,7,35,45,7,4,2,0,0,0,1,1,1,0,52,0,4.5880474769209405
2020-07-30,14468,662,132,318,2015,2763,1255,509,1,0,0,3,21,155,188,0,110,278,1913,2938,1194,938,1,0,0,2,13,58,219,0,1,8,35,46,7,4,2,0,0,0,1,1,1,0,61,1,4.575615150677357
2020-07-31,14528,663,133,320,2031,2771,1257,509,1,0,0,3,21,155,188,0,110,280,1924,2952,1197,938,1,0,0,2,13,59,219,0,1,8,35,47,7,4,2,0,0,0,1,1,1,0,60,1,4.563601321585903
2020-08-01,14590,663,133,322,2054,2786,1257,509,1,0,0,3,21,155,188,0,110,282,1939,2956,1197,939,1,0,0,2,13,59,219,0,1,8,35,47,7,4,2,0,0,0,1,1,1,0,62,0,4.544208361891706
2020-08-02,14605,663,133,322,2056,2789,1260,510,1,0,0,3,21,155,188,0,110,282,1941,2959,1198,939,1,0,0,2,13,59,219,0,1,8,35,47,7,4,2,0,0,0,1,1,1,0,15,0,4.53954125299555
2020-08-03,14664,663,133,322,2070,2806,1262,511,1,0,0,3,21,155,188,0,110,283,1951,2970,1201,939,1,0,0,2,13,59,219,0,1,8,35,47,7,4,2,0,0,0,1,1,1,0,59,0,4.521276595744681
2020-08-04,14723,663,134,324,2087,2817,1262,511,1,0,0,3,21,155,188,0,111,283,1967,2977,1204,940,1,0,0,2,13,59,219,0,1,8,35,47,7,4,2,0,0,0,1,1,1,0,59,0,4.5031583237112
2020-08-05,14800,663,134,330,2102,2842,1267,511,1,0,0,3,21,155,188,0,111,289,1974,2988,1205,940,1,0,0,2,13,59,219,0,1,8,35,47,8,4,2,0,0,0,1,1,1,0,77,0,4.47972972972973
2020-08-06,14882,663,134,335,2126,2851,1270,512,1,0,0,3,21,155,188,0,114,297,1986,3003,1207,940,1,0,0,2,13,59,219,0,1,8,35,47,8,4,2,0,0,0,1,1,1,0,82,0,4.455046364735923
2020-08-07,14974,664,135,343,2150,2869,1272,513,1,0,0,3,21,155,189,0,115,303,1999,3017,1209,941,1,0,0,2,13,59,219,0,1,8,36,47,8,4,2,0,0,0,1,1,1,0,92,1,4.434352878322426
2020-08-08,15014,664,139,343,2163,2875,1275,513,1,0,0,3,21,155,189,0,115,305,2003,3023,1211,941,1,0,0,2,13,59,219,0,1,8,36,47,8,4,2,0,0,0,1,1,1,0,40,0,4.422538963633942
2020-08-09,15030,664,140,344,2168,2877,1275,513,1,0,0,3,21,155,189,0,115,305,2006,3026,1211,941,1,0,0,2,13,59,219,0,1,8,37,47,8,4,2,0,0,0,1,1,1,0,16,0,4.417831004657352
2020-08-10,15119,664,142,345,2185,2896,1279,514,1,0,0,3,21,155,189,0,117,308,2028,3039,1213,943,1,0,0,2,13,59,219,0,1,9,37,47,8,4,2,0,0,0,1,1,1,0,89,0,4.391824856141279
2020-08-11,15183,664,146,347,2202,2910,1280,515,1,0,0,3,21,155,189,0,119,310,2041,3044,1214,945,1,0,0,2,13,59,219,0,1,9,37,47,8,4,2,0,0,0,1,1,1,0,64,0,4.373312257129684
2020-08-12,15291,665,147,351,2233,2931,1284,517,1,0,0,3,21,155,189,0,120,314,2058,3061,1219,946,1,0,0,2,13,60,219,0,1,9,37,47,8,4,2,0,0,0,1,1,1,0,108,1,4.348963442547904
2020-08-13,15382,665,148,353,2259,2953,1287,518,1,0,0,3,21,155,189,0,120,317,2073,3077,1221,946,1,0,0,2,13,60,219,0,1,9,37,47,8,4,2,0,0,0,1,1,1,0,91,0,4.32323494994149
2020-08-14,15457,665,148,355,2282,2966,1289,519,1,0,0,3,21,155,189,0,120,324,2089,3084,1224,946,1,0,0,2,13,60,219,0,1,9,37,48,8,4,2,0,0,0,1,1,1,0,75,0,4.302257876690173
2020-08-15,15515,666,150,361,2293,2976,1289,519,1,0,0,3,21,155,189,0,122,329,2097,3096,1225,947,1,0,0,2,13,60,220,0,1,9,37,48,8,4,2,0,0,0,1,1,1,0,58,1,4.292620045117628
2020-08-16,15532,667,150,362,2297,2978,1290,520,1,0,0,3,21,155,190,0,122,329,2098,3101,1225,948,1,0,0,2,13,60,220,0,1,9,37,49,8,4,2,0,0,0,1,1,1,0,17,1,4.29436003090394
2020-08-17,15637,668,150,372,2328,2999,1292,520,1,0,0,3,21,155,190,0,124,333,2109,3118,1229,949,1,0,0,2,13,60,221,0,1,10,38,49,8,4,2,0,0,0,1,1,1,0,105,1,4.27191916608045
2020-08-18,15794,670,155,384,2379,3023,1296,521,1,0,0,3,21,155,191,0,125,343,2127,3142,1235,949,1,0,0,2,13,61,221,0,1,11,38,49,8,4,2,0,0,0,1,1,1,0,157,2,4.2421172597188805
2020-08-19,15943,670,157,394,2403,3046,1302,522,1,0,0,3,21,155,191,0,127,357,2162,3173,1236,949,1,0,0,2,13,61,221,0,1,11,38,49,8,4,2,0,0,0,1,1,1,0,149,0,4.202471304020573
2020-08-20,16029,671,160,401,2421,3062,1309,522,1,0,0,3,21,155,191,0,129,363,2182,3180,1236,949,1,0,0,2,14,61,221,0,1,11,38,49,8,4,2,0,0,0,1,1,1,0,86,1,4.186162580323164
2020-08-21,16139,671,164,404,2442,3083,1316,522,1,0,0,3,21,155,191,0,130,368,2205,3203,1237,949,1,0,0,2,14,61,221,0,1,11,38,50,8,4,2,0,0,0,1,1,1,0,110,0,4.157630584298904
2020-08-22,16186,671,165,409,2453,3092,1317,522,1,0,0,3,21,155,191,0,131,371,2211,3211,1239,949,1,0,0,2,14,61,221,0,1,11,38,50,8,4,2,0,0,0,1,1,1,0,47,0,4.145557889534166
2020-08-23,16202,671,165,409,2459,3094,1317,522,1,0,0,3,21,155,191,0,131,371,2218,3212,1239,949,1,0,0,2,14,61,221,0,1,11,38,50,8,4,2,0,0,0,1,1,1,0,16,0,4.141464016788051
2020-08-24,16327,672,166,415,2485,3124,1324,523,1,0,0,3,21,156,191,0,133,378,2234,3234,1246,949,1,0,0,2,14,61,221,0,1,11,38,50,8,4,2,0,0,0,1,1,1,0,125,1,4.115881668402033
2020-08-25,16442,672,169,421,2505,3146,1327,524,1,0,0,3,21,156,191,0,135,385,2258,3254,1252,950,1,0,0,2,14,61,221,0,1,11,38,50,8,4,2,0,0,0,1,1,1,0,115,0,4.087094027490573
2020-08-26,16542,673,170,427,2535,3161,1330,524,1,0,0,3,22,156,191,0,138,392,2276,3269,1254,950,1,0,0,2,14,61,221,0,1,11,38,50,8,4,2,0,0,0,1,1,1,0,100,1,4.068431870390521
2020-08-27,16654,674,170,429,2572,3179,1335,525,1,0,0,3,22,156,192,0,139,397,2301,3282,1258,950,1,0,0,2,14,61,221,0,1,11,38,51,8,4,2,0,0,0,1,1,1,0,112,1,4.047075777590969
2020-08-28,16738,674,173,437,2590,3191,1338,526,1,0,0,3,22,156,192,0,140,403,2318,3294,1259,952,1,0,0,2,14,61,221,0,1,11,38,51,8,4,2,0,0,0,1,1,1,0,84,0,4.026765443900108
2020-08-29,16802,674,176,441,2604,3196,1339,526,1,0,0,3,22,156,192,0,142,410,2329,3308,1261,952,1,0,0,2,14,61,221,0,1,11,38,52,8,4,2,0,0,0,1,1,1,0,64,0,4.011427211046304
2020-08-30,16833,674,176,443,2610,3203,1340,526,1,0,0,3,22,156,192,0,142,413,2333,3314,1261,953,1,0,0,2,14,61,221,0,1,11,38,53,8,4,2,0,0,0,1,1,1,0,31,0,4.004039683954138
2020-08-31,16900,674,176,445,2631,3213,1340,526,1,0,0,3,22,156,192,0,143,417,2353,3322,1262,953,1,0,0,2,14,61,221,0,1,11,38,53,8,4,2,0,0,0,1,1,1,0,67,0,3.9881656804733727
2020-09-01,16997,674,181,448,2654,3225,1344,526,1,0,0,3,22,156,192,0,145,422,2374,3339,1265,954,1,0,0,2,14,61,221,0,1,11,38,54,8,4,2,0,0,0,1,1,1,0,97,0,3.9654056598223213
2020-09-02,17100,674,185,453,2682,3247,1348,526,1,0,0,3,22,156,192,0,148,426,2392,3352,1267,954,1,0,0,2,14,61,221,0,1,11,38,54,8,4,2,0,0,0,1,1,1,0,103,0,3.941520467836257
2020-09-03,17197,674,186,459,2699,3264,1354,527,1,0,0,3,22,156,192,0,150,429,2417,3365,1271,955,1,0,0,2,14,61,221,0,1,11,38,55,8,4,2,0,0,0,1,1,1,0,97,0,3.9192882479502242
2020-09-04,17289,674,189,465,2722,3280,1354,528,1,0,0,3,22,156,192,0,150,435,2439,3378,1272,956,1,0,0,2,14,61,221,0,1,11,38,55,8,4,2,0,0,0,1,1,1,0,92,0,3.8984325293539244
2020-09-05,17355,674,191,470,2733,3290,1358,528,1,0,0,3,22,156,192,0,152,439,2456,3385,1275,956,1,0,0,2,14,61,221,0,1,12,38,55,8,4,2,0,0,0,1,1,1,0,66,0,3.8836070296744456
2020-09-06,17383,675,192,471,2741,3292,1359,528,1,0,0,3,22,157,192,0,153,440,2463,3389,1277,956,1,0,0,2,14,61,221,0,1,12,38,55,8,4,2,0,0,0,1,1,1,0,28,1,3.8831041822470227
2020-09-07,17495,675,192,474,2773,3308,1364,530,1,0,0,3,22,157,192,0,153,448,2482,3411,1281,957,1,0,0,2,14,61,221,0,1,12,38,55,8,4,2,0,0,0,1,1,1,0,112,0,3.8582452129179767
2020-09-08,17568,680,194,476,2779,3323,1369,531,1,0,0,3,22,158,193,0,154,450,2498,3420,1284,966,1,0,0,2,14,61,224,0,1,12,40,55,8,4,2,0,0,0,1,1,1,0,73,5,3.8706739526411655
2020-09-09,17679,681,195,480,2805,3340,1374,535,1,0,0,3,22,158,193,0,156,457,2513,3435,1293,972,1,0,0,2,14,62,224,0,1,12,40,55,8,4,2,0,0,0,1,1,1,0,111,1,3.8520278296283723
2020-09-10,17781,681,198,483,2831,3354,1375,535,1,0,0,3,22,158,193,0,157,465,2538,3453,1296,972,1,0,0,2,14,62,224,0,1,12,40,55,8,4,2,0,0,0,1,1,1,0,102,0,3.8299308250379616
2020-09-11,17902,683,200,484,2867,3378,1382,536,1,0,0,3,22,159,193,0,157,468,2555,3472,1302,975,1,0,0,2,14,63,224,0,1,12,40,56,9,4,2,0,0,0,1,1,1,0,121,2,3.815216176963468
2020-09-12,17985,683,201,489,2893,3388,1387,536,1,0,0,3,22,159,193,0,157,471,2572,3486,1303,975,1,0,0,2,14,63,224,0,1,13,40,56,9,4,2,0,0,0,1,1,1,0,83,0,3.797609118710036
2020-09-13,18063,684,201,492,2915,3395,1390,539,1,0,0,3,22,159,193,0,159,476,2585,3497,1304,983,1,0,0,2,14,63,225,0,1,13,40,56,9,4,2,0,0,0,1,1,1,0,78,1,3.7867463876432486
2020-09-14,18178,684,203,496,2945,3413,1395,539,1,0,0,3,22,159,193,0,160,486,2611,3514,1306,983,1,0,0,2,14,63,225,0,1,13,40,56,9,4,2,0,0,0,1,1,1,0,115,0,3.7627901859390476
2020-09-15,18377,686,203,500,2997,3445,1405,545,1,0,0,3,22,160,194,0,162,491,2652,3547,1312,990,1,0,0,2,14,63,225,0,1,13,40,57,9,4,2,0,0,0,1,1,1,0,199,2,3.7329270283506557
2020-09-16,18557,688,207,506,3037,3473,1416,548,1,0,0,3,22,161,194,0,166,496,2683,3580,1321,995,1,0,0,2,14,64,225,0,1,13,40,58,9,4,2,0,0,0,1,1,1,0,180,2,3.7074958236783964
2020-09-17,18727,689,209,512,3074,3506,1427,550,1,0,0,3,22,162,194,0,169,501,2711,3611,1328,997,1,0,0,2,14,64,225,0,1,14,41,59,9,4,2,0,0,0,1,1,1,0,170,1,3.679179793880493
2020-09-18,18931,689,213,523,3121,3544,1435,550,1,0,0,3,22,162,194,0,170,509,2753,3644,1337,997,1,0,0,2,14,64,225,0,2,14,43,59,9,4,2,0,0,0,1,1,1,0,204,0,3.6395330410437907
2020-09-19,19031,690,214,525,3149,3563,1437,552,1,0,0,3,22,162,194,0,170,514,2772,3663,1338,999,1,0,0,2,14,64,226,0,2,14,43,59,9,4,2,0,0,0,1,1,1,0,100,1,3.625663391308917
2020-09-20,19099,693,214,529,3164,3572,1442,555,1,0,0,3,22,163,195,0,170,515,2786,3674,1341,1002,1,0,0,2,14,64,227,0,2,14,43,59,9,4,2,0,0,0,1,1,1,0,68,3,3.6284622231530452
2020-09-21,19188,694,215,531,3191,3587,1449,558,1,0,0,3,22,164,195,0,171,518,2801,3683,1346,1002,1,0,0,2,14,64,227,0,2,15,43,59,9,4,2,0,0,0,1,1,1,0,89,1,3.6168438607463003
2020-09-22,19331,695,218,539,3218,3610,1456,559,1,0,0,3,22,164,196,0,175,521,2840,3704,1351,1003,1,0,0,2,14,64,227,0,2,15,44,59,9,4,2,0,0,0,1,1,1,0,143,1,3.595261497077233
2020-09-23,19524,696,219,547,3256,3655,1471,559,1,0,0,3,22,164,196,0,177,525,2876,3732,1359,1009,1,0,0,2,14,64,228,0,2,15,46,59,9,4,2,0,0,0,1,1,1,0,193,1,3.564843269821758
2020-09-24,19714,699,221,562,3297,3685,1478,559,1,0,0,3,22,165,196,0,179,532,2925,3758,1368,1011,1,0,0,2,14,64,230,0,2,15,46,59,9,4,2,0,0,0,1,1,1,0,190,3,3.5457035609211727
2020-09-25,19878,699,224,572,3325,3716,1487,560,1,0,0,3,22,165,196,0,180,541,2952,3794,1374,1014,1,0,0,2,14,64,230,0,2,15,46,59,9,4,2,0,0,0,1,1,1,0,164,0,3.516450347117416
2020-09-26,20049,707,227,578,3354,3738,1496,565,1,0,0,3,22,165,198,0,181,550,2982,3819,1383,1036,1,0,0,2,14,64,236,0,2,15,47,59,9,4,2,0,0,0,1,1,1,0,171,8,3.5263604169784033
2020-09-27,20105,707,228,581,3366,3746,1499,565,1,0,0,3,22,165,198,0,183,552,2993,3830,1386,1036,1,0,0,2,14,64,236,0,2,15,47,59,9,4,2,0,0,0,1,1,1,0,56,0,3.5165381745834368
2020-09-28,20227,708,231,584,3395,3774,1506,566,1,0,0,3,22,165,198,0,183,557,3010,3848,1392,1040,2,0,0,2,14,64,236,1,2,15,47,59,9,4,2,0,0,0,1,1,1,0,122,1,3.5002719137786125
2020-09-29,20368,710,232,588,3428,3795,1511,569,1,0,0,4,22,165,199,0,184,565,3034,3875,1401,1045,2,0,0,2,14,64,236,1,2,15,47,59,9,4,2,0,0,0,1,1,1,0,141,2,3.48586017282011
2020-09-30,20578,711,234,593,3467,3841,1523,571,1,0,0,4,22,166,199,0,187,573,3074,3911,1415,1048,2,0,0,2,14,64,236,1,2,15,47,59,9,4,2,0,0,0,1,1,1,0,210,1,3.455146272718437
2020-10-01,20845,712,238,602,3521,3897,1539,573,2,0,0,4,22,167,199,0,189,584,3114,3965,1428,1051,2,0,0,2,14,64,236,1,2,15,47,61,9,4,2,0,0,0,1,1,1,0,267,1,3.415687215159511
2020-10-02,21094,714,239,612,3566,3950,1552,583,3,0,0,4,22,167,201,0,189,591,3155,4010,1432,1068,4,0,0,2,14,64,236,1,2,15,47,61,9,4,2,0,0,0,1,1,1,0,249,2,3.3848487721627003
2020-10-03,21308,715,240,620,3616,3995,1567,587,3,0,0,4,22,167,201,0,193,598,3182,4043,1439,1079,4,0,0,2,14,64,237,1,2,15,48,62,9,4,2,0,0,0,1,1,1,0,214,1,3.3555472123146237
2020-10-04,21428,715,240,628,3637,4023,1573,588,4,0,0,4,22,167,201,0,194,600,3201,4061,1443,1081,10,0,0,2,14,64,237,1,2,15,50,63,9,4,2,0,0,0,1,1,1,0,120,0,3.336755646817249
2020-10-05,21549,717,240,633,3655,4050,1580,589,4,0,0,4,22,168,202,0,195,606,3223,4087,1447,1085,10,0,0,2,14,64,237,1,2,15,50,63,9,4,2,0,0,0,1,1,1,0,121,2,3.327300570792148
2020-10-06,21868,720,244,645,3703,4109,1605,591,4,0,0,4,22,168,203,0,199,623,3278,4153,1462,1095,10,0,0,2,14,64,239,1,2,15,51,64,9,4,2,0,0,0,1,1,1,0,319,3,3.2924821657216023
2020-10-07,22254,723,244,661,3776,4201,1626,596,4,0,0,4,22,169,204,0,200,632,3329,4237,1489,1100,10,0,0,2,14,65,239,1,2,15,51,66,9,4,2,0,0,0,1,1,1,0,386,3,3.2488541385818284
2020-10-08,22613,726,249,669,3863,4275,1645,600,4,0,0,4,23,169,206,0,205,638,3380,4312,1508,1103,10,0,0,2,14,65,239,1,2,15,53,67,9,4,2,0,0,0,1,1,1,0,359,3,3.2105426082342015
2020-10-09,22950,728,253,677,3926,4345,1662,602,4,0,0,4,23,169,207,0,208,649,3444,4377,1528,1110,10,0,0,2,14,65,240,1,3,15,54,67,10,4,2,0,0,0,1,1,1,0,337,2,3.1721132897603486
2020-10-10,23221,733,257,686,3974,4398,1677,610,4,0,0,4,23,169,210,0,212,659,3487,4431,1542,1118,10,0,0,2,14,65,242,1,3,15,54,68,10,4,2,0,0,0,1,1,1,0,271,5,3.1566254683260837
2020-10-11,23425,735,259,693,4011,4446,1689,611,4,0,0,4,23,170,210,0,215,664,3521,4470,1555,1120,10,0,0,2,14,65,243,1,3,15,54,69,10,4,2,0,0,0,1,1,1,0,204,2,3.1376734258271073
2020-10-12,23726,745,262,707,4064,4494,1712,626,4,0,0,4,23,172,214,0,222,673,3560,4523,1570,1139,10,0,0,2,14,66,246,1,3,15,56,70,10,4,2,0,0,0,1,1,1,0,301,10,3.1400151732276824
2020-10-13,24171,750,268,718,4149,4583,1740,631,4,0,0,4,24,172,215,0,229,688,3630,4610,1600,1149,10,0,0,2,14,67,248,1,3,15,57,71,10,4,2,0,0,0,1,1,1,0,445,5,3.1028918952463695
2020-10-14,24688,756,281,739,4218,4682,1772,639,4,0,0,4,25,172,216,0,237,705,3728,4717,1628,1161,10,0,0,2,14,68,251,1,3,15,60,73,10,4,2,0,0,0,1,1,1,0,517,6,3.0622164614387555
2020-10-15,25241,758,284,751,4358,4790,1803,643,4,0,0,4,25,172,217,0,241,719,3835,4795,1663,1172,10,0,0,2,14,68,252,1,3,17,64,73,10,4,2,0,0,0,1,1,1,0,553,2,3.0030505922903217
2020-10-16,25766,759,291,757,4501,4889,1836,647,4,0,0,4,25,173,217,0,244,727,3927,4877,1701,1178,10,0,0,2,14,68,252,1,3,17,67,74,10,4,2,0,0,0,1,1,1,0,525,1,2.945742451292401
2020-10-17,26181,759,292,762,4586,4983,1862,648,4,0,0,4,25,173,217,0,246,743,4000,4957,1724,1185,10,0,0,2,14,68,252,1,3,17,69,74,10,4,2,0,0,0,1,1,1,0,415,0,2.8990489286123524
2020-10-18,26439,762,295,776,4648,5028,1876,652,4,0,0,4,26,173,218,0,249,748,4048,5002,1735,1188,10,0,0,2,14,68,253,1,3,17,70,74,10,4,2,0,0,0,1,1,1,0,258,3,2.8821059798025646
2020-10-19,26795,764,299,784,4717,5113,1897,657,4,0,0,4,26,173,219,0,251,771,4098,5062,1756,1195,10,0,0,2,14,69,253,1,3,17,71,74,10,4,2,0,0,0,1,1,1,0,356,2,2.8512782235491696
2020-10-20,27379,768,308,809,4827,5229,1928,672,4,0,0,4,26,173,221,0,259,797,4191,5164,1787,1210,10,0,0,2,14,69,255,1,3,17,71,77,10,4,2,0,0,0,1,1,1,0,584,4,2.8050695788743196
2020-10-21,28231,778,317,841,4977,5380,1985,685,4,0,0,4,26,176,223,0,267,820,4341,5341,1847,1227,10,0,0,2,14,72,257,1,3,17,74,79,10,4,2,0,0,0,1,1,1,0,852,10,2.755835783358719
2020-10-22,29170,801,322,864,5164,5540,2051,710,4,0,0,4,26,177,229,0,274,843,4496,5508,1912,1275,10,0,0,2,14,77,268,1,3,18,76,83,11,4,2,0,0,0,1,1,1,0,939,23,2.74597188892698
2020-10-23,29941,811,330,879,5332,5696,2096,727,5,0,0,4,26,178,232,0,283,865,4631,5632,1953,1298,10,0,0,2,14,77,274,1,3,19,77,86,13,4,2,0,0,0,1,1,1,0,771,10,2.7086603653852577
2020-10-24,30795,823,339,890,5478,5859,2149,740,5,0,0,4,26,180,234,0,291,879,4795,5809,2003,1339,10,0,0,2,14,81,278,1,3,19,80,87,14,4,2,0,0,0,1,1,1,0,854,12,2.6725117713914597
2020-10-25,31196,832,346,893,5559,5927,2169,750,5,0,0,4,26,181,237,0,294,900,4864,5883,2024,1357,10,0,0,2,14,81,282,1,3,19,80,91,16,4,2,0,0,0,1,2,1,0,401,9,2.66700859084498
2020-10-26,31853,852,352,908,5659,6042,2215,771,6,0,0,4,27,186,243,0,301,924,4963,6002,2065,1413,10,0,0,2,14,81,290,1,3,20,82,94,17,4,2,0,0,0,1,2,1,0,657,20,2.67478730417857
2020-10-27,32934,870,363,939,5863,6255,2275,789,6,0,0,4,28,189,247,0,306,956,5151,6207,2130,1455,10,0,0,2,14,84,297,1,3,21,85,97,17,4,2,0,0,0,1,2,1,0,1081,18,2.6416469302240846
2020-10-28,34259,880,375,985,6133,6508,2388,810,6,0,0,4,28,191,251,0,319,1000,5346,6443,2207,1494,10,0,0,2,15,86,298,1,3,21,87,101,17,4,2,0,0,0,1,2,1,0,1325,10,2.568668087217957
2020-10-29,35794,903,390,1044,6404,6775,2482,846,6,0,0,4,28,192,260,0,336,1064,5613,6714,2305,1561,10,0,0,2,15,90,307,1,3,21,90,107,17,4,2,0,0,0,1,2,1,0,1535,23,2.5227691791920432
2020-10-30,37248,923,405,1109,6657,7038,2562,868,6,0,0,4,28,193,266,0,352,1102,5863,6978,2408,1621,10,0,0,2,16,92,317,1,3,23,100,115,21,5,2,0,0,0,1,2,1,0,1454,20,2.477985395189003
2020-10-31,38254,933,420,1140,6847,7209,2619,884,6,0,0,4,28,195,270,0,364,1134,6032,7187,2466,1662,10,0,0,2,17,92,320,1,3,24,101,118,21,5,2,0,0,0,1,2,1,0,1006,10,2.438960631567941
2020-11-01,38967,939,429,1163,6993,7324,2672,891,6,0,0,4,28,197,272,0,372,1148,6146,7323,2522,1684,10,0,0,2,17,93,321,1,3,24,106,121,23,5,2,0,0,0,1,2,1,0,713,6,2.4097313111094003
2020-11-02,39987,948,442,1203,7190,7477,2738,910,6,0,0,4,30,199,274,0,378,1205,6334,7510,2575,1715,10,0,0,2,17,93,324,1,3,25,108,128,23,5,2,0,0,0,1,2,1,0,1020,9,2.3707705004126343
2020-11-03,41281,962,458,1266,7414,7713,2830,939,6,0,0,4,31,203,278,0,388,1248,6544,7757,2648,1759,10,0,0,2,17,95,327,1,3,27,111,129,24,5,2,0,0,0,1,2,1,0,1294,14,2.330369903829849
2020-11-04,42855,981,474,1331,7669,8009,2922,956,6,0,0,4,31,206,282,0,399,1293,6819,8072,2757,1829,10,0,0,2,18,98,335,1,3,27,116,132,24,5,2,0,0,0,1,2,1,0,1574,19,2.289114455722786
2020-11-05,44286,991,498,1389,7938,8260,3013,977,6,0,0,4,31,208,286,0,417,1339,7067,8355,2838,1864,10,0,0,2,18,98,339,1,3,27,119,134,25,5,2,0,0,0,1,2,1,0,1431,10,2.2377274985322675
2020-11-06,45767,1006,518,1459,8228,8517,3093,1005,6,0,0,5,32,210,294,0,437,1405,7306,8634,2919,1900,10,0,0,2,18,100,340,1,3,28,126,140,26,5,2,0,0,0,1,2,1,0,1481,15,2.1980903270915726
2020-11-07,47057,1018,538,1526,8453,8749,3171,1024,6,0,0,5,33,210,297,0,452,1465,7533,8854,2994,1944,10,0,0,2,18,100,348,1,3,28,128,143,29,5,2,0,0,0,1,2,1,0,1290,12,2.163333829185881
2020-11-08,47716,1022,554,1565,8558,8874,3209,1030,6,0,0,5,33,211,299,0,459,1496,7653,8977,3024,1960,10,0,0,2,18,100,349,1,3,28,129,145,29,5,2,0,0,0,1,2,1,0,659,4,2.141839215357532
2020-11-09,48616,1033,562,1606,8707,9040,3282,1047,6,0,0,5,33,213,304,0,475,1525,7812,9130,3075,1991,10,0,0,2,18,100,353,1,3,28,132,148,30,5,2,0,0,0,1,2,1,0,900,11,2.124814875761066
2020-11-10,49982,1045,578,1665,8940,9269,3365,1072,6,0,0,5,33,214,309,0,488,1591,8046,9402,3153,2044,10,0,0,2,18,100,359,1,3,29,132,151,30,6,2,0,0,0,1,2,1,0,1366,12,2.0907526709615465
2020-11-11,51615,1074,597,1728,9232,9560,3460,1101,6,0,0,5,33,221,316,0,503,1656,8310,9710,3253,2128,10,0,0,2,18,102,372,1,3,31,136,153,30,6,2,0,0,0,1,2,1,0,1633,29,2.080790467887242
2020-11-12,53287,1099,610,1806,9498,9870,3568,1132,6,0,0,5,34,228,321,0,527,1725,8573,10044,3353,2204,10,1,0,2,18,103,382,1,3,31,136,153,30,6,2,0,0,0,1,2,1,0,1672,25,2.062416724529435
2020-11-13,54704,1115,620,1870,9722,10133,3661,1164,6,0,0,5,34,231,330,0,544,1795,8820,10301,3429,2265,10,1,0,2,18,103,386,1,3,31,138,154,30,6,2,0,0,0,1,2,1,0,1417,16,2.038242176074876
2020-11-14,55800,1133,636,1921,9913,10322,3723,1193,6,0,0,5,34,234,338,0,565,1842,8991,10501,3500,2308,10,1,0,2,18,104,392,1,3,31,140,157,30,6,2,0,0,0,1,2,1,0,1096,18,2.030465949820788
2020-11-15,56227,1140,639,1938,9972,10385,3756,1210,6,0,0,5,34,235,342,0,574,1866,9046,10590,3530,2333,10,1,0,2,18,105,393,1,3,32,141,158,30,6,2,0,0,0,1,2,1,0,427,7,2.0274956871254024
2020-11-16,57068,1154,647,1982,10107,10524,3817,1230,7,0,0,5,34,240,348,0,579,1900,9166,10772,3583,2368,10,1,0,2,18,106,395,1,3,32,143,160,30,6,2,0,0,0,1,2,1,0,841,14,2.022149015209925
2020-11-17,58398,1191,659,2033,10293,10771,3898,1260,7,0,0,5,34,245,360,0,587,1947,9356,11027,3690,2480,10,1,0,2,18,111,410,1,3,33,145,161,30,6,2,0,0,0,1,2,1,0,1330,37,2.0394534059385596
2020-11-18,59990,1222,675,2091,10560,11036,3991,1305,7,0,0,5,34,251,372,0,604,1998,9590,11357,3792,2586,10,1,0,2,19,112,420,1,3,34,149,162,32,6,2,0,0,0,1,3,1,0,1592,31,2.037006167694616
2020-11-19,61658,1238,704,2159,10848,11329,4097,1334,8,0,0,5,35,253,373,0,624,2054,9873,11666,3901,2658,10,1,0,2,20,115,428,1,3,34,152,164,32,6,2,0,0,0,1,3,1,0,1668,16,2.0078497518570178
2020-11-20,63117,1252,719,2238,11088,11571,4187,1354,8,0,0,5,35,255,376,0,650,2129,10091,11940,3992,2743,10,1,0,2,20,115,437,1,3,34,154,166,32,6,2,0,0,0,1,3,1,0,1459,14,1.9836177258107959
2020-11-21,64151,1263,734,2301,11255,11731,4261,1376,8,0,0,5,35,255,380,0,663,2179,10246,12149,4057,2783,10,1,0,2,21,115,443,1,3,34,154,166,33,6,2,0,0,0,1,3,1,0,1034,11,1.9687923804773113
2020-11-22,64666,1276,742,2317,11320,11812,4298,1389,8,0,0,5,35,255,384,0,673,2198,10316,12245,4100,2840,10,1,0,2,22,117,449,1,3,34,154,166,33,6,2,0,0,0,1,3,1,0,515,13,1.9732162187239044
2020-11-23,65397,1287,758,2341,11424,11954,4342,1409,8,0,0,5,36,258,388,0,680,2226,10442,12369,4154,2878,10,1,0,2,22,117,451,1,3,35,155,167,34,6,2,0,0,0,1,4,1,0,731,11,1.9679801825771823
2020-11-24,66579,1300,776,2394,11611,12176,4412,1440,8,0,0,5,37,260,392,0,691,2279,10622,12593,4243,2916,11,1,0,2,23,118,455,1,3,35,156,171,34,6,2,0,0,0,1,4,1,0,1182,13,1.952567626428754
2020-11-25,67980,1317,794,2433,11814,12438,4503,1479,8,0,0,5,39,262,397,0,703,2319,10863,12878,4335,2986,11,1,0,2,23,119,462,1,3,37,158,175,35,6,2,0,0,0,1,4,1,0,1401,17,1.937334510150044
2020-11-26,69429,1336,817,2503,12035,12686,4584,1511,8,0,0,5,39,265,402,0,720,2364,11088,13157,4448,3072,11,1,0,2,23,121,471,1,3,37,161,180,36,6,2,0,0,0,1,4,1,0,1449,19,1.9242679571936798
2020-11-27,70446,1348,829,2544,12182,12858,4643,1537,8,0,0,5,39,267,407,0,739,2409,11255,13354,4506,3142,11,1,0,2,23,121,476,1,3,37,162,182,36,7,2,0,0,0,1,4,1,0,1017,12,1.9135224143315446
2020-11-28,71293,1356,838,2573,12298,13011,4720,1564,9,0,0,5,39,269,411,0,751,2438,11374,13525,4574,3173,11,1,0,2,23,121,478,1,3,37,166,183,36,7,2,0,0,0,1,4,1,0,847,8,1.9020100150084862
2020-11-29,71660,1358,845,2591,12345,13068,4748,1571,9,0,0,5,39,270,411,0,759,2450,11429,13588,4614,3195,11,1,0,2,23,122,478,1,3,37,167,185,36,7,2,0,0,0,1,4,1,0,367,2,1.8950600055819147
2020-11-30,72240,1363,852,2611,12437,13151,4794,1587,9,0,0,5,39,273,412,0,766,2469,11521,13679,4661,3253,12,1,0,2,23,122,479,1,3,38,167,185,36,7,2,0,0,0,1,4,1,0,580,5,1.886766334440753
2020-12-01,73248,1377,865,2641,12583,13329,4851,1612,9,0,0,5,39,275,417,0,781,2515,11675,13893,4732,3308,12,1,0,2,23,124,484,1,3,38,169,186,37,7,2,0,0,0,1,4,1,0,1008,14,1.8799148099606815
2020-12-02,74589,1385,881,2688,12799,13587,4934,1648,10,0,0,5,39,275,422,0,797,2552,11885,14173,4811,3362,12,1,0,2,23,124,487,1,3,38,171,191,38,7,2,0,0,0,1,4,1,0,1341,8,1.856842161712853
2020-12-03,75971,1392,896,2745,13018,13809,5012,1684,10,0,0,5,39,277,426,0,820,2612,12111,14442,4898,3439,12,1,0,2,23,124,488,1,4,38,176,193,40,10,2,0,0,0,1,4,1,0,1382,7,1.8322781061194404
2020-12-04,77054,1398,901,2774,13166,13974,5078,1720,10,0,0,5,39,278,429,0,830,2643,12295,14656,4978,3539,13,1,0,2,23,124,490,1,4,39,183,198,40,10,3,0,0,0,1,4,1,0,1083,6,1.8143120409063775
2020-12-05,77950,1399,910,2819,13316,14129,5132,1737,10,0,0,5,39,278,430,0,844,2686,12412,14834,5033,3587,13,1,0,2,23,124,490,1,4,40,185,200,44,11,4,0,0,0,1,4,1,0,896,1,1.7947402180885184
2020-12-06,78226,1399,913,2834,13353,14179,5147,1746,10,0,0,5,39,278,430,0,849,2697,12448,14879,5051,3616,13,1,0,2,23,124,490,1,4,40,186,201,44,12,4,0,0,0,1,4,1,0,276,0,1.7884079462071434
2020-12-07,79067,1404,921,2873,13466,14319,5217,1769,10,0,0,5,39,279,431,0,859,2738,12585,15016,5105,3678,13,1,0,2,23,124,493,1,4,41,189,204,44,12,4,0,0,0,1,4,1,0,841,5,1.7757092086458321
2020-12-08,80180,1409,925,2912,13612,14546,5299,1805,11,0,0,5,39,279,433,0,869,2762,12743,15242,5184,3754,13,1,0,2,25,124,494,1,4,41,192,206,44,12,4,0,0,0,1,4,1,0,1113,5,1.7572960838114242
2020-12-09,81611,1413,942,2955,13846,14810,5400,1844,12,0,0,5,39,279,435,0,883,2818,12969,15521,5263,3823,13,1,0,2,25,125,495,1,4,42,196,207,47,12,4,0,0,0,1,4,1,0,1431,4,1.7313842496722256
2020-12-10,83261,1415,958,3032,14113,15083,5496,1910,12,0,0,5,39,279,437,0,894,2877,13210,15805,5369,3959,13,1,0,2,25,125,495,1,4,43,203,211,49,16,4,0,0,0,1,4,1,0,1650,2,1.6994751444253613
2020-12-11,84375,1419,970,3077,14277,15268,5569,1948,12,0,0,5,39,280,437,0,909,2924,13385,16014,5435,4025,13,1,0,2,25,125,498,1,4,44,213,215,51,18,4,0,0,0,1,4,1,0,1114,4,1.6817777777777778
2020-12-12,84771,1419,974,3093,14328,15331,5597,1958,12,0,0,5,39,280,437,0,912,2935,13442,16101,5462,4058,14,1,0,2,25,125,498,1,4,44,216,216,52,18,4,0,0,0,1,4,1,0,396,0,1.673921506175461
