,AnzahlFall,AnzahlTodesfall,M_A00-A04_c,M_A05-A14_c,M_A15-A34_c,M_A35-A59_c,M_A60-A79_c,M_A80+_c,M_unbekannt_c,M_A00-A04_d,M_A05-A14_d,M_A15-A34_d,M_A35-A59_d,M_A60-A79_d,M_A80+_d,M_unbekannt_d,W_A00-A04_c,W_A05-A14_c,W_A15-A34_c,W_A35-A59_c,W_A60-A79_c,W_A80+_c,W_unbekannt_c,W_A00-A04_d,W_A05-A14_d,W_A15-A34_d,W_A35-A59_d,W_A60-A79_d,W_A80+_d,W_unbekannt_d,unbekannt_A00-A04_c,unbekannt_A05-A14_c,unbekannt_A15-A34_c,unbekannt_A35-A59_c,unbekannt_A60-A79_c,unbekannt_A80+_c,unbekannt_unbekannt_c,unbekannt_A00-A04_d,unbekannt_A05-A14_d,unbekannt_A15-A34_d,unbekannt_A35-A59_d,unbekannt_A60-A79_d,unbekannt_A80+_d,unbekannt_unbekannt_d
2020-01-02,1,0,0,0,0,0,0,0,0,0,0,0,0,0,0,0,0,0,0,1,0,0,0,0,0,0,0,0,0,0,0,0,0,0,0,0,0,0,0,0,0,0,0,0
2020-01-03,0,0,0,0,0,0,0,0,0,0,0,0,0,0,0,0,0,0,0,0,0,0,0,0,0,0,0,0,0,0,0,0,0,0,0,0,0,0,0,0,0,0,0,0
2020-01-04,0,0,0,0,0,0,0,0,0,0,0,0,0,0,0,0,0,0,0,0,0,0,0,0,0,0,0,0,0,0,0,0,0,0,0,0,0,0,0,0,0,0,0,0
2020-01-05,0,0,0,0,0,0,0,0,0,0,0,0,0,0,0,0,0,0,0,0,0,0,0,0,0,0,0,0,0,0,0,0,0,0,0,0,0,0,0,0,0,0,0,0
2020-01-06,0,0,0,0,0,0,0,0,0,0,0,0,0,0,0,0,0,0,0,0,0,0,0,0,0,0,0,0,0,0,0,0,0,0,0,0,0,0,0,0,0,0,0,0
2020-01-07,0,0,0,0,0,0,0,0,0,0,0,0,0,0,0,0,0,0,0,0,0,0,0,0,0,0,0,0,0,0,0,0,0,0,0,0,0,0,0,0,0,0,0,0
2020-01-08,0,0,0,0,0,0,0,0,0,0,0,0,0,0,0,0,0,0,0,0,0,0,0,0,0,0,0,0,0,0,0,0,0,0,0,0,0,0,0,0,0,0,0,0
2020-01-09,0,0,0,0,0,0,0,0,0,0,0,0,0,0,0,0,0,0,0,0,0,0,0,0,0,0,0,0,0,0,0,0,0,0,0,0,0,0,0,0,0,0,0,0
2020-01-10,0,0,0,0,0,0,0,0,0,0,0,0,0,0,0,0,0,0,0,0,0,0,0,0,0,0,0,0,0,0,0,0,0,0,0,0,0,0,0,0,0,0,0,0
2020-01-11,0,0,0,0,0,0,0,0,0,0,0,0,0,0,0,0,0,0,0,0,0,0,0,0,0,0,0,0,0,0,0,0,0,0,0,0,0,0,0,0,0,0,0,0
2020-01-12,1,0,0,0,0,0,0,0,0,0,0,0,0,0,0,0,0,0,0,1,0,0,0,0,0,0,0,0,0,0,0,0,0,0,0,0,0,0,0,0,0,0,0,0
2020-01-13,0,0,0,0,0,0,0,0,0,0,0,0,0,0,0,0,0,0,0,0,0,0,0,0,0,0,0,0,0,0,0,0,0,0,0,0,0,0,0,0,0,0,0,0
2020-01-14,0,0,0,0,0,0,0,0,0,0,0,0,0,0,0,0,0,0,0,0,0,0,0,0,0,0,0,0,0,0,0,0,0,0,0,0,0,0,0,0,0,0,0,0
2020-01-15,0,0,0,0,0,0,0,0,0,0,0,0,0,0,0,0,0,0,0,0,0,0,0,0,0,0,0,0,0,0,0,0,0,0,0,0,0,0,0,0,0,0,0,0
2020-01-16,0,0,0,0,0,0,0,0,0,0,0,0,0,0,0,0,0,0,0,0,0,0,0,0,0,0,0,0,0,0,0,0,0,0,0,0,0,0,0,0,0,0,0,0
2020-01-17,0,0,0,0,0,0,0,0,0,0,0,0,0,0,0,0,0,0,0,0,0,0,0,0,0,0,0,0,0,0,0,0,0,0,0,0,0,0,0,0,0,0,0,0
2020-01-18,0,0,0,0,0,0,0,0,0,0,0,0,0,0,0,0,0,0,0,0,0,0,0,0,0,0,0,0,0,0,0,0,0,0,0,0,0,0,0,0,0,0,0,0
2020-01-19,0,0,0,0,0,0,0,0,0,0,0,0,0,0,0,0,0,0,0,0,0,0,0,0,0,0,0,0,0,0,0,0,0,0,0,0,0,0,0,0,0,0,0,0
2020-01-20,0,0,0,0,0,0,0,0,0,0,0,0,0,0,0,0,0,0,0,0,0,0,0,0,0,0,0,0,0,0,0,0,0,0,0,0,0,0,0,0,0,0,0,0
2020-01-21,0,0,0,0,0,0,0,0,0,0,0,0,0,0,0,0,0,0,0,0,0,0,0,0,0,0,0,0,0,0,0,0,0,0,0,0,0,0,0,0,0,0,0,0
2020-01-22,0,0,0,0,0,0,0,0,0,0,0,0,0,0,0,0,0,0,0,0,0,0,0,0,0,0,0,0,0,0,0,0,0,0,0,0,0,0,0,0,0,0,0,0
2020-01-23,0,0,0,0,0,0,0,0,0,0,0,0,0,0,0,0,0,0,0,0,0,0,0,0,0,0,0,0,0,0,0,0,0,0,0,0,0,0,0,0,0,0,0,0
2020-01-24,0,0,0,0,0,0,0,0,0,0,0,0,0,0,0,0,0,0,0,0,0,0,0,0,0,0,0,0,0,0,0,0,0,0,0,0,0,0,0,0,0,0,0,0
2020-01-25,0,0,0,0,0,0,0,0,0,0,0,0,0,0,0,0,0,0,0,0,0,0,0,0,0,0,0,0,0,0,0,0,0,0,0,0,0,0,0,0,0,0,0,0
2020-01-26,0,0,0,0,0,0,0,0,0,0,0,0,0,0,0,0,0,0,0,0,0,0,0,0,0,0,0,0,0,0,0,0,0,0,0,0,0,0,0,0,0,0,0,0
2020-01-27,0,0,0,0,0,0,0,0,0,0,0,0,0,0,0,0,0,0,0,0,0,0,0,0,0,0,0,0,0,0,0,0,0,0,0,0,0,0,0,0,0,0,0,0
2020-01-28,1,0,0,0,0,0,0,0,0,0,0,0,0,0,0,0,0,0,0,1,0,0,0,0,0,0,0,0,0,0,0,0,0,0,0,0,0,0,0,0,0,0,0,0
2020-01-29,0,0,0,0,0,0,0,0,0,0,0,0,0,0,0,0,0,0,0,0,0,0,0,0,0,0,0,0,0,0,0,0,0,0,0,0,0,0,0,0,0,0,0,0
2020-01-30,1,0,0,0,0,1,0,0,0,0,0,0,0,0,0,0,0,0,0,0,0,0,0,0,0,0,0,0,0,0,0,0,0,0,0,0,0,0,0,0,0,0,0,0
2020-01-31,0,0,0,0,0,0,0,0,0,0,0,0,0,0,0,0,0,0,0,0,0,0,0,0,0,0,0,0,0,0,0,0,0,0,0,0,0,0,0,0,0,0,0,0
2020-02-01,0,0,0,0,0,0,0,0,0,0,0,0,0,0,0,0,0,0,0,0,0,0,0,0,0,0,0,0,0,0,0,0,0,0,0,0,0,0,0,0,0,0,0,0
2020-02-02,0,0,0,0,0,0,0,0,0,0,0,0,0,0,0,0,0,0,0,0,0,0,0,0,0,0,0,0,0,0,0,0,0,0,0,0,0,0,0,0,0,0,0,0
2020-02-03,0,0,0,0,0,0,0,0,0,0,0,0,0,0,0,0,0,0,0,0,0,0,0,0,0,0,0,0,0,0,0,0,0,0,0,0,0,0,0,0,0,0,0,0
2020-02-04,0,0,0,0,0,0,0,0,0,0,0,0,0,0,0,0,0,0,0,0,0,0,0,0,0,0,0,0,0,0,0,0,0,0,0,0,0,0,0,0,0,0,0,0
2020-02-05,0,0,0,0,0,0,0,0,0,0,0,0,0,0,0,0,0,0,0,0,0,0,0,0,0,0,0,0,0,0,0,0,0,0,0,0,0,0,0,0,0,0,0,0
2020-02-06,0,0,0,0,0,0,0,0,0,0,0,0,0,0,0,0,0,0,0,0,0,0,0,0,0,0,0,0,0,0,0,0,0,0,0,0,0,0,0,0,0,0,0,0
2020-02-07,0,0,0,0,0,0,0,0,0,0,0,0,0,0,0,0,0,0,0,0,0,0,0,0,0,0,0,0,0,0,0,0,0,0,0,0,0,0,0,0,0,0,0,0
2020-02-08,0,0,0,0,0,0,0,0,0,0,0,0,0,0,0,0,0,0,0,0,0,0,0,0,0,0,0,0,0,0,0,0,0,0,0,0,0,0,0,0,0,0,0,0
2020-02-09,0,0,0,0,0,0,0,0,0,0,0,0,0,0,0,0,0,0,0,0,0,0,0,0,0,0,0,0,0,0,0,0,0,0,0,0,0,0,0,0,0,0,0,0
2020-02-10,0,0,0,0,0,0,0,0,0,0,0,0,0,0,0,0,0,0,0,0,0,0,0,0,0,0,0,0,0,0,0,0,0,0,0,0,0,0,0,0,0,0,0,0
2020-02-11,0,0,0,0,0,0,0,0,0,0,0,0,0,0,0,0,0,0,0,0,0,0,0,0,0,0,0,0,0,0,0,0,0,0,0,0,0,0,0,0,0,0,0,0
2020-02-12,1,0,0,0,0,0,0,0,0,0,0,0,0,0,0,0,0,0,0,0,1,0,0,0,0,0,0,0,0,0,0,0,0,0,0,0,0,0,0,0,0,0,0,0
2020-02-13,0,0,0,0,0,0,0,0,0,0,0,0,0,0,0,0,0,0,0,0,0,0,0,0,0,0,0,0,0,0,0,0,0,0,0,0,0,0,0,0,0,0,0,0
2020-02-14,0,0,0,0,0,0,0,0,0,0,0,0,0,0,0,0,0,0,0,0,0,0,0,0,0,0,0,0,0,0,0,0,0,0,0,0,0,0,0,0,0,0,0,0
2020-02-15,0,0,0,0,0,0,0,0,0,0,0,0,0,0,0,0,0,0,0,0,0,0,0,0,0,0,0,0,0,0,0,0,0,0,0,0,0,0,0,0,0,0,0,0
2020-02-16,0,0,0,0,0,0,0,0,0,0,0,0,0,0,0,0,0,0,0,0,0,0,0,0,0,0,0,0,0,0,0,0,0,0,0,0,0,0,0,0,0,0,0,0
2020-02-17,0,0,0,0,0,0,0,0,0,0,0,0,0,0,0,0,0,0,0,0,0,0,0,0,0,0,0,0,0,0,0,0,0,0,0,0,0,0,0,0,0,0,0,0
2020-02-18,0,0,0,0,0,0,0,0,0,0,0,0,0,0,0,0,0,0,0,0,0,0,0,0,0,0,0,0,0,0,0,0,0,0,0,0,0,0,0,0,0,0,0,0
2020-02-19,0,0,0,0,0,0,0,0,0,0,0,0,0,0,0,0,0,0,0,0,0,0,0,0,0,0,0,0,0,0,0,0,0,0,0,0,0,0,0,0,0,0,0,0
2020-02-20,1,0,0,0,0,0,0,0,0,0,0,0,0,0,0,0,0,0,0,1,0,0,0,0,0,0,0,0,0,0,0,0,0,0,0,0,0,0,0,0,0,0,0,0
2020-02-21,0,0,0,0,0,0,0,0,0,0,0,0,0,0,0,0,0,0,0,0,0,0,0,0,0,0,0,0,0,0,0,0,0,0,0,0,0,0,0,0,0,0,0,0
2020-02-22,0,0,0,0,0,0,0,0,0,0,0,0,0,0,0,0,0,0,0,0,0,0,0,0,0,0,0,0,0,0,0,0,0,0,0,0,0,0,0,0,0,0,0,0
2020-02-23,0,0,0,0,0,0,0,0,0,0,0,0,0,0,0,0,0,0,0,0,0,0,0,0,0,0,0,0,0,0,0,0,0,0,0,0,0,0,0,0,0,0,0,0
2020-02-24,0,0,0,0,0,0,0,0,0,0,0,0,0,0,0,0,0,0,0,0,0,0,0,0,0,0,0,0,0,0,0,0,0,0,0,0,0,0,0,0,0,0,0,0
2020-02-25,0,0,0,0,0,0,0,0,0,0,0,0,0,0,0,0,0,0,0,0,0,0,0,0,0,0,0,0,0,0,0,0,0,0,0,0,0,0,0,0,0,0,0,0
2020-02-26,3,0,0,0,1,1,0,0,0,0,0,0,0,0,0,0,0,0,0,1,0,0,0,0,0,0,0,0,0,0,0,0,0,0,0,0,0,0,0,0,0,0,0,0
2020-02-27,19,0,0,0,5,3,0,0,0,0,0,0,0,0,0,0,0,1,4,6,0,0,0,0,0,0,0,0,0,0,0,0,0,0,0,0,0,0,0,0,0,0,0,0
2020-02-28,35,0,1,0,7,4,2,0,0,0,0,0,0,0,0,0,2,1,10,6,2,0,0,0,0,0,0,0,0,0,0,0,0,0,0,0,0,0,0,0,0,0,0,0
2020-02-29,15,0,0,1,5,4,0,0,0,0,0,0,0,0,0,0,0,0,2,2,1,0,0,0,0,0,0,0,0,0,0,0,0,0,0,0,0,0,0,0,0,0,0,0
2020-03-01,23,0,0,0,4,3,1,0,0,0,0,0,0,0,0,0,0,0,10,4,1,0,0,0,0,0,0,0,0,0,0,0,0,0,0,0,0,0,0,0,0,0,0,0
2020-03-02,15,0,0,0,3,5,0,0,0,0,0,0,0,0,0,0,0,0,4,1,2,0,0,0,0,0,0,0,0,0,0,0,0,0,0,0,0,0,0,0,0,0,0,0
2020-03-03,29,0,0,0,5,10,2,0,0,0,0,0,0,0,0,0,0,1,5,4,2,0,0,0,0,0,0,0,0,0,0,0,0,0,0,0,0,0,0,0,0,0,0,0
2020-03-04,90,1,0,0,16,21,6,1,0,0,0,0,0,1,0,0,0,3,21,22,0,0,0,0,0,0,0,0,0,0,0,0,0,0,0,0,0,0,0,0,0,0,0,0
2020-03-05,97,0,1,0,23,21,4,0,0,0,0,0,0,0,0,0,1,2,17,20,7,1,0,0,0,0,0,0,0,0,0,0,0,0,0,0,0,0,0,0,0,0,0,0
2020-03-06,62,1,0,0,6,17,8,0,0,0,0,0,0,0,0,0,0,0,9,14,7,1,0,0,0,0,0,0,1,0,0,0,0,0,0,0,0,0,0,0,0,0,0,0
2020-03-07,67,3,0,1,10,16,4,0,0,0,0,0,0,1,0,0,0,1,16,12,6,1,0,0,0,0,0,1,1,0,0,0,0,0,0,0,0,0,0,0,0,0,0,0
2020-03-08,26,0,1,0,3,8,0,1,0,0,0,0,0,0,0,0,0,1,3,7,1,1,0,0,0,0,0,0,0,0,0,0,0,0,0,0,0,0,0,0,0,0,0,0
2020-03-09,97,5,0,0,10,36,7,3,0,0,0,0,0,2,2,0,0,2,9,24,6,0,0,0,0,0,0,1,0,0,0,0,0,0,0,0,0,0,0,0,0,0,0,0
2020-03-10,175,0,0,0,28,53,23,4,0,0,0,0,0,0,0,0,0,1,20,31,12,3,0,0,0,0,0,0,0,0,0,0,0,0,0,0,0,0,0,0,0,0,0,0
2020-03-11,202,3,0,3,27,56,25,2,0,0,0,0,1,1,1,0,1,0,24,47,15,2,0,0,0,0,0,0,0,0,0,0,0,0,0,0,0,0,0,0,0,0,0,0
2020-03-12,284,3,2,1,32,108,24,3,0,0,0,0,0,1,1,0,1,0,24,63,23,2,0,0,0,0,0,0,1,0,0,0,1,0,0,0,0,0,0,0,0,0,0,0
2020-03-13,420,7,0,2,40,159,46,2,0,0,0,0,2,1,0,0,0,3,48,90,25,5,0,0,0,0,0,1,3,0,0,0,0,0,0,0,0,0,0,0,0,0,0,0
2020-03-14,323,3,2,1,36,118,26,5,0,0,0,0,0,0,3,0,0,4,33,87,10,1,0,0,0,0,0,0,0,0,0,0,0,0,0,0,0,0,0,0,0,0,0,0
2020-03-15,241,6,0,0,32,73,24,5,0,0,0,0,0,2,2,0,1,0,21,69,13,3,0,0,0,0,1,1,0,0,0,0,0,0,0,0,0,0,0,0,0,0,0,0
2020-03-16,611,11,1,4,64,225,50,11,0,0,0,0,0,1,5,0,0,4,46,160,37,9,0,0,0,0,1,2,2,0,0,0,0,0,0,0,0,0,0,0,0,0,0,0
2020-03-17,908,14,5,4,127,291,77,17,0,0,0,0,0,3,6,0,1,4,104,216,50,12,0,0,0,0,0,2,3,0,0,0,0,0,0,0,0,0,0,0,0,0,0,0
2020-03-18,716,19,2,10,92,234,71,15,0,0,0,0,1,4,8,0,1,0,89,146,47,9,0,0,0,0,0,1,5,0,0,0,0,0,0,0,0,0,0,0,0,0,0,0
2020-03-19,1141,23,5,3,156,326,115,19,0,0,0,0,2,8,5,0,0,3,139,271,84,20,0,0,0,0,0,0,8,0,0,0,0,0,0,0,0,0,0,0,0,0,0,0
2020-03-20,875,20,1,4,107,254,101,19,0,0,0,0,1,7,6,0,5,8,92,214,58,12,0,0,0,0,1,0,5,0,0,0,0,0,0,0,0,0,0,0,0,0,0,0
2020-03-21,691,16,3,5,100,191,62,13,0,0,0,0,1,4,6,0,1,3,86,147,65,14,0,0,0,0,0,1,4,0,0,0,0,1,0,0,0,0,0,0,0,0,0,0
2020-03-22,435,22,1,5,62,116,41,11,0,0,0,0,2,5,7,0,0,1,45,96,36,21,0,0,0,0,0,1,7,0,0,0,0,0,0,0,0,0,0,0,0,0,0,0
2020-03-23,881,26,2,7,96,265,95,20,0,0,0,0,4,3,7,0,1,7,94,212,72,10,0,0,0,0,1,7,4,0,0,0,0,0,0,0,0,0,0,0,0,0,0,0
2020-03-24,798,24,1,1,88,193,89,16,0,0,0,0,1,11,5,0,3,8,105,170,79,45,0,0,0,0,0,1,6,0,0,0,0,0,0,0,0,0,0,0,0,0,0,0
2020-03-25,1039,37,2,10,113,245,103,32,0,0,0,0,5,4,10,0,1,3,131,233,120,46,0,0,0,0,0,7,11,0,0,0,0,0,0,0,0,0,0,0,0,0,0,0
2020-03-26,1045,38,2,10,123,247,114,34,0,0,0,0,3,11,10,0,2,7,132,230,103,41,0,0,0,0,0,6,8,0,0,0,0,0,0,0,0,0,0,0,0,0,0,0
2020-03-27,1100,46,4,5,120,259,118,26,0,0,0,0,2,13,13,0,5,8,151,252,96,56,0,0,0,0,1,7,10,0,0,0,0,0,0,0,0,0,0,0,0,0,0,0
2020-03-28,750,38,4,4,87,158,88,27,0,0,0,0,3,10,8,0,3,6,109,154,71,39,0,0,0,0,0,5,12,0,0,0,0,0,0,0,0,0,0,0,0,0,0,0
2020-03-29,631,41,1,2,59,139,69,23,0,0,0,0,2,9,10,0,1,7,84,151,57,38,0,0,0,0,0,6,14,0,0,0,0,0,0,0,0,0,0,0,0,0,0,0
2020-03-30,770,43,2,11,82,162,101,28,0,0,0,0,6,12,15,0,2,10,83,176,75,38,0,0,0,0,1,2,7,0,0,0,0,0,0,0,0,0,0,0,0,0,0,0
2020-03-31,1058,59,2,5,108,201,123,49,0,0,0,0,3,16,20,0,4,12,135,259,100,60,0,0,0,0,1,8,11,0,0,0,0,0,0,0,0,0,0,0,0,0,0,0
2020-04-01,1156,84,4,7,116,200,110,61,0,0,0,0,2,15,25,0,4,10,147,261,128,108,0,0,0,0,0,9,33,0,0,0,0,0,0,0,0,0,0,0,0,0,0,0
2020-04-02,1207,66,4,17,130,226,125,53,0,0,0,0,3,8,19,0,2,9,161,240,131,109,0,0,0,0,1,6,29,0,0,0,0,0,0,0,0,0,0,0,0,0,0,0
2020-04-03,1054,73,5,15,109,165,102,65,0,0,0,1,2,12,20,0,3,10,131,220,115,113,0,0,0,0,1,10,27,0,0,0,0,1,0,0,0,0,0,0,0,0,0,0
2020-04-04,685,40,0,4,72,118,73,29,0,0,0,0,0,13,7,0,0,11,86,149,65,77,0,0,0,0,1,3,16,0,0,0,0,1,0,0,0,0,0,0,0,0,0,0
2020-04-05,508,47,1,5,37,92,54,33,0,0,0,0,0,8,12,0,1,5,51,116,52,61,0,0,0,0,1,4,22,0,0,0,0,0,0,0,0,0,0,0,0,0,0,0
2020-04-06,876,73,4,8,98,148,75,44,0,0,0,0,4,14,22,0,2,5,110,192,85,105,0,0,0,0,0,5,28,0,0,0,0,0,0,0,0,0,0,0,0,0,0,0
2020-04-07,914,55,6,4,84,172,75,44,0,0,0,1,1,8,20,0,3,8,126,221,78,93,0,0,0,0,0,2,23,0,0,0,0,0,0,0,0,0,0,0,0,0,0,0
2020-04-08,1046,76,6,6,98,152,93,58,0,0,0,0,1,11,28,0,2,11,135,253,118,114,0,1,0,0,4,5,26,0,0,0,0,0,0,0,0,0,0,0,0,0,0,0
2020-04-09,1010,58,4,6,118,184,92,40,0,0,0,0,4,8,16,0,5,7,136,226,94,98,0,0,0,0,2,5,23,0,0,0,0,0,0,0,0,0,0,0,0,0,0,0
2020-04-10,615,38,2,4,69,114,40,36,0,0,0,0,3,8,11,0,2,7,87,143,44,67,0,0,0,0,0,1,15,0,0,0,0,0,0,0,0,0,0,0,0,0,0,0
2020-04-11,585,36,3,9,57,104,43,28,0,0,0,0,1,6,6,0,4,6,70,124,49,88,0,0,0,0,1,3,19,0,0,0,0,0,0,0,0,0,0,0,0,0,0,0
2020-04-12,383,31,1,5,39,59,30,29,0,0,0,0,0,7,11,0,1,4,43,87,44,41,0,0,0,0,0,5,8,0,0,0,0,0,0,0,0,0,0,0,0,0,0,0
2020-04-13,293,23,2,2,29,57,27,24,0,0,0,0,2,3,9,0,1,2,40,41,23,44,0,0,0,0,0,2,7,0,0,0,1,0,0,0,0,0,0,0,0,0,0,0
2020-04-14,519,51,2,7,62,86,52,33,0,0,0,0,2,10,16,0,4,6,71,101,44,50,0,0,0,0,1,9,13,0,0,0,0,1,0,0,0,0,0,0,0,0,0,0
2020-04-15,667,39,2,4,81,116,58,36,0,0,0,0,1,6,12,0,3,6,89,134,62,75,0,0,0,0,0,4,16,0,0,0,1,0,0,0,0,0,0,0,0,0,0,0
2020-04-16,739,35,5,7,109,114,68,22,0,0,0,0,2,9,7,0,6,7,120,165,55,61,0,0,0,0,0,5,12,0,0,0,0,0,0,0,0,0,0,0,0,0,0,0
2020-04-17,635,34,1,4,89,94,56,36,0,0,0,1,0,4,12,0,6,3,80,142,62,62,0,0,0,0,0,3,14,0,0,0,0,0,0,0,0,0,0,0,0,0,0,0
2020-04-18,466,24,3,1,58,76,42,22,0,0,0,0,1,5,6,0,3,6,59,90,42,64,0,0,0,0,1,0,11,0,0,0,0,0,0,0,0,0,0,0,0,0,0,0
2020-04-19,339,26,1,5,56,61,34,13,1,0,0,0,0,7,6,0,5,1,36,63,31,32,0,0,0,0,0,2,11,0,0,0,0,0,0,0,0,0,0,0,0,0,0,0
2020-04-20,554,37,1,7,55,95,80,31,0,0,0,0,0,15,8,0,4,6,74,105,40,56,0,0,0,0,0,1,13,0,0,0,0,0,0,0,0,0,0,0,0,0,0,0
2020-04-21,455,25,3,20,66,81,39,13,0,0,0,0,2,3,7,0,5,8,68,80,37,35,0,0,0,0,1,3,9,0,0,0,0,0,0,0,0,0,0,0,0,0,0,0
2020-04-22,476,18,10,7,76,61,35,17,0,0,0,0,1,0,6,0,4,7,65,106,35,53,0,0,0,0,0,2,9,0,0,0,0,0,0,0,0,0,0,0,0,0,0,0
2020-04-23,387,14,3,17,57,69,29,18,0,0,0,0,0,5,4,0,4,8,48,80,21,33,0,0,0,0,1,0,4,0,0,0,0,0,0,0,0,0,0,0,0,0,0,0
2020-04-24,332,7,4,4,52,54,28,9,0,0,0,0,0,1,2,0,2,3,53,62,33,28,0,0,0,0,1,0,3,0,0,0,0,0,0,0,0,0,0,0,0,0,0,0
2020-04-25,222,11,3,2,27,45,16,13,0,0,0,0,1,3,2,0,1,8,30,34,22,20,0,0,0,0,0,1,4,0,0,0,1,0,0,0,0,0,0,0,0,0,0,0
2020-04-26,152,3,2,1,21,33,11,3,0,0,0,0,0,0,1,0,0,5,18,33,9,16,0,0,0,0,1,1,0,0,0,0,0,0,0,0,0,0,0,0,0,0,0,0
2020-04-27,225,12,2,8,38,43,24,10,0,0,0,0,0,3,1,0,0,1,32,30,18,19,0,0,0,0,0,3,5,0,0,0,0,0,0,0,0,0,0,0,0,0,0,0
2020-04-28,266,14,3,5,48,48,12,11,0,0,0,1,1,2,6,0,1,2,48,48,19,21,0,0,0,0,0,1,3,0,0,0,0,0,0,0,0,0,0,0,0,0,0,0
2020-04-29,249,6,1,5,33,45,19,5,0,0,0,0,0,1,1,0,0,7,45,48,19,22,0,0,0,0,0,2,2,0,0,0,0,0,0,0,0,0,0,0,0,0,0,0
2020-04-30,383,12,2,9,64,48,28,18,0,0,0,0,0,2,6,0,4,9,54,91,18,37,0,0,0,0,1,0,3,0,0,0,1,0,0,0,0,0,0,0,0,0,0,0
2020-05-01,231,12,2,3,29,35,25,11,0,0,0,0,2,0,3,0,0,4,35,49,16,22,0,0,0,0,0,3,4,0,0,0,0,0,0,0,0,0,0,0,0,0,0,0
2020-05-02,148,4,2,6,18,27,10,10,0,0,0,0,1,1,0,0,3,5,18,28,10,11,0,0,0,0,0,0,2,0,0,0,0,0,0,0,0,0,0,0,0,0,0,0
2020-05-03,121,5,2,2,17,29,9,7,0,0,0,0,0,3,2,0,4,2,13,22,8,6,0,0,0,0,0,0,0,0,0,0,0,0,0,0,0,0,0,0,0,0,0,0
2020-05-04,171,6,3,3,29,34,17,6,0,0,0,0,0,3,0,0,2,1,26,31,6,11,0,0,0,0,0,0,3,0,0,1,1,0,0,0,0,0,0,0,0,0,0,0
2020-05-05,239,9,2,7,33,62,20,6,0,0,0,0,1,1,4,0,5,6,23,49,14,12,0,0,0,0,0,0,3,0,0,0,0,0,0,0,0,0,0,0,0,0,0,0
2020-05-06,317,7,2,6,53,55,25,15,0,0,0,0,0,2,1,0,7,7,36,61,28,22,0,0,0,0,0,1,3,0,0,0,0,0,0,0,0,0,0,0,0,0,0,0
2020-05-07,319,9,2,8,56,78,20,9,0,0,0,0,0,1,2,0,1,2,43,54,23,23,0,0,0,0,0,3,3,0,0,0,0,0,0,0,0,0,0,0,0,0,0,0
2020-05-08,215,4,0,11,33,49,17,9,0,0,0,0,0,1,1,0,3,4,34,36,13,5,0,0,0,0,0,2,0,0,0,0,1,0,0,0,0,0,0,0,0,0,0,0
2020-05-09,191,7,3,4,30,50,15,2,0,0,0,0,1,3,1,0,2,3,23,39,10,10,0,0,0,0,0,0,2,0,0,0,0,0,0,0,0,0,0,0,0,0,0,0
2020-05-10,104,2,1,1,25,22,7,1,0,0,0,0,0,0,1,0,0,0,11,26,8,2,0,0,0,0,0,1,0,0,0,0,0,0,0,0,0,0,0,0,0,0,0,0
2020-05-11,201,2,1,7,41,52,10,6,0,0,0,0,0,0,1,0,5,5,22,33,8,11,0,0,0,0,0,0,1,0,0,0,0,0,0,0,0,0,0,0,0,0,0,0
2020-05-12,226,5,1,9,43,38,8,9,0,0,0,0,1,0,1,0,2,4,30,47,16,19,0,0,0,0,0,1,2,0,0,0,0,0,0,0,0,0,0,0,0,0,0,0
2020-05-13,211,6,3,4,34,39,11,11,0,0,0,0,0,1,2,0,4,6,29,42,15,13,0,0,0,0,0,2,1,0,0,0,0,0,0,0,0,0,0,0,0,0,0,0
2020-05-14,193,4,2,6,16,40,20,7,0,0,0,0,0,0,0,0,2,4,26,41,11,17,0,0,0,0,0,1,3,0,0,1,0,0,0,0,0,0,0,0,0,0,0,0
2020-05-15,217,6,1,8,50,47,17,2,0,0,0,0,1,2,1,0,2,5,19,36,17,12,0,0,0,0,0,0,2,0,0,0,0,1,0,0,0,0,0,0,0,0,0,0
2020-05-16,140,3,0,3,39,26,7,1,0,0,0,0,0,0,0,0,2,8,16,18,6,14,0,0,0,0,0,1,2,0,0,0,0,0,0,0,0,0,0,0,0,0,0,0
2020-05-17,90,1,4,4,29,21,4,0,0,0,0,0,0,1,0,0,0,4,12,10,1,1,0,0,0,0,0,0,0,0,0,0,0,0,0,0,0,0,0,0,0,0,0,0
2020-05-18,187,3,4,7,54,41,11,1,0,0,0,0,0,2,0,0,4,7,24,21,6,2,0,0,0,0,0,1,0,0,0,0,5,0,0,0,0,0,0,0,0,0,0,0
2020-05-19,193,1,7,5,40,28,10,6,0,0,0,0,0,0,0,0,4,2,30,35,13,13,0,0,0,0,0,0,1,0,0,0,0,0,0,0,0,0,0,0,0,0,0,0
2020-05-20,159,5,2,5,34,33,11,4,0,0,0,0,0,2,2,0,2,3,24,26,11,3,0,0,0,0,0,0,1,0,0,0,1,0,0,0,0,0,0,0,0,0,0,0
2020-05-21,108,0,0,6,26,21,5,1,0,0,0,0,0,0,0,0,2,4,15,18,7,3,0,0,0,0,0,0,0,0,0,0,0,0,0,0,0,0,0,0,0,0,0,0
2020-05-22,95,4,2,3,15,22,7,3,0,0,0,0,0,1,2,0,1,3,10,20,3,5,1,0,0,0,0,0,1,0,0,0,0,0,0,0,0,0,0,0,0,0,0,0
2020-05-23,74,0,0,3,7,12,5,2,0,0,0,0,0,0,0,0,0,2,14,18,4,3,0,0,0,0,0,0,0,0,0,0,4,0,0,0,0,0,0,0,0,0,0,0
2020-05-24,56,3,1,0,7,5,4,1,0,0,0,0,0,0,0,0,0,2,11,8,3,14,0,0,0,0,0,0,3,0,0,0,0,0,0,0,0,0,0,0,0,0,0,0
2020-05-25,135,4,2,8,29,16,12,5,0,0,0,0,0,0,1,0,1,3,17,22,9,11,0,0,0,0,0,0,3,0,0,0,0,0,0,0,0,0,0,0,0,0,0,0
2020-05-26,147,3,2,1,23,39,6,3,0,0,0,0,0,0,1,0,2,3,17,38,7,6,0,0,0,0,1,0,1,0,0,0,0,0,0,0,0,0,0,0,0,0,0,0
2020-05-27,138,3,2,2,23,28,11,1,0,0,0,0,0,1,0,0,1,6,20,25,14,5,0,0,0,0,0,1,1,0,0,0,0,0,0,0,0,0,0,0,0,0,0,0
2020-05-28,115,4,1,0,23,27,8,6,0,0,0,0,0,0,2,0,2,1,13,20,8,6,0,0,0,0,0,1,1,0,0,0,0,0,0,0,0,0,0,0,0,0,0,0
2020-05-29,97,1,0,6,16,25,5,4,0,0,0,0,0,0,1,0,1,3,11,16,6,4,0,0,0,0,0,0,0,0,0,0,0,0,0,0,0,0,0,0,0,0,0,0
2020-05-30,84,0,1,6,17,16,1,2,0,0,0,0,0,0,0,0,4,3,13,11,5,5,0,0,0,0,0,0,0,0,0,0,0,0,0,0,0,0,0,0,0,0,0,0
2020-05-31,44,0,2,1,10,5,2,2,0,0,0,0,0,0,0,0,0,4,6,6,5,1,0,0,0,0,0,0,0,0,0,0,0,0,0,0,0,0,0,0,0,0,0,0
2020-06-01,43,1,0,1,8,2,6,1,0,0,0,0,0,0,1,0,1,1,11,6,2,4,0,0,0,0,0,0,0,0,0,0,0,0,0,0,0,0,0,0,0,0,0,0
2020-06-02,91,2,4,4,15,11,5,0,0,0,0,0,0,0,0,0,2,2,15,21,9,3,0,0,0,0,0,0,2,0,0,0,0,0,0,0,0,0,0,0,0,0,0,0
2020-06-03,119,1,5,1,31,22,6,1,0,0,0,0,0,0,1,0,2,2,18,19,7,5,0,0,0,0,0,0,0,0,0,0,0,0,0,0,0,0,0,0,0,0,0,0
2020-06-04,134,1,2,4,27,35,7,1,0,0,0,0,0,0,0,0,1,1,22,21,5,8,0,0,0,0,0,0,1,0,0,0,0,0,0,0,0,0,0,0,0,0,0,0
2020-06-05,115,2,3,3,19,18,9,4,1,0,0,0,0,2,0,0,1,5,21,22,5,4,0,0,0,0,0,0,0,0,0,0,0,0,0,0,0,0,0,0,0,0,0,0
2020-06-06,95,2,3,4,15,17,3,2,0,0,0,0,0,0,0,0,0,6,22,12,5,6,0,0,0,0,0,1,1,0,0,0,0,0,0,0,0,0,0,0,0,0,0,0
2020-06-07,41,0,0,0,12,9,3,0,0,0,0,0,0,0,0,0,1,7,4,3,2,0,0,0,0,0,0,0,0,0,0,0,0,0,0,0,0,0,0,0,0,0,0,0
2020-06-08,85,2,3,5,13,17,4,2,0,0,0,0,0,0,2,0,1,6,14,15,4,1,0,0,0,0,0,0,0,0,0,0,0,0,0,0,0,0,0,0,0,0,0,0
2020-06-09,123,1,2,7,28,26,8,8,0,0,0,0,0,0,0,0,1,4,12,18,3,6,0,0,0,0,0,0,1,0,0,0,0,0,0,0,0,0,0,0,0,0,0,0
2020-06-10,143,1,3,9,30,32,9,1,0,0,0,0,0,0,0,0,4,4,18,22,9,2,0,0,0,0,0,0,1,0,0,0,0,0,0,0,0,0,0,0,0,0,0,0
2020-06-11,71,0,1,3,12,13,4,3,0,0,0,0,0,0,0,0,0,5,9,12,2,7,0,0,0,0,0,0,0,0,0,0,0,0,0,0,0,0,0,0,0,0,0,0
2020-06-12,84,0,2,2,19,22,3,1,0,0,0,0,0,0,0,0,1,5,13,12,2,2,0,0,0,0,0,0,0,0,0,0,0,0,0,0,0,0,0,0,0,0,0,0
2020-06-13,110,1,1,8,26,23,3,2,0,0,0,0,0,1,0,0,6,4,20,13,1,3,0,0,0,0,0,0,0,0,0,0,0,0,0,0,0,0,0,0,0,0,0,0
2020-06-14,76,5,1,0,15,17,4,1,0,0,0,0,0,0,1,0,0,2,12,12,4,8,0,0,0,0,0,0,4,0,0,0,0,0,0,0,0,0,0,0,0,0,0,0
2020-06-15,98,2,1,1,20,29,3,0,0,0,0,0,0,0,0,0,2,2,16,13,5,6,0,0,0,0,0,0,2,0,0,0,0,0,0,0,0,0,0,0,0,0,0,0
2020-06-16,202,5,4,7,35,52,7,5,0,0,0,0,0,2,2,0,5,5,28,45,3,6,0,0,0,0,0,1,0,0,0,0,0,0,0,0,0,0,0,0,0,0,0,0
2020-06-17,604,2,3,7,142,257,29,0,0,0,0,0,0,2,0,0,4,3,61,84,7,5,0,0,0,0,0,0,0,0,0,0,1,1,0,0,0,0,0,0,0,0,0,0
2020-06-18,223,0,3,6,39,69,10,0,0,0,0,0,0,0,0,0,3,7,35,35,11,5,0,0,0,0,0,0,0,0,0,0,0,0,0,0,0,0,0,0,0,0,0,0
2020-06-19,465,0,6,11,130,161,11,3,0,0,0,0,0,0,0,0,4,7,42,73,14,3,0,0,0,0,0,0,0,0,0,0,0,0,0,0,0,0,0,0,0,0,0,0
2020-06-20,307,3,4,10,85,96,15,5,0,0,0,0,0,1,0,0,2,8,24,47,6,5,0,0,0,0,0,0,2,0,0,0,0,0,0,0,0,0,0,0,0,0,0,0
2020-06-21,155,0,0,0,40,66,4,1,0,0,0,0,0,0,0,0,0,1,15,25,2,0,0,0,0,0,0,0,0,0,0,0,1,0,0,0,0,0,0,0,0,0,0,0
2020-06-22,286,0,4,5,66,103,7,0,0,0,0,0,0,0,0,0,4,7,30,49,8,2,1,0,0,0,0,0,0,0,0,0,0,0,0,0,0,0,0,0,0,0,0,0
2020-06-23,230,3,3,8,42,63,20,0,0,0,0,0,0,3,0,0,1,5,29,46,8,5,0,0,0,0,0,0,0,0,0,0,0,0,0,0,0,0,0,0,0,0,0,0
2020-06-24,239,1,5,12,51,58,8,1,0,0,0,0,0,1,0,0,3,8,35,46,9,3,0,0,0,0,0,0,0,0,0,0,0,0,0,0,0,0,0,0,0,0,0,0
2020-06-25,280,0,4,16,50,65,8,3,0,0,0,0,0,0,0,0,5,10,40,64,10,4,0,0,0,0,0,0,0,0,0,0,1,0,0,0,0,0,0,0,0,0,0,0
2020-06-26,259,2,9,11,56,56,12,3,0,0,0,0,1,0,0,0,8,12,38,40,9,5,0,0,0,0,0,1,0,0,0,0,0,0,0,0,0,0,0,0,0,0,0,0
2020-06-27,165,1,10,3,33,34,7,0,0,0,0,0,1,0,0,0,2,8,29,31,6,0,0,0,0,0,0,0,0,0,0,0,1,1,0,0,0,0,0,0,0,0,0,0
2020-06-28,117,0,3,3,21,25,3,1,0,0,0,0,0,0,0,0,5,8,18,28,0,2,0,0,0,0,0,0,0,0,0,0,0,0,0,0,0,0,0,0,0,0,0,0
2020-06-29,206,0,4,4,35,47,7,0,0,0,0,0,0,0,0,0,5,16,27,40,13,8,0,0,0,0,0,0,0,0,0,0,0,0,0,0,0,0,0,0,0,0,0,0
2020-06-30,178,0,4,10,32,33,10,5,0,0,0,0,0,0,0,0,4,7,26,28,15,4,0,0,0,0,0,0,0,0,0,0,0,0,0,0,0,0,0,0,0,0,0,0
2020-07-01,176,1,3,8,22,41,11,3,0,0,0,0,0,1,0,0,4,7,31,32,7,7,0,0,0,0,0,0,0,0,0,0,0,0,0,0,0,0,0,0,0,0,0,0
2020-07-02,204,1,2,0,43,41,11,3,0,0,0,0,0,0,1,0,9,8,37,40,7,3,0,0,0,0,0,0,0,0,0,0,0,0,0,0,0,0,0,0,0,0,0,0
2020-07-03,170,5,5,7,28,31,8,2,0,0,0,0,0,2,1,0,8,10,28,28,9,6,0,0,0,0,1,0,1,0,0,0,0,0,0,0,0,0,0,0,0,0,0,0
2020-07-04,121,0,1,1,21,26,8,2,0,0,0,0,0,0,0,0,4,2,22,16,11,7,0,0,0,0,0,0,0,0,0,0,0,0,0,0,0,0,0,0,0,0,0,0
2020-07-05,60,1,3,2,14,8,2,0,0,0,0,0,0,0,0,0,4,1,13,10,1,2,0,0,0,0,0,0,1,0,0,0,0,0,0,0,0,0,0,0,0,0,0,0
2020-07-06,81,2,1,5,16,21,3,0,0,0,0,0,1,0,0,0,2,4,14,11,3,1,0,0,0,0,0,1,0,0,0,0,0,0,0,0,0,0,0,0,0,0,0,0
2020-07-07,150,3,0,4,25,36,7,2,0,0,0,0,1,1,0,0,3,8,25,24,8,7,0,0,0,0,0,1,0,0,0,1,0,0,0,0,0,0,0,0,0,0,0,0
2020-07-08,185,3,4,7,33,43,8,3,0,0,0,0,0,0,1,0,5,6,27,32,12,5,0,0,0,0,0,0,2,0,0,0,0,0,0,0,0,0,0,0,0,0,0,0
2020-07-09,155,2,2,9,23,35,7,3,0,0,0,0,0,1,0,0,5,4,32,27,6,2,0,0,0,0,0,0,1,0,0,0,0,0,0,0,0,0,0,0,0,0,0,0
2020-07-10,171,2,4,7,42,25,6,4,0,0,0,0,1,0,1,0,9,8,26,30,8,2,0,0,0,0,0,0,0,0,0,0,0,0,0,0,0,0,0,0,0,0,0,0
2020-07-11,123,0,6,9,21,15,12,0,0,0,0,0,0,0,0,0,5,4,21,22,6,2,0,0,0,0,0,0,0,0,0,0,0,0,0,0,0,0,0,0,0,0,0,0
2020-07-12,62,0,2,1,10,17,1,0,0,0,0,0,0,0,0,0,2,2,15,4,4,4,0,0,0,0,0,0,0,0,0,0,0,0,0,0,0,0,0,0,0,0,0,0
2020-07-13,94,3,3,4,14,24,6,2,0,0,0,0,0,1,1,0,1,6,12,16,5,1,0,0,0,0,0,1,0,0,0,0,0,0,0,0,0,0,0,0,0,0,0,0
2020-07-14,155,1,5,9,20,41,5,1,0,0,0,0,0,0,0,0,1,11,27,25,8,2,0,0,0,0,0,0,1,0,0,0,0,0,0,0,0,0,0,0,0,0,0,0
2020-07-15,220,1,4,13,30,49,17,2,0,0,0,0,0,0,1,0,8,10,44,32,7,4,0,0,0,0,0,0,0,0,0,0,0,0,0,0,0,0,0,0,0,0,0,0
2020-07-16,260,4,12,15,40,52,13,5,0,0,0,0,0,2,1,0,6,10,46,38,18,5,0,0,0,0,0,0,1,0,0,0,0,0,0,0,0,0,0,0,0,0,0,0
2020-07-17,200,2,3,9,45,48,6,3,0,0,0,0,0,0,1,0,3,9,28,31,12,3,0,0,0,0,0,1,0,0,0,0,0,0,0,0,0,0,0,0,0,0,0,0
2020-07-18,146,0,4,8,20,33,11,1,0,0,0,0,0,0,0,0,1,7,20,31,6,3,0,0,0,0,0,0,0,0,0,0,0,1,0,0,0,0,0,0,0,0,0,0
2020-07-19,67,1,2,5,9,16,0,1,0,0,0,0,0,0,0,0,0,5,13,11,1,4,0,0,0,0,0,0,1,0,0,0,0,0,0,0,0,0,0,0,0,0,0,0
2020-07-20,159,2,5,6,42,35,4,0,0,0,0,0,0,0,0,0,1,1,31,26,5,3,0,0,0,0,1,0,1,0,0,0,0,0,0,0,0,0,0,0,0,0,0,0
2020-07-21,184,0,3,6,29,48,12,1,0,0,0,0,0,0,0,0,1,9,31,34,8,2,0,0,0,0,0,0,0,0,0,0,0,0,0,0,0,0,0,0,0,0,0,0
2020-07-22,266,3,4,14,47,60,13,1,0,0,0,0,0,2,0,0,5,13,42,50,12,5,0,0,0,0,0,0,1,0,0,0,0,0,0,0,0,0,0,0,0,0,0,0
2020-07-23,299,1,5,17,49,61,11,2,0,0,0,0,0,0,0,0,12,18,47,61,11,5,0,0,0,0,0,1,0,0,0,0,0,0,0,0,0,0,0,0,0,0,0,0
2020-07-24,310,5,8,20,56,56,12,2,0,0,0,0,0,2,1,0,12,14,55,51,13,8,0,0,0,0,0,0,2,0,1,2,0,0,0,0,0,0,0,0,0,0,0,0
2020-07-25,197,1,3,13,33,42,9,0,1,0,0,0,0,1,0,0,7,11,33,31,9,3,0,0,0,0,0,0,0,0,0,0,1,0,0,1,0,0,0,0,0,0,0,0
2020-07-26,59,0,0,3,9,10,3,2,0,0,0,0,0,0,0,0,3,3,9,11,4,2,0,0,0,0,0,0,0,0,0,0,0,0,0,0,0,0,0,0,0,0,0,0
2020-07-27,168,3,3,9,27,34,13,3,0,0,0,0,0,1,1,0,4,4,30,28,10,3,0,0,0,0,1,0,0,0,0,0,0,0,0,0,0,0,0,0,0,0,0,0
2020-07-28,283,1,6,17,54,47,17,9,0,0,0,0,0,1,0,0,5,21,38,56,8,5,0,0,0,0,0,0,0,0,0,0,0,0,0,0,0,0,0,0,0,0,0,0
2020-07-29,361,4,5,17,79,82,12,3,0,0,0,0,1,1,0,0,4,18,58,60,17,6,0,0,0,0,0,0,2,0,0,0,0,0,0,0,0,0,0,0,0,0,0,0
2020-07-30,348,0,5,20,60,64,19,3,0,0,0,0,0,0,0,0,5,12,72,66,13,7,0,0,0,0,0,0,0,0,0,0,1,1,0,0,0,0,0,0,0,0,0,0
2020-07-31,361,7,2,23,71,73,15,7,0,0,0,0,2,1,3,0,11,21,72,43,12,9,0,0,0,0,0,1,0,0,0,1,0,1,0,0,0,0,0,0,0,0,0,0
2020-08-01,223,1,1,15,48,36,6,3,0,0,0,0,0,1,0,0,6,11,36,46,13,2,0,0,0,0,0,0,0,0,0,0,0,0,0,0,0,0,0,0,0,0,0,0
2020-08-02,151,1,3,5,27,27,9,2,0,0,0,0,0,0,0,0,3,7,27,27,7,7,0,0,0,0,0,0,1,0,0,0,0,0,0,0,0,0,0,0,0,0,0,0
2020-08-03,297,5,6,22,56,48,14,3,0,0,0,0,1,1,1,0,6,16,48,48,18,11,0,0,0,0,0,0,2,0,0,0,1,0,0,0,0,0,0,0,0,0,0,0
2020-08-04,374,4,2,23,74,63,24,5,0,0,0,0,0,1,2,0,5,24,56,74,15,9,0,0,0,0,0,0,1,0,0,0,0,0,0,0,0,0,0,0,0,0,0,0
2020-08-05,450,1,4,25,97,86,15,7,0,0,0,0,0,0,1,0,7,21,80,79,24,5,0,0,0,0,0,0,0,0,0,0,0,0,0,0,0,0,0,0,0,0,0,0
2020-08-06,429,5,8,31,72,86,17,3,0,0,0,0,0,1,1,0,9,26,70,79,14,14,0,0,0,0,0,0,3,0,0,0,0,0,0,0,0,0,0,0,0,0,0,0
2020-08-07,363,3,6,25,71,81,19,4,0,0,0,0,1,1,0,0,3,19,55,69,8,3,0,0,0,0,0,0,1,0,0,0,0,0,0,0,0,0,0,0,0,0,0,0
2020-08-08,334,1,3,30,58,48,13,6,0,0,0,0,0,0,1,0,5,21,59,67,18,6,0,0,0,0,0,0,0,0,0,0,0,0,0,0,0,0,0,0,0,0,0,0
2020-08-09,179,2,2,19,34,30,4,1,0,0,0,0,0,0,1,0,6,8,34,31,7,3,0,0,0,0,0,0,1,0,0,0,0,0,0,0,0,0,0,0,0,0,0,0
2020-08-10,354,1,7,19,69,66,9,5,0,0,0,0,0,1,0,0,10,26,71,62,7,3,0,0,0,0,0,0,0,0,0,0,0,0,0,0,0,0,0,0,0,0,0,0
2020-08-11,430,1,10,30,86,75,15,4,1,0,0,0,0,0,0,0,9,32,82,65,14,7,0,0,0,0,0,0,1,0,0,0,0,0,0,0,0,0,0,0,0,0,0,0
2020-08-12,561,6,17,56,103,86,11,4,0,0,0,0,0,0,3,0,14,47,104,89,17,10,0,0,0,0,0,0,3,0,0,0,1,2,0,0,0,0,0,0,0,0,0,0
2020-08-13,537,1,11,37,110,96,17,3,1,0,0,0,0,0,0,0,14,43,81,103,8,11,0,0,0,0,0,0,1,0,0,0,0,2,0,0,0,0,0,0,0,0,0,0
2020-08-14,498,2,9,49,108,78,16,6,0,0,0,0,0,0,1,0,11,29,89,76,18,9,0,0,0,0,0,0,1,0,0,0,0,0,0,0,0,0,0,0,0,0,0,0
2020-08-15,325,3,7,24,59,42,16,6,0,0,0,0,0,0,0,0,6,30,57,55,12,11,0,0,0,0,1,0,2,0,0,0,0,0,0,0,0,0,0,0,0,0,0,0
2020-08-16,171,2,1,11,42,37,4,4,0,0,0,0,0,1,1,0,4,8,23,24,9,4,0,0,0,0,0,0,0,0,0,0,0,0,0,0,0,0,0,0,0,0,0,0
2020-08-17,386,3,9,25,93,76,10,1,0,0,0,0,2,0,0,0,10,16,63,63,15,5,0,0,0,0,0,0,1,0,0,0,0,0,0,0,0,0,0,0,0,0,0,0
2020-08-18,365,4,12,17,85,65,13,1,0,0,0,0,0,1,0,0,5,17,71,63,13,3,0,0,0,0,0,0,3,0,0,0,0,0,0,0,0,0,0,0,0,0,0,0
2020-08-19,382,1,5,17,93,58,20,2,0,0,0,0,0,1,0,0,5,15,85,64,12,6,0,0,0,0,0,0,0,0,0,0,0,0,0,0,0,0,0,0,0,0,0,0
2020-08-20,363,4,3,19,100,68,18,4,0,0,0,0,0,2,0,0,4,10,61,65,10,1,0,0,0,0,0,2,0,0,0,0,0,0,0,0,0,0,0,0,0,0,0,0
2020-08-21,445,1,8,22,111,77,16,3,0,0,0,0,0,0,0,0,4,17,69,90,18,10,0,0,0,0,0,1,0,0,0,0,0,0,0,0,0,0,0,0,0,0,0,0
2020-08-22,195,1,5,8,47,25,6,3,0,0,0,0,1,0,0,0,4,12,38,35,10,2,0,0,0,0,0,0,0,0,0,0,0,0,0,0,0,0,0,0,0,0,0,0
2020-08-23,155,0,0,10,28,26,7,2,0,0,0,0,0,0,0,0,4,11,33,29,4,1,0,0,0,0,0,0,0,0,0,0,0,0,0,0,0,0,0,0,0,0,0,0
2020-08-24,276,1,7,10,59,46,8,1,0,0,0,0,0,0,0,0,6,12,69,41,12,5,0,0,0,0,0,1,0,0,0,0,0,0,0,0,0,0,0,0,0,0,0,0
2020-08-25,281,0,4,10,61,51,12,3,0,0,0,0,0,0,0,0,3,9,54,58,13,3,0,0,0,0,0,0,0,0,0,0,0,0,0,0,0,0,0,0,0,0,0,0
2020-08-26,306,1,2,15,74,51,14,8,0,0,0,0,1,0,0,0,4,10,54,52,20,2,0,0,0,0,0,0,0,0,0,0,0,0,0,0,0,0,0,0,0,0,0,0
2020-08-27,315,0,7,12,70,56,20,1,0,0,0,0,0,0,0,0,1,12,58,54,20,2,0,0,0,0,0,0,0,0,0,1,0,1,0,0,0,0,0,0,0,0,0,0
2020-08-28,258,0,2,10,64,50,9,2,0,0,0,0,0,0,0,0,5,9,45,45,15,2,0,0,0,0,0,0,0,0,0,0,0,0,0,0,0,0,0,0,0,0,0,0
2020-08-29,162,1,3,4,39,23,8,1,0,0,0,0,0,0,0,0,4,9,35,28,6,2,0,0,0,0,0,0,1,0,0,0,0,0,0,0,0,0,0,0,0,0,0,0
2020-08-30,137,2,0,8,43,20,3,2,0,0,0,0,0,0,1,0,1,3,25,25,4,3,0,0,0,0,0,1,0,0,0,0,0,0,0,0,0,0,0,0,0,0,0,0
2020-08-31,252,2,7,6,69,45,12,3,0,0,0,0,0,1,0,0,1,6,47,41,12,2,0,0,0,0,0,0,1,0,0,0,1,0,0,0,0,0,0,0,0,0,0,0
2020-09-01,250,0,1,8,76,31,11,1,0,0,0,0,0,0,0,0,2,4,49,53,12,2,0,0,0,0,0,0,0,0,0,0,0,0,0,0,0,0,0,0,0,0,0,0
2020-09-02,278,1,2,11,68,49,10,4,0,0,0,0,0,0,1,0,4,10,63,48,7,2,0,0,0,0,0,0,0,0,0,0,0,0,0,0,0,0,0,0,0,0,0,0
2020-09-03,307,5,4,10,69,61,25,4,0,0,0,0,1,3,0,0,1,3,63,46,17,4,0,0,0,0,0,0,1,0,0,0,0,0,0,0,0,0,0,0,0,0,0,0
2020-09-04,291,2,2,15,72,58,11,0,0,0,0,0,0,1,0,0,6,16,57,41,13,0,0,0,0,0,1,0,0,0,0,0,0,0,0,0,0,0,0,0,0,0,0,0
2020-09-05,212,4,6,9,48,34,10,3,0,0,0,0,0,1,1,0,2,11,39,30,16,3,0,0,0,0,0,1,1,0,0,1,0,0,0,0,0,0,0,0,0,0,0,0
2020-09-06,110,0,2,5,25,14,6,0,0,0,0,0,0,0,0,0,2,6,27,19,4,0,0,0,0,0,0,0,0,0,0,0,0,0,0,0,0,0,0,0,0,0,0,0
2020-09-07,226,2,2,5,58,30,16,1,0,0,0,0,1,0,1,0,0,9,43,42,17,3,0,0,0,0,0,0,0,0,0,0,0,0,0,0,0,0,0,0,0,0,0,0
2020-09-08,212,4,4,7,39,37,20,2,0,0,0,0,0,3,1,0,1,5,47,37,10,3,0,0,0,0,0,0,0,0,0,0,0,0,0,0,0,0,0,0,0,0,0,0
2020-09-09,349,2,4,8,67,69,18,4,0,0,0,0,0,0,2,0,6,9,62,78,18,5,1,0,0,0,0,0,0,0,0,0,0,0,0,0,0,0,0,0,0,0,0,0
2020-09-10,317,1,2,9,75,58,16,6,0,0,0,0,0,0,1,0,5,6,65,55,15,5,0,0,0,0,0,0,0,0,0,0,0,0,0,0,0,0,0,0,0,0,0,0
2020-09-11,391,2,3,18,100,66,16,2,0,0,0,0,0,0,2,0,4,19,86,57,14,6,0,0,0,0,0,0,0,0,0,0,0,0,0,0,0,0,0,0,0,0,0,0
2020-09-12,321,3,7,15,55,66,12,5,0,0,0,0,1,0,1,0,2,9,50,71,19,9,0,0,0,0,0,0,1,0,0,0,1,0,0,0,0,0,0,0,0,0,0,0
2020-09-13,188,1,1,8,40,28,4,3,1,0,0,0,0,0,0,0,0,9,45,34,11,4,0,0,0,0,0,0,1,0,0,0,0,0,0,0,0,0,0,0,0,0,0,0
2020-09-14,373,1,8,9,88,74,21,1,0,0,0,0,0,0,1,0,1,8,61,78,18,5,0,0,0,0,0,0,0,0,0,0,1,0,0,0,0,0,0,0,0,0,0,0
2020-09-15,395,3,4,12,66,78,18,5,0,0,0,0,0,0,0,0,3,9,101,64,23,12,0,0,0,0,0,0,3,0,0,0,0,0,0,0,0,0,0,0,0,0,0,0
2020-09-16,472,3,5,11,92,86,26,4,0,0,0,0,0,1,1,0,4,6,100,102,21,15,0,0,0,0,0,0,1,0,0,0,0,0,0,0,0,0,0,0,0,0,0,0
2020-09-17,599,2,14,21,113,99,28,19,1,0,0,0,0,1,0,0,8,17,119,113,29,14,1,0,0,0,0,0,1,0,0,0,1,2,0,0,0,0,0,0,0,0,0,0
2020-09-18,534,6,6,23,117,83,15,9,0,0,0,0,0,0,5,0,8,23,112,97,30,11,0,0,0,0,0,1,0,0,0,0,0,0,0,0,0,0,0,0,0,0,0,0
2020-09-19,397,3,6,19,81,56,24,2,0,0,0,0,1,1,1,0,6,19,75,86,20,2,0,0,0,0,0,0,0,0,0,1,0,0,0,0,0,0,0,0,0,0,0,0
2020-09-20,176,2,0,1,39,28,9,1,0,0,0,0,0,2,0,0,0,7,41,42,8,0,0,0,0,0,0,0,0,0,0,0,0,0,0,0,0,0,0,0,0,0,0,0
2020-09-21,422,2,7,14,95,75,22,0,0,0,0,0,0,2,0,0,6,17,89,73,19,4,0,0,0,0,0,0,0,0,0,0,0,0,1,0,0,0,0,0,0,0,0,0
2020-09-22,458,7,7,18,91,73,25,12,0,0,0,0,0,2,2,0,4,20,92,80,21,15,0,0,0,0,0,0,3,0,0,0,0,0,0,0,0,0,0,0,0,0,0,0
2020-09-23,533,2,9,14,100,113,20,5,3,0,0,0,0,0,0,0,4,20,102,108,24,11,0,0,0,0,0,1,1,0,0,0,0,0,0,0,0,0,0,0,0,0,0,0
2020-09-24,612,4,6,28,138,117,19,8,0,0,0,0,0,0,3,0,7,13,133,109,28,6,0,0,0,0,0,1,0,0,0,0,0,0,0,0,0,0,0,0,0,0,0,0
2020-09-25,632,0,9,37,128,120,27,3,0,0,0,0,0,0,0,0,6,31,121,124,18,8,0,0,0,0,0,0,0,0,0,0,0,0,0,0,0,0,0,0,0,0,0,0
2020-09-26,558,3,3,29,103,107,24,5,0,0,0,0,0,3,0,0,9,26,109,106,22,13,0,0,0,0,0,0,0,0,0,1,1,0,0,0,0,0,0,0,0,0,0,0
2020-09-27,334,6,8,18,62,65,14,1,1,0,0,0,1,2,1,0,7,11,66,61,10,10,0,0,0,0,0,0,2,0,0,0,0,0,0,0,0,0,0,0,0,0,0,0
2020-09-28,440,8,5,17,95,87,17,5,0,0,0,0,0,4,1,0,4,12,77,78,27,16,0,0,0,0,0,1,2,0,0,0,0,0,0,0,0,0,0,0,0,0,0,0
2020-09-29,596,5,6,25,109,102,45,12,1,0,0,0,0,2,2,0,6,23,113,115,29,9,0,0,0,0,0,1,0,0,0,0,1,0,0,0,0,0,0,0,0,0,0,0
2020-09-30,762,5,13,35,159,140,41,12,0,0,0,0,1,0,3,0,5,35,128,160,20,14,0,0,0,0,0,0,1,0,0,0,0,0,0,0,0,0,0,0,0,0,0,0
2020-10-01,839,5,12,38,167,148,47,16,0,0,0,0,0,3,2,0,8,21,148,165,55,14,0,0,0,0,0,0,0,0,0,0,0,0,0,0,0,0,0,0,0,0,0,0
2020-10-02,737,2,4,23,159,132,31,15,0,0,0,0,0,0,2,0,7,26,132,156,37,14,0,0,0,0,0,0,0,0,0,0,1,0,0,0,0,0,0,0,0,0,0,0
2020-10-03,662,1,8,29,129,117,42,7,1,0,0,0,0,1,0,0,9,29,123,111,40,10,2,0,0,0,0,0,0,0,0,1,2,1,0,0,1,0,0,0,0,0,0,0
2020-10-04,331,1,7,10,71,69,14,1,2,0,0,0,0,0,0,0,3,11,64,58,14,6,0,0,0,0,0,0,1,0,0,0,0,0,0,0,1,0,0,0,0,0,0,0
2020-10-05,701,8,5,18,122,137,40,15,1,0,0,0,0,0,3,0,5,24,137,140,40,15,1,0,0,0,0,2,3,0,0,0,1,0,0,0,0,0,0,0,0,0,0,0
2020-10-06,842,6,4,24,184,140,48,7,2,0,0,0,0,4,2,0,11,23,165,176,39,14,3,0,0,0,0,0,0,0,0,2,0,0,0,0,0,0,0,0,0,0,0,0
2020-10-07,1184,12,13,39,228,236,79,14,3,0,0,0,1,1,2,0,5,36,206,224,54,44,2,0,0,0,2,2,4,0,0,1,0,0,0,0,0,0,0,0,0,0,0,0
2020-10-08,1292,12,17,43,241,262,75,11,0,0,0,0,0,3,1,0,10,38,240,247,75,21,1,0,0,0,0,2,6,0,0,0,1,2,0,0,8,0,0,0,0,0,0,0
2020-10-09,1413,13,23,53,277,267,72,17,1,0,0,0,0,2,1,0,23,45,255,263,85,28,0,0,0,0,1,3,6,0,0,0,3,1,0,0,0,0,0,0,0,0,0,0
2020-10-10,1059,5,11,56,219,198,47,6,1,0,0,0,0,1,2,0,12,20,197,218,54,17,2,0,0,0,0,0,2,0,0,0,1,0,0,0,0,0,0,0,0,0,0,0
2020-10-11,745,5,15,30,154,133,44,11,0,0,0,0,0,1,3,0,7,26,128,139,48,9,0,0,0,0,0,0,1,0,0,0,0,0,0,0,1,0,0,0,0,0,0,0
2020-10-12,923,11,15,29,191,179,50,12,0,0,0,0,0,3,3,0,6,31,168,170,50,22,0,0,0,0,0,1,4,0,0,0,0,0,0,0,0,0,0,0,0,0,0,0
2020-10-13,1333,19,20,36,253,270,95,25,3,0,0,0,2,6,6,0,11,63,224,217,82,31,1,0,0,0,0,1,4,0,0,0,0,2,0,0,0,0,0,0,0,0,0,0
2020-10-14,1957,10,24,69,386,379,128,20,1,0,0,0,1,5,0,0,16,46,372,344,124,44,1,0,0,0,0,1,3,0,0,1,2,0,0,0,0,0,0,0,0,0,0,0
2020-10-15,2071,16,26,59,386,386,113,28,2,0,0,0,2,3,7,0,21,80,384,411,141,27,1,0,0,0,0,0,4,0,0,1,1,2,0,0,2,0,0,0,0,0,0,0
2020-10-16,2029,17,28,52,388,392,114,33,1,0,0,0,2,4,6,0,23,40,370,393,122,53,4,0,0,0,0,1,4,0,0,2,1,0,0,0,13,0,0,0,0,0,0,0
2020-10-17,1613,19,21,36,315,289,94,18,2,0,0,0,0,5,5,0,15,38,324,322,86,49,1,0,0,0,0,0,9,0,0,0,0,1,0,0,2,0,0,0,0,0,0,0
2020-10-18,1179,13,13,31,219,213,74,31,1,0,0,0,0,3,8,0,16,45,213,224,72,24,0,0,0,0,1,0,1,0,0,0,2,0,0,0,1,0,0,0,0,0,0,0
2020-10-19,1517,20,31,58,281,251,98,26,0,0,0,0,2,5,10,0,20,50,246,316,88,43,4,0,0,0,0,0,3,0,0,1,1,1,0,0,2,0,0,0,0,0,0,0
2020-10-20,2204,29,17,66,398,465,164,49,4,0,0,0,2,8,12,0,16,59,367,398,139,54,1,0,0,0,1,2,4,0,1,1,3,2,0,0,0,0,0,0,0,0,0,0
2020-10-21,3024,30,26,74,526,616,167,63,4,0,0,0,2,5,7,0,35,79,539,578,209,95,5,0,0,0,1,8,7,0,0,2,5,1,0,0,0,0,0,0,0,0,0,0
2020-10-22,3888,40,43,103,721,774,233,69,7,0,0,0,1,9,12,0,38,95,706,721,253,103,9,0,0,0,1,4,13,0,0,1,6,3,1,0,2,0,0,0,0,0,0,0
2020-10-23,3838,37,40,125,677,723,233,55,8,0,0,0,2,9,11,0,33,113,731,753,230,89,9,0,0,0,0,3,12,0,1,2,4,7,2,1,2,0,0,0,0,0,0,0
2020-10-24,3517,31,40,124,633,675,205,52,1,0,0,0,0,7,9,0,38,110,616,707,208,95,3,0,0,0,1,2,12,0,0,1,4,2,2,0,1,0,0,0,0,0,0,0
2020-10-25,2545,40,35,76,418,497,141,54,9,0,0,0,2,7,11,0,18,78,431,471,175,105,7,0,0,0,1,5,13,1,2,3,5,4,3,0,13,0,0,0,0,0,0,0
2020-10-26,2753,49,32,70,465,520,174,46,9,0,0,0,0,9,16,0,21,97,481,533,180,104,6,0,0,0,1,5,18,0,1,2,5,2,1,0,4,0,0,0,0,0,0,0
2020-10-27,3699,43,31,106,598,767,219,53,2,0,0,2,3,7,13,0,27,91,673,779,238,88,0,0,0,0,0,6,12,0,2,4,10,4,0,0,7,0,0,0,0,0,0,0
2020-10-28,4914,41,54,202,861,986,295,64,1,0,0,0,4,10,12,0,59,171,818,971,292,115,3,0,0,1,0,5,9,0,0,5,8,7,1,0,1,0,0,0,0,0,0,0
2020-10-29,5847,67,59,189,1055,1113,365,96,7,0,1,0,0,15,24,0,69,209,1022,1103,364,160,7,0,0,0,2,6,19,0,1,2,12,10,1,0,3,0,0,0,0,0,0,0
2020-10-30,5228,53,87,204,944,980,313,65,3,0,0,0,2,13,15,0,52,208,893,1031,291,124,3,0,0,0,3,5,15,0,0,6,13,6,0,0,5,0,0,0,0,0,0,0
2020-10-31,3892,35,45,155,699,740,220,66,13,0,0,0,3,7,13,0,44,116,676,715,256,123,5,0,0,0,1,5,6,0,0,0,7,6,3,1,2,0,0,0,0,0,0,0
2020-11-01,3229,33,57,135,569,610,175,46,0,0,0,0,1,8,7,0,52,116,580,572,210,82,5,0,0,0,0,6,11,0,0,3,8,8,1,0,0,0,0,0,0,0,0,0
2020-11-02,3858,48,45,144,647,704,225,78,6,0,0,0,3,9,18,0,44,114,705,770,230,115,4,0,0,0,2,4,12,0,4,3,8,8,2,0,2,0,0,0,0,0,0,0
2020-11-03,4695,63,59,145,818,887,270,96,7,0,0,0,3,13,18,0,60,145,823,912,289,147,5,0,0,0,3,3,23,0,0,7,10,10,3,0,2,0,0,0,0,0,0,0
2020-11-04,5189,44,39,175,860,1015,329,101,3,0,0,0,1,7,18,0,44,157,880,1078,305,153,8,0,0,0,0,4,14,0,3,6,11,19,1,0,2,0,0,0,0,0,0,0
2020-11-05,5847,46,50,226,1011,1087,344,79,7,0,0,0,1,7,14,0,60,240,1037,1165,350,138,10,0,0,0,2,8,14,0,1,2,21,10,6,0,3,0,0,0,0,0,0,0
2020-11-06,5176,41,65,221,925,942,283,96,12,0,0,0,2,5,19,0,56,192,894,951,326,156,9,1,0,0,0,2,12,0,1,7,20,12,3,2,3,0,0,0,0,0,0,0
2020-11-07,3750,49,52,157,653,657,228,59,2,0,0,0,5,9,12,0,37,135,676,708,236,125,5,0,0,0,0,7,16,0,2,3,7,6,1,0,1,0,0,0,0,0,0,0
2020-11-08,2954,25,42,132,467,514,192,63,15,0,0,0,0,6,8,0,36,118,527,529,199,91,21,0,0,0,0,3,8,0,0,3,1,3,1,0,0,0,0,0,0,0,0,0
2020-11-09,4132,45,50,183,757,723,237,90,7,0,0,0,2,7,20,0,43,183,698,739,245,127,12,0,0,0,1,6,8,1,3,4,12,17,1,1,0,0,0,0,0,0,0,0
2020-11-10,4354,56,43,162,727,817,240,94,13,0,0,0,1,7,21,0,52,141,752,862,257,167,3,0,0,0,1,5,21,0,0,5,7,7,4,0,1,0,0,0,0,0,0,0
2020-11-11,5146,61,65,211,857,964,335,89,10,0,0,0,0,14,17,0,51,204,849,988,291,203,5,0,0,0,0,6,24,0,0,3,8,8,1,0,4,0,0,0,0,0,0,0
2020-11-12,5726,57,55,212,925,1057,354,112,3,0,0,0,1,8,23,0,60,202,1018,1140,359,190,5,0,0,0,1,5,19,0,1,2,13,9,2,0,7,0,0,0,0,0,0,0
2020-11-13,5140,61,61,239,834,946,336,108,5,0,0,1,3,14,14,0,57,198,852,958,311,205,3,0,0,0,0,8,21,0,0,7,6,10,1,0,3,0,0,0,0,0,0,0
2020-11-14,4209,67,55,184,643,704,256,115,4,0,0,0,3,5,24,0,48,168,709,833,266,200,3,0,0,0,0,5,30,0,1,5,9,1,1,0,4,0,0,0,0,0,0,0
2020-11-15,2343,28,28,117,360,417,125,43,2,0,0,0,0,4,9,0,17,99,376,478,143,133,3,0,0,0,0,2,13,0,0,1,0,1,0,0,0,0,0,0,0,0,0,0
2020-11-16,3959,63,51,161,644,650,269,86,5,0,0,0,1,11,21,0,39,177,673,738,257,193,7,0,0,0,1,9,20,0,0,0,2,3,0,0,4,0,0,0,0,0,0,0
2020-11-17,4345,56,33,165,660,831,294,116,6,0,0,0,3,9,22,0,43,134,709,865,304,167,4,0,0,0,1,6,14,0,2,0,4,4,0,1,3,0,0,0,0,0,1,0
2020-11-18,5531,61,55,231,913,1024,325,106,5,0,0,0,1,13,24,0,56,173,937,1122,319,228,7,0,0,0,0,3,20,0,2,3,13,8,1,1,2,0,0,0,0,0,0,0
2020-11-19,5725,68,59,248,902,1017,370,118,4,0,0,0,3,9,22,0,48,218,923,1119,386,274,10,0,0,0,0,10,24,0,2,5,8,7,2,0,5,0,0,0,0,0,0,0
2020-11-20,5079,50,55,224,789,950,342,106,5,0,0,0,1,8,14,0,42,190,813,976,326,226,4,0,0,0,2,5,20,0,2,3,10,12,2,0,2,0,0,0,0,0,0,0
2020-11-21,3156,24,29,126,486,539,201,68,2,0,0,0,2,4,7,0,28,133,526,672,210,118,6,0,0,1,0,1,9,0,2,0,4,4,1,0,1,0,0,0,0,0,0,0
2020-11-22,1995,32,26,87,256,347,133,64,4,0,0,0,1,5,10,0,23,96,315,356,148,135,1,0,0,0,0,3,13,0,0,0,2,2,0,0,0,0,0,0,0,0,0,0
2020-11-23,3930,61,37,175,556,666,237,130,3,0,0,0,0,6,17,0,34,165,627,810,256,219,3,0,0,0,0,11,27,0,0,4,3,3,2,0,0,0,0,0,0,0,0,0
2020-11-24,4262,36,37,166,636,826,267,115,2,0,0,0,0,5,9,0,29,156,656,860,279,215,1,0,0,0,0,6,15,0,2,3,6,2,1,1,2,0,0,0,0,0,1,0
2020-11-25,4920,38,51,193,759,927,320,95,6,0,0,0,0,10,8,0,46,182,792,989,329,206,5,0,0,0,1,2,17,0,0,2,5,9,1,0,3,0,0,0,0,0,0,0
2020-11-26,4640,37,73,167,690,839,310,99,3,0,0,0,0,5,12,0,49,152,734,916,331,254,7,0,0,0,1,4,15,0,0,1,5,4,2,1,3,0,0,0,0,0,0,0
2020-11-27,4370,41,44,174,633,766,293,127,6,0,0,0,0,6,9,0,46,138,628,873,308,301,5,0,0,0,0,7,19,0,1,3,8,8,2,0,6,0,0,0,0,0,0,0
2020-11-28,3439,16,42,171,495,560,230,90,3,0,0,0,0,2,6,0,35,150,528,645,247,225,7,0,0,0,0,2,6,0,0,2,3,4,0,0,2,0,0,0,0,0,0,0
2020-11-29,1955,12,24,91,254,341,128,67,0,0,0,0,0,2,2,0,22,91,301,337,137,159,1,0,0,0,0,2,6,0,0,0,1,0,1,0,0,0,0,0,0,0,0,0
2020-11-30,2688,27,32,117,396,445,177,79,7,0,0,0,0,3,6,0,28,121,409,483,192,178,6,0,0,0,1,5,12,0,0,0,8,8,0,0,2,0,0,0,0,0,0,0
2020-12-01,3888,22,35,168,539,703,250,105,6,0,0,0,1,0,5,0,46,122,597,790,280,227,2,0,0,0,1,5,10,0,1,1,6,4,1,1,4,0,0,0,0,0,0,0
2020-12-02,4853,17,50,183,683,847,330,134,4,0,0,0,0,2,9,0,44,191,766,974,328,276,9,0,0,0,0,1,5,0,2,5,4,5,7,3,8,0,0,0,0,0,0,0
2020-12-03,4788,16,55,168,716,846,282,134,16,0,0,0,0,4,5,0,41,132,746,916,330,366,7,0,0,0,0,5,2,0,0,8,11,5,3,0,6,0,0,0,0,0,0,0
2020-12-04,4483,9,42,145,654,792,273,152,4,0,0,0,0,2,3,0,49,147,723,856,321,293,7,0,0,0,0,1,3,0,0,6,10,3,2,0,4,0,0,0,0,0,0,0
2020-12-05,3358,6,38,118,522,582,214,83,6,0,0,0,0,1,2,0,42,129,510,658,231,193,6,0,0,0,0,0,3,0,0,4,8,8,2,1,3,0,0,0,0,0,0,0
2020-12-06,2031,4,22,95,287,353,140,66,4,0,0,0,0,1,0,0,26,64,309,364,138,149,3,0,0,0,0,0,3,0,1,1,6,2,0,0,1,0,0,0,0,0,0,0
2020-12-07,2869,8,38,99,347,481,195,104,12,0,0,0,0,4,1,0,25,105,439,532,226,235,11,0,0,0,0,0,3,0,2,1,6,5,1,2,3,0,0,0,0,0,0,0
