,AnzahlFall,AnzahlTodesfall,M_A00-A04_c,M_A05-A14_c,M_A15-A34_c,M_A35-A59_c,M_A60-A79_c,M_A80+_c,M_un_c,M_A00-A04_d,M_A05-A14_d,M_A15-A34_d,M_A35-A59_d,M_A60-A79_d,M_A80+_d,M_un_d,W_A00-A04_c,W_A05-A14_c,W_A15-A34_c,W_A35-A59_c,W_A60-A79_c,W_A80+_c,W_un_c,W_A00-A04_d,W_A05-A14_d,W_A15-A34_d,W_A35-A59_d,W_A60-A79_d,W_A80+_d,W_un_d,un_A00-A04_c,un_A05-A14_c,un_A15-A34_c,un_A35-A59_c,un_A60-A79_c,un_A80+_c,un_un_c,un_A00-A04_d,un_A05-A14_d,un_A15-A34_d,un_A35-A59_d,un_A60-A79_d,un_A80+_d,un_un_d
2020-02-28,1,0,0,0,0,0,0,0,0,0,0,0,0,0,0,0,0,0,1,0,0,0,0,0,0,0,0,0,0,0,0,0,0,0,0,0,0,0,0,0,0,0,0,0
2020-02-29,0,0,0,0,0,0,0,0,0,0,0,0,0,0,0,0,0,0,0,0,0,0,0,0,0,0,0,0,0,0,0,0,0,0,0,0,0,0,0,0,0,0,0,0
2020-03-01,4,0,0,0,2,1,0,0,0,0,0,0,0,0,0,0,0,0,0,1,0,0,0,0,0,0,0,0,0,0,0,0,0,0,0,0,0,0,0,0,0,0,0,0
2020-03-02,4,0,0,0,4,0,0,0,0,0,0,0,0,0,0,0,0,0,0,0,0,0,0,0,0,0,0,0,0,0,0,0,0,0,0,0,0,0,0,0,0,0,0,0
2020-03-03,4,0,0,1,0,0,0,0,0,0,0,0,0,0,0,0,0,1,0,2,0,0,0,0,0,0,0,0,0,0,0,0,0,0,0,0,0,0,0,0,0,0,0,0
2020-03-04,2,0,0,0,0,1,0,0,0,0,0,0,0,0,0,0,0,0,0,1,0,0,0,0,0,0,0,0,0,0,0,0,0,0,0,0,0,0,0,0,0,0,0,0
2020-03-05,6,0,0,0,0,0,0,0,0,0,0,0,0,0,0,0,0,0,3,2,1,0,0,0,0,0,0,0,0,0,0,0,0,0,0,0,0,0,0,0,0,0,0,0
2020-03-06,1,0,0,0,0,1,0,0,0,0,0,0,0,0,0,0,0,0,0,0,0,0,0,0,0,0,0,0,0,0,0,0,0,0,0,0,0,0,0,0,0,0,0,0
2020-03-07,4,0,0,0,0,1,1,0,0,0,0,0,0,0,0,0,0,0,0,1,1,0,0,0,0,0,0,0,0,0,0,0,0,0,0,0,0,0,0,0,0,0,0,0
2020-03-08,0,0,0,0,0,0,0,0,0,0,0,0,0,0,0,0,0,0,0,0,0,0,0,0,0,0,0,0,0,0,0,0,0,0,0,0,0,0,0,0,0,0,0,0
2020-03-09,20,0,0,0,2,4,0,0,0,0,0,0,0,0,0,0,0,0,0,13,1,0,0,0,0,0,0,0,0,0,0,0,0,0,0,0,0,0,0,0,0,0,0,0
2020-03-10,16,0,0,0,2,6,1,0,0,0,0,0,0,0,0,0,0,0,1,6,0,0,0,0,0,0,0,0,0,0,0,0,0,0,0,0,0,0,0,0,0,0,0,0
2020-03-11,37,0,0,1,3,11,5,0,0,0,0,0,0,0,0,0,0,0,5,10,2,0,0,0,0,0,0,0,0,0,0,0,0,0,0,0,0,0,0,0,0,0,0,0
2020-03-12,37,0,0,0,3,17,4,0,0,0,0,0,0,0,0,0,0,0,2,10,1,0,0,0,0,0,0,0,0,0,0,0,0,0,0,0,0,0,0,0,0,0,0,0
2020-03-13,79,0,0,2,2,34,6,0,0,0,0,0,0,0,0,0,0,1,6,21,6,1,0,0,0,0,0,0,0,0,0,0,0,0,0,0,0,0,0,0,0,0,0,0
2020-03-14,83,1,0,0,6,38,6,0,0,0,0,0,0,1,0,0,0,0,8,21,4,0,0,0,0,0,0,0,0,0,0,0,0,0,0,0,0,0,0,0,0,0,0,0
2020-03-15,24,0,0,0,1,13,0,0,0,0,0,0,0,0,0,0,0,0,3,7,0,0,0,0,0,0,0,0,0,0,0,0,0,0,0,0,0,0,0,0,0,0,0,0
2020-03-16,127,1,1,1,12,54,7,1,0,0,0,0,1,0,0,0,0,1,15,25,9,1,0,0,0,0,0,0,0,0,0,0,0,0,0,0,0,0,0,0,0,0,0,0
2020-03-17,168,1,1,1,19,50,16,2,0,0,0,0,0,0,1,0,1,3,25,44,6,0,0,0,0,0,0,0,0,0,0,0,0,0,0,0,0,0,0,0,0,0,0,0
2020-03-18,224,1,0,2,42,78,11,0,0,0,0,0,0,1,0,0,0,1,24,52,14,0,0,0,0,0,0,0,0,0,0,0,0,0,0,0,0,0,0,0,0,0,0,0
2020-03-19,203,1,0,2,28,65,28,1,0,0,0,0,0,1,0,0,2,3,18,46,10,0,0,0,0,0,0,0,0,0,0,0,0,0,0,0,0,0,0,0,0,0,0,0
2020-03-20,211,4,0,1,30,75,21,2,0,0,0,0,0,3,0,0,0,2,18,52,8,2,0,0,0,0,0,0,1,0,0,0,0,0,0,0,0,0,0,0,0,0,0,0
2020-03-21,135,3,0,1,19,39,14,2,0,0,0,0,0,1,1,0,0,1,21,29,8,1,0,0,0,0,0,1,0,0,0,0,0,0,0,0,0,0,0,0,0,0,0,0
2020-03-22,59,1,0,0,6,16,11,3,0,0,0,0,0,0,1,0,0,0,5,13,4,1,0,0,0,0,0,0,0,0,0,0,0,0,0,0,0,0,0,0,0,0,0,0
2020-03-23,276,5,1,0,34,83,26,1,0,0,0,0,0,2,1,0,1,2,24,71,29,4,0,0,0,0,0,1,1,0,0,0,0,0,0,0,0,0,0,0,0,0,0,0
2020-03-24,235,9,1,1,43,68,18,6,0,0,0,0,0,3,3,0,0,4,17,62,12,3,0,0,0,0,0,2,1,0,0,0,0,0,0,0,0,0,0,0,0,0,0,0
2020-03-25,247,5,0,2,27,69,36,2,0,0,0,0,1,2,1,0,0,1,29,60,20,1,0,0,0,0,0,0,1,0,0,0,0,0,0,0,0,0,0,0,0,0,0,0
2020-03-26,302,13,2,0,43,63,42,8,0,0,0,0,2,2,5,0,1,2,40,79,16,6,0,0,0,0,2,0,2,0,0,0,0,0,0,0,0,0,0,0,0,0,0,0
2020-03-27,308,15,0,2,39,63,35,16,0,0,0,0,0,4,6,0,0,1,33,74,31,14,0,0,0,0,1,0,4,0,0,0,0,0,0,0,0,0,0,0,0,0,0,0
2020-03-28,185,7,0,0,21,37,26,7,0,0,0,0,0,0,3,0,1,0,22,39,23,9,0,0,0,0,0,1,3,0,0,0,0,0,0,0,0,0,0,0,0,0,0,0
2020-03-29,140,11,0,2,14,32,22,3,0,0,0,0,1,2,2,0,1,1,15,30,12,8,0,0,0,0,0,1,5,0,0,0,0,0,0,0,0,0,0,0,0,0,0,0
2020-03-30,183,11,1,0,21,38,26,8,0,0,0,0,1,4,4,0,0,1,19,47,13,9,0,0,0,0,0,1,1,0,0,0,0,0,0,0,0,0,0,0,0,0,0,0
2020-03-31,254,13,0,0,25,58,41,9,0,0,0,0,0,2,4,0,0,0,29,47,32,13,0,0,0,0,0,2,5,0,0,0,0,0,0,0,0,0,0,0,0,0,0,0
2020-04-01,329,24,2,4,34,50,40,15,0,0,0,0,0,7,8,0,3,4,34,76,38,29,0,0,0,0,0,1,8,0,0,0,0,0,0,0,0,0,0,0,0,0,0,0
2020-04-02,267,23,0,1,30,36,27,12,0,0,0,0,0,5,6,0,4,5,38,54,30,30,0,0,0,0,0,2,10,0,0,0,0,0,0,0,0,0,0,0,0,0,0,0
2020-04-03,250,12,1,5,15,50,28,6,0,0,0,0,0,1,3,0,1,0,31,67,30,16,0,0,0,0,0,2,6,0,0,0,0,0,0,0,0,0,0,0,0,0,0,0
2020-04-04,224,18,2,1,20,35,17,6,0,0,0,0,0,4,3,0,0,2,28,66,26,21,0,0,0,0,0,2,9,0,0,0,0,0,0,0,0,0,0,0,0,0,0,0
2020-04-05,91,6,1,2,8,23,8,2,0,0,0,0,1,2,0,0,0,1,13,19,8,6,0,0,0,0,1,0,2,0,0,0,0,0,0,0,0,0,0,0,0,0,0,0
2020-04-06,139,21,1,1,12,22,27,7,0,0,0,0,2,7,3,0,0,1,8,28,21,11,0,0,0,0,0,3,6,0,0,0,0,0,0,0,0,0,0,0,0,0,0,0
2020-04-07,255,18,4,1,17,56,35,12,0,0,0,0,3,4,3,0,0,0,32,60,20,18,0,0,0,0,1,4,3,0,0,0,0,0,0,0,0,0,0,0,0,0,0,0
2020-04-08,303,19,1,4,27,53,29,15,0,0,0,0,1,4,6,0,2,6,40,70,30,26,0,0,0,0,0,2,6,0,0,0,0,0,0,0,0,0,0,0,0,0,0,0
2020-04-09,292,32,1,5,28,58,30,23,0,0,0,0,2,10,12,0,0,1,32,67,16,31,0,0,0,0,0,2,6,0,0,0,0,0,0,0,0,0,0,0,0,0,0,0
2020-04-10,155,15,0,2,16,25,17,7,0,0,0,0,0,3,3,0,1,4,18,35,12,18,0,0,0,0,0,1,8,0,0,0,0,0,0,0,0,0,0,0,0,0,0,0
2020-04-11,151,15,1,4,8,23,20,12,0,0,0,0,0,6,1,0,0,2,17,32,12,20,0,0,0,0,0,0,8,0,0,0,0,0,0,0,0,0,0,0,0,0,0,0
2020-04-12,99,12,0,1,16,9,9,7,0,0,0,0,0,0,4,0,1,0,9,17,8,22,0,0,0,0,0,0,8,0,0,0,0,0,0,0,0,0,0,0,0,0,0,0
2020-04-13,77,11,0,0,8,10,9,9,0,0,0,0,0,2,5,0,0,0,7,15,7,12,0,0,0,0,0,1,3,0,0,0,0,0,0,0,0,0,0,0,0,0,0,0
2020-04-14,160,15,0,1,17,31,10,5,0,0,0,0,1,2,1,0,1,1,23,39,15,17,0,0,0,0,1,2,8,0,0,0,0,0,0,0,0,0,0,0,0,0,0,0
2020-04-15,227,13,1,1,31,22,24,14,0,0,0,0,0,2,5,0,0,2,24,57,25,26,0,0,0,0,0,2,4,0,0,0,0,0,0,0,0,0,0,0,0,0,0,0
2020-04-16,207,15,0,3,18,49,18,8,0,0,0,0,1,3,7,0,0,3,26,45,25,12,0,0,0,0,0,1,3,0,0,0,0,0,0,0,0,0,0,0,0,0,0,0
2020-04-17,190,10,3,7,21,34,18,7,0,0,0,0,0,3,4,0,0,0,24,52,10,14,0,0,0,0,0,1,2,0,0,0,0,0,0,0,0,0,0,0,0,0,0,0
2020-04-18,129,12,2,1,26,15,12,5,0,0,0,0,1,1,1,0,0,0,14,19,15,20,0,0,0,0,0,1,8,0,0,0,0,0,0,0,0,0,0,0,0,0,0,0
2020-04-19,73,10,0,0,4,7,11,9,0,0,0,0,0,4,3,0,0,0,3,15,2,22,0,0,0,0,0,0,3,0,0,0,0,0,0,0,0,0,0,0,0,0,0,0
2020-04-20,79,8,0,0,9,10,4,11,0,0,0,0,0,2,3,0,0,0,11,18,6,10,0,0,0,0,0,0,3,0,0,0,0,0,0,0,0,0,0,0,0,0,0,0
2020-04-21,169,10,4,1,21,32,10,10,0,0,0,0,1,1,4,0,0,5,20,40,11,15,0,0,0,0,0,0,4,0,0,0,0,0,0,0,0,0,0,0,0,0,0,0
2020-04-22,176,12,2,2,17,31,19,9,0,0,0,0,1,4,5,0,0,1,28,36,16,15,0,0,0,0,0,1,1,0,0,0,0,0,0,0,0,0,0,0,0,0,0,0
2020-04-23,125,8,0,1,14,22,12,7,0,0,0,0,0,2,1,0,2,1,7,24,21,14,0,0,0,0,0,0,5,0,0,0,0,0,0,0,0,0,0,0,0,0,0,0
2020-04-24,102,6,1,0,21,19,14,1,0,0,0,0,0,1,0,0,0,0,18,10,9,9,0,0,0,0,0,0,5,0,0,0,0,0,0,0,0,0,0,0,0,0,0,0
2020-04-25,89,4,1,2,7,15,11,4,0,0,0,0,0,0,1,0,2,0,12,22,7,6,0,0,0,0,0,0,3,0,0,0,0,0,0,0,0,0,0,0,0,0,0,0
2020-04-26,24,3,0,1,6,4,1,0,0,0,0,0,0,0,0,0,0,0,2,3,5,2,0,0,0,0,0,1,2,0,0,0,0,0,0,0,0,0,0,0,0,0,0,0
2020-04-27,68,2,2,1,7,11,11,4,0,0,0,0,0,0,0,0,0,1,9,13,5,4,0,0,0,0,0,1,1,0,0,0,0,0,0,0,0,0,0,0,0,0,0,0
2020-04-28,139,4,1,3,25,22,14,5,0,0,0,0,0,1,0,0,0,0,20,31,8,10,0,0,0,0,0,0,3,0,0,0,0,0,0,0,0,0,0,0,0,0,0,0
2020-04-29,122,1,0,1,24,34,6,2,0,0,0,0,0,1,0,0,1,1,14,26,8,5,0,0,0,0,0,0,0,0,0,0,0,0,0,0,0,0,0,0,0,0,0,0
2020-04-30,104,6,1,1,19,23,8,2,0,0,0,0,0,2,0,0,0,0,13,20,6,11,0,0,0,0,0,0,4,0,0,0,0,0,0,0,0,0,0,0,0,0,0,0
2020-05-01,78,2,0,1,12,10,10,3,0,0,0,0,0,1,1,0,1,3,11,13,8,6,0,0,0,0,0,0,0,0,0,0,0,0,0,0,0,0,0,0,0,0,0,0
2020-05-02,40,1,1,0,5,3,6,2,0,0,0,0,0,1,0,0,0,0,8,8,3,4,0,0,0,0,0,0,0,0,0,0,0,0,0,0,0,0,0,0,0,0,0,0
2020-05-03,26,1,0,0,6,3,3,0,0,0,0,0,0,0,0,0,0,2,3,6,2,1,0,0,0,0,0,1,0,0,0,0,0,0,0,0,0,0,0,0,0,0,0,0
2020-05-04,28,3,0,0,1,7,2,2,0,0,0,0,1,0,1,0,0,0,5,7,1,3,0,0,0,0,0,0,1,0,0,0,0,0,0,0,0,0,0,0,0,0,0,0
2020-05-05,90,2,5,2,24,9,5,3,0,0,0,0,0,0,1,0,1,2,12,20,6,1,0,0,0,0,0,0,1,0,0,0,0,0,0,0,0,0,0,0,0,0,0,0
2020-05-06,104,3,4,2,17,24,6,1,0,0,0,0,0,1,0,0,1,2,8,27,10,2,0,0,0,0,0,1,1,0,0,0,0,0,0,0,0,0,0,0,0,0,0,0
2020-05-07,83,4,0,1,8,16,8,2,0,0,0,0,0,2,1,0,0,1,15,20,8,4,0,0,0,0,0,1,0,0,0,0,0,0,0,0,0,0,0,0,0,0,0,0
2020-05-08,86,6,2,1,13,15,6,2,0,0,0,0,0,2,2,0,4,1,15,20,7,0,0,0,0,0,0,2,0,0,0,0,0,0,0,0,0,0,0,0,0,0,0,0
2020-05-09,47,1,0,0,7,9,7,1,0,0,0,0,0,0,1,0,0,1,3,13,4,2,0,0,0,0,0,0,0,0,0,0,0,0,0,0,0,0,0,0,0,0,0,0
2020-05-10,15,0,1,0,4,4,0,0,0,0,0,0,0,0,0,0,0,0,3,3,0,0,0,0,0,0,0,0,0,0,0,0,0,0,0,0,0,0,0,0,0,0,0,0
2020-05-11,33,3,0,0,3,3,5,1,0,0,0,0,0,1,1,0,0,0,3,9,4,5,0,0,0,0,0,0,1,0,0,0,0,0,0,0,0,0,0,0,0,0,0,0
2020-05-12,82,4,0,3,16,19,10,2,0,0,0,0,0,1,1,0,0,1,7,17,5,2,0,0,0,0,0,1,1,0,0,0,0,0,0,0,0,0,0,0,0,0,0,0
2020-05-13,70,1,0,3,7,15,4,1,0,0,0,0,0,0,1,0,1,1,14,15,3,6,0,0,0,0,0,0,0,0,0,0,0,0,0,0,0,0,0,0,0,0,0,0
2020-05-14,46,0,2,1,4,9,4,4,0,0,0,0,0,0,0,0,1,0,9,7,4,1,0,0,0,0,0,0,0,0,0,0,0,0,0,0,0,0,0,0,0,0,0,0
2020-05-15,69,4,0,1,14,12,6,4,0,0,0,0,0,1,2,0,1,2,9,9,7,4,0,0,0,0,0,1,0,0,0,0,0,0,0,0,0,0,0,0,0,0,0,0
2020-05-16,34,1,1,0,13,3,1,1,0,0,0,0,0,0,1,0,2,0,6,7,0,0,0,0,0,0,0,0,0,0,0,0,0,0,0,0,0,0,0,0,0,0,0,0
2020-05-17,74,2,2,5,26,15,1,1,0,0,0,0,0,1,0,0,3,3,5,10,1,2,0,0,0,0,0,1,0,0,0,0,0,0,0,0,0,0,0,0,0,0,0,0
2020-05-18,61,1,0,6,12,9,3,2,0,0,0,0,0,0,0,0,1,0,17,3,5,3,0,0,0,0,0,0,1,0,0,0,0,0,0,0,0,0,0,0,0,0,0,0
2020-05-19,74,0,5,1,13,15,5,2,0,0,0,0,0,0,0,0,3,0,12,13,3,2,0,0,0,0,0,0,0,0,0,0,0,0,0,0,0,0,0,0,0,0,0,0
2020-05-20,102,2,3,7,13,23,5,4,0,0,0,0,0,1,0,0,4,7,9,16,10,1,0,0,0,0,0,1,0,0,0,0,0,0,0,0,0,0,0,0,0,0,0,0
2020-05-21,28,1,1,1,7,5,0,0,0,0,0,0,1,0,0,0,2,2,5,3,1,1,0,0,0,0,0,0,0,0,0,0,0,0,0,0,0,0,0,0,0,0,0,0
2020-05-22,51,0,2,3,12,3,4,1,0,0,0,0,0,0,0,0,3,1,6,11,3,2,0,0,0,0,0,0,0,0,0,0,0,0,0,0,0,0,0,0,0,0,0,0
2020-05-23,51,3,0,0,9,3,7,5,0,0,0,0,0,0,2,0,0,2,5,8,8,4,0,0,0,0,0,0,1,0,0,0,0,0,0,0,0,0,0,0,0,0,0,0
2020-05-24,14,1,2,0,2,4,1,1,0,0,0,0,0,0,1,0,0,0,2,1,1,0,0,0,0,0,0,0,0,0,0,0,0,0,0,0,0,0,0,0,0,0,0,0
2020-05-25,30,0,2,1,8,6,1,0,0,0,0,0,0,0,0,0,1,0,2,5,3,1,0,0,0,0,0,0,0,0,0,0,0,0,0,0,0,0,0,0,0,0,0,0
2020-05-26,76,0,3,8,10,14,6,2,0,0,0,0,0,0,0,0,1,5,6,17,3,1,0,0,0,0,0,0,0,0,0,0,0,0,0,0,0,0,0,0,0,0,0,0
2020-05-27,46,0,0,0,10,7,3,1,0,0,0,0,0,0,0,0,1,4,8,7,5,0,0,0,0,0,0,0,0,0,0,0,0,0,0,0,0,0,0,0,0,0,0,0
2020-05-28,58,0,0,11,12,8,4,1,0,0,0,0,0,0,0,0,2,3,9,6,1,1,0,0,0,0,0,0,0,0,0,0,0,0,0,0,0,0,0,0,0,0,0,0
2020-05-29,38,0,0,0,6,6,3,0,0,0,0,0,0,0,0,0,2,4,6,10,1,0,0,0,0,0,0,0,0,0,0,0,0,0,0,0,0,0,0,0,0,0,0,0
2020-05-30,34,0,0,4,4,7,2,0,0,0,0,0,0,0,0,0,0,1,5,7,4,0,0,0,0,0,0,0,0,0,0,0,0,0,0,0,0,0,0,0,0,0,0,0
2020-05-31,11,0,1,1,1,1,0,0,0,0,0,0,0,0,0,0,0,1,3,1,1,1,0,0,0,0,0,0,0,0,0,0,0,0,0,0,0,0,0,0,0,0,0,0
2020-06-01,2,1,0,0,0,0,0,2,0,0,0,0,0,0,1,0,0,0,0,0,0,0,0,0,0,0,0,0,0,0,0,0,0,0,0,0,0,0,0,0,0,0,0,0
2020-06-02,26,0,3,2,4,2,2,0,0,0,0,0,0,0,0,0,1,2,5,2,2,1,0,0,0,0,0,0,0,0,0,0,0,0,0,0,0,0,0,0,0,0,0,0
2020-06-03,35,0,0,0,9,5,0,0,0,0,0,0,0,0,0,0,0,3,7,7,1,3,0,0,0,0,0,0,0,0,0,0,0,0,0,0,0,0,0,0,0,0,0,0
2020-06-04,29,1,1,1,7,2,2,0,0,0,0,0,0,0,0,0,1,0,3,7,3,1,0,0,0,0,0,1,0,0,0,0,0,0,0,0,0,0,0,0,0,0,0,0
2020-06-05,24,0,0,1,5,5,0,0,0,0,0,0,0,0,0,0,0,2,3,7,1,0,0,0,0,0,0,0,0,0,0,0,0,0,0,0,0,0,0,0,0,0,0,0
2020-06-06,19,0,1,0,0,5,2,1,0,0,0,0,0,0,0,0,1,1,1,5,2,0,0,0,0,0,0,0,0,0,0,0,0,0,0,0,0,0,0,0,0,0,0,0
2020-06-07,8,0,1,0,1,1,0,0,0,0,0,0,0,0,0,0,1,0,2,2,0,0,0,0,0,0,0,0,0,0,0,0,0,0,0,0,0,0,0,0,0,0,0,0
2020-06-08,36,0,3,3,10,2,3,0,0,0,0,0,0,0,0,0,2,0,5,4,2,2,0,0,0,0,0,0,0,0,0,0,0,0,0,0,0,0,0,0,0,0,0,0
2020-06-09,17,0,0,0,1,3,3,0,0,0,0,0,0,0,0,0,0,0,8,1,1,0,0,0,0,0,0,0,0,0,0,0,0,0,0,0,0,0,0,0,0,0,0,0
2020-06-10,37,2,0,4,9,6,2,2,0,0,0,0,0,2,0,0,1,2,1,7,2,1,0,0,0,0,0,0,0,0,0,0,0,0,0,0,0,0,0,0,0,0,0,0
2020-06-11,9,0,0,0,3,2,2,0,0,0,0,0,0,0,0,0,0,0,1,0,1,0,0,0,0,0,0,0,0,0,0,0,0,0,0,0,0,0,0,0,0,0,0,0
2020-06-12,25,0,0,2,2,4,1,1,0,0,0,0,0,0,0,0,2,4,4,3,1,1,0,0,0,0,0,0,0,0,0,0,0,0,0,0,0,0,0,0,0,0,0,0
2020-06-13,19,0,0,0,3,6,0,1,0,0,0,0,0,0,0,0,2,0,1,4,1,1,0,0,0,0,0,0,0,0,0,0,0,0,0,0,0,0,0,0,0,0,0,0
2020-06-14,6,0,0,0,2,1,1,0,0,0,0,0,0,0,0,0,1,0,0,1,0,0,0,0,0,0,0,0,0,0,0,0,0,0,0,0,0,0,0,0,0,0,0,0
2020-06-15,8,0,0,1,2,1,1,0,0,0,0,0,0,0,0,0,0,0,1,2,0,0,0,0,0,0,0,0,0,0,0,0,0,0,0,0,0,0,0,0,0,0,0,0
2020-06-16,40,1,0,2,14,7,2,0,0,0,0,0,0,1,0,0,1,0,3,7,2,2,0,0,0,0,0,0,0,0,0,0,0,0,0,0,0,0,0,0,0,0,0,0
2020-06-17,57,0,0,3,14,13,4,1,0,0,0,0,0,0,0,0,0,3,5,8,3,3,0,0,0,0,0,0,0,0,0,0,0,0,0,0,0,0,0,0,0,0,0,0
2020-06-18,48,0,0,7,17,8,3,0,0,0,0,0,0,0,0,0,0,5,4,4,0,0,0,0,0,0,0,0,0,0,0,0,0,0,0,0,0,0,0,0,0,0,0,0
2020-06-19,58,2,4,9,7,8,4,1,0,0,0,0,1,0,1,0,2,5,6,6,3,3,0,0,0,0,0,0,0,0,0,0,0,0,0,0,0,0,0,0,0,0,0,0
2020-06-20,20,0,0,1,3,5,0,0,0,0,0,0,0,0,0,0,0,2,4,3,2,0,0,0,0,0,0,0,0,0,0,0,0,0,0,0,0,0,0,0,0,0,0,0
2020-06-21,7,0,1,0,2,1,0,0,0,0,0,0,0,0,0,0,0,0,2,1,0,0,0,0,0,0,0,0,0,0,0,0,0,0,0,0,0,0,0,0,0,0,0,0
2020-06-22,20,0,1,3,6,2,0,0,0,0,0,0,0,0,0,0,1,0,3,4,0,0,0,0,0,0,0,0,0,0,0,0,0,0,0,0,0,0,0,0,0,0,0,0
2020-06-23,38,0,0,3,3,9,1,2,0,0,0,0,0,0,0,0,1,2,7,9,1,0,0,0,0,0,0,0,0,0,0,0,0,0,0,0,0,0,0,0,0,0,0,0
2020-06-24,27,0,0,3,8,3,1,0,0,0,0,0,0,0,0,0,0,0,6,5,0,1,0,0,0,0,0,0,0,0,0,0,0,0,0,0,0,0,0,0,0,0,0,0
2020-06-25,39,0,2,1,13,6,0,0,0,0,0,0,0,0,0,0,0,0,8,9,0,0,0,0,0,0,0,0,0,0,0,0,0,0,0,0,0,0,0,0,0,0,0,0
2020-06-26,29,0,1,2,8,5,2,0,0,0,0,0,0,0,0,0,0,2,5,1,3,0,0,0,0,0,0,0,0,0,0,0,0,0,0,0,0,0,0,0,0,0,0,0
2020-06-27,19,0,0,1,4,6,2,0,0,0,0,0,0,0,0,0,0,0,3,3,0,0,0,0,0,0,0,0,0,0,0,0,0,0,0,0,0,0,0,0,0,0,0,0
2020-06-28,2,0,0,0,1,0,0,0,0,0,0,0,0,0,0,0,0,0,1,0,0,0,0,0,0,0,0,0,0,0,0,0,0,0,0,0,0,0,0,0,0,0,0,0
2020-06-29,20,0,0,1,6,5,2,0,0,0,0,0,0,0,0,0,0,0,3,3,0,0,0,0,0,0,0,0,0,0,0,0,0,0,0,0,0,0,0,0,0,0,0,0
2020-06-30,30,0,2,1,2,7,1,0,0,0,0,0,0,0,0,0,0,5,6,6,0,0,0,0,0,0,0,0,0,0,0,0,0,0,0,0,0,0,0,0,0,0,0,0
2020-07-01,50,0,1,1,11,11,2,1,0,0,0,0,0,0,0,0,2,3,5,10,3,0,0,0,0,0,0,0,0,0,0,0,0,0,0,0,0,0,0,0,0,0,0,0
2020-07-02,29,0,0,0,10,8,2,0,0,0,0,0,0,0,0,0,0,1,2,6,0,0,0,0,0,0,0,0,0,0,0,0,0,0,0,0,0,0,0,0,0,0,0,0
2020-07-03,31,1,0,0,6,7,2,0,0,0,0,0,0,0,0,0,0,3,5,7,1,0,0,0,0,0,0,1,0,0,0,0,0,0,0,0,0,0,0,0,0,0,0,0
2020-07-04,17,0,1,0,5,4,1,1,0,0,0,0,0,0,0,0,0,0,2,3,0,0,0,0,0,0,0,0,0,0,0,0,0,0,0,0,0,0,0,0,0,0,0,0
2020-07-05,10,0,1,1,2,1,1,0,0,0,0,0,0,0,0,0,0,0,2,1,0,1,0,0,0,0,0,0,0,0,0,0,0,0,0,0,0,0,0,0,0,0,0,0
2020-07-06,27,0,0,3,7,4,1,0,0,0,0,0,0,0,0,0,2,1,5,4,0,0,0,0,0,0,0,0,0,0,0,0,0,0,0,0,0,0,0,0,0,0,0,0
2020-07-07,29,0,0,1,8,9,0,0,0,0,0,0,0,0,0,0,0,1,5,3,2,0,0,0,0,0,0,0,0,0,0,0,0,0,0,0,0,0,0,0,0,0,0,0
2020-07-08,52,0,1,2,13,10,3,0,0,0,0,0,0,0,0,0,3,1,9,9,0,1,0,0,0,0,0,0,0,0,0,0,0,0,0,0,0,0,0,0,0,0,0,0
2020-07-09,39,1,1,1,8,9,2,2,0,0,0,0,0,0,1,0,1,0,9,5,1,0,0,0,0,0,0,0,0,0,0,0,0,0,0,0,0,0,0,0,0,0,0,0
2020-07-10,42,0,2,2,9,9,3,0,0,0,0,0,0,0,0,0,0,4,8,2,3,0,0,0,0,0,0,0,0,0,0,0,0,0,0,0,0,0,0,0,0,0,0,0
2020-07-11,28,0,1,1,3,7,1,1,0,0,0,0,0,0,0,0,3,1,4,4,1,1,0,0,0,0,0,0,0,0,0,0,0,0,0,0,0,0,0,0,0,0,0,0
2020-07-12,3,0,0,0,1,1,0,0,0,0,0,0,0,0,0,0,0,0,1,0,0,0,0,0,0,0,0,0,0,0,0,0,0,0,0,0,0,0,0,0,0,0,0,0
2020-07-13,31,0,0,1,3,5,1,1,0,0,0,0,0,0,0,0,1,0,10,8,1,0,0,0,0,0,0,0,0,0,0,0,0,0,0,0,0,0,0,0,0,0,0,0
2020-07-14,40,0,0,3,10,4,1,0,0,0,0,0,0,0,0,0,1,4,5,5,4,3,0,0,0,0,0,0,0,0,0,0,0,0,0,0,0,0,0,0,0,0,0,0
2020-07-15,48,1,2,1,14,10,5,0,0,0,0,0,0,1,0,0,0,1,6,5,4,0,0,0,0,0,0,0,0,0,0,0,0,0,0,0,0,0,0,0,0,0,0,0
2020-07-16,40,0,2,1,4,9,2,0,0,0,0,0,0,0,0,0,2,1,10,8,0,1,0,0,0,0,0,0,0,0,0,0,0,0,0,0,0,0,0,0,0,0,0,0
2020-07-17,38,0,0,2,10,7,3,0,0,0,0,0,0,0,0,0,1,1,6,5,3,0,0,0,0,0,0,0,0,0,0,0,0,0,0,0,0,0,0,0,0,0,0,0
2020-07-18,33,0,1,3,5,6,2,0,0,0,0,0,0,0,0,0,1,1,11,2,1,0,0,0,0,0,0,0,0,0,0,0,0,0,0,0,0,0,0,0,0,0,0,0
2020-07-19,9,0,1,0,1,3,1,0,0,0,0,0,0,0,0,0,0,0,1,0,1,1,0,0,0,0,0,0,0,0,0,0,0,0,0,0,0,0,0,0,0,0,0,0
2020-07-20,26,1,0,0,6,8,3,0,0,0,0,0,0,1,0,0,1,2,3,2,1,0,0,0,0,0,0,0,0,0,0,0,0,0,0,0,0,0,0,0,0,0,0,0
2020-07-21,27,1,1,1,5,10,0,1,0,0,0,0,0,0,1,0,0,0,5,3,1,0,0,0,0,0,0,0,0,0,0,0,0,0,0,0,0,0,0,0,0,0,0,0
2020-07-22,72,2,3,1,13,13,2,3,0,0,0,0,0,0,1,0,0,3,13,9,9,3,0,0,0,0,0,0,1,0,0,0,0,0,0,0,0,0,0,0,0,0,0,0
2020-07-23,57,0,2,2,9,8,3,0,0,0,0,0,0,0,0,0,2,3,16,8,3,1,0,0,0,0,0,0,0,0,0,0,0,0,0,0,0,0,0,0,0,0,0,0
2020-07-24,71,2,1,2,9,18,8,0,0,0,0,0,1,0,0,0,2,1,14,13,2,1,0,0,0,0,0,0,1,0,0,0,0,0,0,0,0,0,0,0,0,0,0,0
2020-07-25,34,0,1,1,2,9,3,1,0,0,0,0,0,0,0,0,1,1,6,3,3,3,0,0,0,0,0,0,0,0,0,0,0,0,0,0,0,0,0,0,0,0,0,0
2020-07-26,5,0,0,1,1,0,0,0,0,0,0,0,0,0,0,0,0,0,1,2,0,0,0,0,0,0,0,0,0,0,0,0,0,0,0,0,0,0,0,0,0,0,0,0
2020-07-27,59,2,1,4,11,12,1,2,0,0,0,0,0,1,1,0,0,3,12,7,1,5,0,0,0,0,0,0,0,0,0,0,0,0,0,0,0,0,0,0,0,0,0,0
2020-07-28,64,2,0,2,11,13,6,1,0,0,0,0,0,1,1,0,1,3,8,14,3,0,0,0,0,0,0,0,0,0,0,0,0,0,0,0,0,0,0,0,0,0,0,0
2020-07-29,84,0,2,2,17,12,7,0,0,0,0,0,0,0,0,0,1,4,13,20,6,0,0,0,0,0,0,0,0,0,0,0,0,0,0,0,0,0,0,0,0,0,0,0
2020-07-30,81,1,2,2,15,10,4,1,0,0,0,0,0,1,0,0,2,7,15,19,4,0,0,0,0,0,0,0,0,0,0,0,0,0,0,0,0,0,0,0,0,0,0,0
2020-07-31,84,2,0,3,13,13,2,3,0,0,0,0,0,0,1,0,3,2,10,17,6,11,0,0,0,0,0,0,1,0,0,0,0,0,0,0,0,0,0,0,0,0,0,0
2020-08-01,51,0,1,4,9,12,2,1,0,0,0,0,0,0,0,0,1,0,9,9,2,1,0,0,0,0,0,0,0,0,0,0,0,0,0,0,0,0,0,0,0,0,0,0
2020-08-02,21,0,0,1,3,4,2,0,0,0,0,0,0,0,0,0,0,1,3,4,1,2,0,0,0,0,0,0,0,0,0,0,0,0,0,0,0,0,0,0,0,0,0,0
2020-08-03,69,1,0,2,11,16,6,3,0,0,0,0,0,0,1,0,4,2,7,13,4,1,0,0,0,0,0,0,0,0,0,0,0,0,0,0,0,0,0,0,0,0,0,0
2020-08-04,74,0,0,1,26,16,2,0,0,0,0,0,0,0,0,0,0,5,8,11,5,0,0,0,0,0,0,0,0,0,0,0,0,0,0,0,0,0,0,0,0,0,0,0
2020-08-05,116,0,0,11,27,25,4,0,0,0,0,0,0,0,0,0,3,8,23,11,4,0,0,0,0,0,0,0,0,0,0,0,0,0,0,0,0,0,0,0,0,0,0,0
2020-08-06,122,0,2,6,22,33,7,2,0,0,0,0,0,0,0,0,1,2,18,19,6,4,0,0,0,0,0,0,0,0,0,0,0,0,0,0,0,0,0,0,0,0,0,0
2020-08-07,123,0,7,5,25,26,3,0,0,0,0,0,0,0,0,0,2,9,23,18,3,2,0,0,0,0,0,0,0,0,0,0,0,0,0,0,0,0,0,0,0,0,0,0
2020-08-08,76,0,0,3,23,8,1,0,0,0,0,0,0,0,0,0,1,8,17,13,2,0,0,0,0,0,0,0,0,0,0,0,0,0,0,0,0,0,0,0,0,0,0,0
2020-08-09,18,0,1,0,8,4,0,0,0,0,0,0,0,0,0,0,0,1,1,3,0,0,0,0,0,0,0,0,0,0,0,0,0,0,0,0,0,0,0,0,0,0,0,0
2020-08-10,101,0,0,7,36,17,4,0,0,0,0,0,0,0,0,0,1,8,16,12,0,0,0,0,0,0,0,0,0,0,0,0,0,0,0,0,0,0,0,0,0,0,0,0
2020-08-11,98,0,0,5,24,24,3,1,0,0,0,0,0,0,0,0,1,6,17,14,3,0,0,0,0,0,0,0,0,0,0,0,0,0,0,0,0,0,0,0,0,0,0,0
2020-08-12,154,0,2,11,29,32,7,2,0,0,0,0,0,0,0,0,5,7,30,26,2,1,0,0,0,0,0,0,0,0,0,0,0,0,0,0,0,0,0,0,0,0,0,0
2020-08-13,186,0,2,16,40,30,3,1,0,0,0,0,0,0,0,0,5,9,46,27,6,1,0,0,0,0,0,0,0,0,0,0,0,0,0,0,0,0,0,0,0,0,0,0
2020-08-14,149,1,3,7,42,36,1,2,0,0,0,0,0,0,1,0,3,5,24,22,4,0,0,0,0,0,0,0,0,0,0,0,0,0,0,0,0,0,0,0,0,0,0,0
2020-08-15,61,0,1,4,17,10,2,0,0,0,0,0,0,0,0,0,2,4,15,3,3,0,0,0,0,0,0,0,0,0,0,0,0,0,0,0,0,0,0,0,0,0,0,0
2020-08-16,48,1,0,7,10,8,0,0,0,0,0,0,0,0,0,0,0,1,7,13,2,0,0,0,0,0,0,1,0,0,0,0,0,0,0,0,0,0,0,0,0,0,0,0
2020-08-17,188,0,3,14,51,25,7,1,0,0,0,0,0,0,0,0,2,10,49,23,2,1,0,0,0,0,0,0,0,0,0,0,0,0,0,0,0,0,0,0,0,0,0,0
2020-08-18,139,0,2,10,39,25,3,0,0,0,0,0,0,0,0,0,1,6,27,21,4,1,0,0,0,0,0,0,0,0,0,0,0,0,0,0,0,0,0,0,0,0,0,0
2020-08-19,208,0,2,15,56,31,7,1,0,0,0,0,0,0,0,0,3,9,47,30,7,0,0,0,0,0,0,0,0,0,0,0,0,0,0,0,0,0,0,0,0,0,0,0
2020-08-20,215,0,1,12,55,43,6,0,0,0,0,0,0,0,0,0,8,12,44,25,9,0,0,0,0,0,0,0,0,0,0,0,0,0,0,0,0,0,0,0,0,0,0,0
2020-08-21,209,0,3,17,51,33,7,0,0,0,0,0,0,0,0,0,2,10,49,37,0,0,0,0,0,0,0,0,0,0,0,0,0,0,0,0,0,0,0,0,0,0,0,0
2020-08-22,132,0,1,4,31,22,3,0,0,0,0,0,0,0,0,0,1,10,29,23,6,2,0,0,0,0,0,0,0,0,0,0,0,0,0,0,0,0,0,0,0,0,0,0
2020-08-23,53,0,0,3,10,10,2,0,0,0,0,0,0,0,0,0,2,2,13,10,1,0,0,0,0,0,0,0,0,0,0,0,0,0,0,0,0,0,0,0,0,0,0,0
2020-08-24,173,0,0,8,53,35,4,0,0,0,0,0,0,0,0,0,0,4,37,24,7,0,0,0,0,0,0,0,0,0,0,0,0,0,0,0,0,0,0,0,0,0,0,0
2020-08-25,177,0,2,9,36,28,2,0,0,0,0,0,0,0,0,0,0,10,46,30,12,2,0,0,0,0,0,0,0,0,0,0,0,0,0,0,0,0,0,0,0,0,0,0
2020-08-26,108,0,2,3,28,17,3,1,0,0,0,0,0,0,0,0,4,9,23,13,3,1,0,0,0,0,0,0,0,0,0,0,0,0,0,0,0,0,0,0,0,0,0,0
2020-08-27,123,0,2,7,26,25,6,0,0,0,0,0,0,0,0,0,0,5,23,26,2,1,0,0,0,0,0,0,0,0,0,0,0,0,0,0,0,0,0,0,0,0,0,0
2020-08-28,118,0,3,2,35,22,3,1,0,0,0,0,0,0,0,0,2,1,29,12,6,1,0,0,0,0,0,0,0,0,0,0,0,0,0,0,0,0,0,0,0,0,0,0
2020-08-29,54,0,1,3,12,8,0,0,0,0,0,0,0,0,0,0,1,4,11,11,3,0,0,0,0,0,0,0,0,0,0,0,0,0,0,0,0,0,0,0,0,0,0,0
2020-08-30,41,0,0,1,9,12,1,0,0,0,0,0,0,0,0,0,0,2,9,6,1,0,0,0,0,0,0,0,0,0,0,0,0,0,0,0,0,0,0,0,0,0,0,0
2020-08-31,129,2,0,4,38,17,4,3,0,0,0,0,0,0,1,0,3,3,22,32,1,1,0,0,0,0,0,0,1,0,0,0,0,0,0,0,0,0,0,0,0,0,0,0
2020-09-01,105,2,2,3,34,17,4,1,0,0,0,0,0,1,0,0,1,4,26,5,7,0,0,0,0,0,0,1,0,0,0,0,0,0,0,0,0,0,0,0,0,0,0,0
2020-09-02,83,0,0,2,32,13,0,0,0,0,0,0,0,0,0,0,3,2,20,7,2,2,0,0,0,0,0,0,0,0,0,0,0,0,0,0,0,0,0,0,0,0,0,0
2020-09-03,145,2,2,11,34,24,5,0,0,0,0,0,0,1,0,0,1,9,31,23,3,2,0,0,0,0,0,1,0,0,0,0,0,0,0,0,0,0,0,0,0,0,0,0
2020-09-04,108,0,3,6,27,11,7,0,0,0,0,0,0,0,0,0,1,3,26,16,7,1,0,0,0,0,0,0,0,0,0,0,0,0,0,0,0,0,0,0,0,0,0,0
2020-09-05,73,1,1,5,12,20,3,1,0,0,0,0,0,0,1,0,0,1,11,16,3,0,0,0,0,0,0,0,0,0,0,0,0,0,0,0,0,0,0,0,0,0,0,0
2020-09-06,56,0,0,2,12,8,1,0,0,0,0,0,0,0,0,0,0,2,14,14,2,0,0,0,0,0,0,0,0,0,0,0,0,0,0,0,0,0,0,0,0,0,0,0
2020-09-07,128,1,1,6,27,28,2,1,0,0,0,0,1,0,0,0,2,4,28,25,1,3,0,0,0,0,0,0,0,0,0,0,0,0,0,0,0,0,0,0,0,0,0,0
2020-09-08,91,0,1,3,21,14,6,0,0,0,0,0,0,0,0,0,1,3,18,20,2,2,0,0,0,0,0,0,0,0,0,0,0,0,0,0,0,0,0,0,0,0,0,0
2020-09-09,113,1,1,4,24,25,7,2,0,0,0,0,0,0,1,0,0,2,24,19,2,3,0,0,0,0,0,0,0,0,0,0,0,0,0,0,0,0,0,0,0,0,0,0
2020-09-10,102,2,2,6,25,19,6,1,0,0,0,0,0,0,1,0,0,5,21,13,4,0,0,0,0,0,1,0,0,0,0,0,0,0,0,0,0,0,0,0,0,0,0,0
2020-09-11,129,3,0,6,32,19,9,1,0,0,0,0,0,1,0,0,3,4,22,24,6,3,0,0,0,0,0,1,1,0,0,0,0,0,0,0,0,0,0,0,0,0,0,0
2020-09-12,94,0,0,1,25,25,3,0,0,0,0,0,0,0,0,0,1,6,18,13,2,0,0,0,0,0,0,0,0,0,0,0,0,0,0,0,0,0,0,0,0,0,0,0
2020-09-13,63,1,1,6,12,7,3,1,0,0,0,0,0,0,1,0,3,4,12,10,4,0,0,0,0,0,0,0,0,0,0,0,0,0,0,0,0,0,0,0,0,0,0,0
2020-09-14,103,0,0,7,19,23,9,2,0,0,0,0,0,0,0,0,0,1,18,14,9,0,0,0,0,0,0,0,0,0,0,0,0,0,0,0,0,0,0,0,0,0,0,0
2020-09-15,97,0,0,3,24,12,5,2,0,0,0,0,0,0,0,0,0,3,31,12,4,1,0,0,0,0,0,0,0,0,0,0,0,0,0,0,0,0,0,0,0,0,0,0
2020-09-16,175,3,2,5,27,33,9,0,0,0,0,0,0,2,0,0,2,8,45,31,8,5,0,0,0,0,0,1,0,0,0,0,0,0,0,0,0,0,0,0,0,0,0,0
2020-09-17,147,0,0,6,37,31,7,1,0,0,0,0,0,0,0,0,1,8,21,23,6,4,0,0,0,0,0,0,0,0,0,0,0,0,0,0,0,0,0,0,0,0,0,0
2020-09-18,119,1,1,0,28,20,5,3,0,0,0,0,0,0,1,0,1,5,27,24,5,0,0,0,0,0,0,0,0,0,0,0,0,0,0,0,0,0,0,0,0,0,0,0
2020-09-19,74,0,0,3,19,13,3,1,0,0,0,0,0,0,0,0,1,3,14,14,3,0,0,0,0,0,0,0,0,0,0,0,0,0,0,0,0,0,0,0,0,0,0,0
2020-09-20,34,1,0,2,10,4,0,0,0,0,0,0,0,0,0,0,0,0,4,10,3,1,0,0,0,0,0,1,0,0,0,0,0,0,0,0,0,0,0,0,0,0,0,0
2020-09-21,119,2,1,7,20,20,10,3,0,0,0,0,0,0,0,0,2,4,21,15,8,8,0,0,0,0,0,0,2,0,0,0,0,0,0,0,0,0,0,0,0,0,0,0
2020-09-22,126,0,1,1,27,29,2,2,0,0,0,0,0,0,0,0,1,1,26,20,11,5,0,0,0,0,0,0,0,0,0,0,0,0,0,0,0,0,0,0,0,0,0,0
2020-09-23,170,2,2,5,41,28,12,2,0,0,0,0,0,1,0,0,2,4,35,30,8,1,0,0,0,0,0,0,1,0,0,0,0,0,0,0,0,0,0,0,0,0,0,0
2020-09-24,210,3,2,8,51,31,15,2,0,0,0,0,0,0,0,0,0,10,43,34,12,2,0,0,0,0,1,0,2,0,0,0,0,0,0,0,0,0,0,0,0,0,0,0
2020-09-25,217,1,2,6,58,44,14,1,0,0,0,0,0,0,0,0,2,5,40,36,8,1,0,0,0,0,0,1,0,0,0,0,0,0,0,0,0,0,0,0,0,0,0,0
2020-09-26,134,2,2,5,31,33,8,0,0,0,0,0,0,2,0,0,1,1,21,23,4,4,0,0,0,0,0,0,0,0,0,0,0,0,0,0,0,0,0,0,0,0,0,0
2020-09-27,57,0,1,3,19,11,2,0,0,0,0,0,0,0,0,0,0,1,9,9,2,0,0,0,0,0,0,0,0,0,0,0,0,0,0,0,0,0,0,0,0,0,0,0
2020-09-28,142,1,2,6,31,28,7,2,0,0,0,0,0,0,0,0,0,5,24,28,5,4,0,0,0,0,0,0,1,0,0,0,0,0,0,0,0,0,0,0,0,0,0,0
2020-09-29,148,1,6,10,32,22,11,2,0,0,0,0,0,0,1,0,4,7,21,22,10,1,0,0,0,0,0,0,0,0,0,0,0,0,0,0,0,0,0,0,0,0,0,0
2020-09-30,246,2,3,13,62,50,13,1,0,0,0,0,0,1,1,0,1,12,37,42,10,2,0,0,0,0,0,0,0,0,0,0,0,0,0,0,0,0,0,0,0,0,0,0
2020-10-01,250,2,2,16,64,49,12,2,0,0,0,0,1,0,0,0,5,10,37,33,16,4,0,0,0,0,0,0,1,0,0,0,0,0,0,0,0,0,0,0,0,0,0,0
2020-10-02,237,1,2,10,57,44,9,1,0,0,0,0,0,0,1,0,6,7,44,42,12,3,0,0,0,0,0,0,0,0,0,0,0,0,0,0,0,0,0,0,0,0,0,0
2020-10-03,209,3,0,7,46,42,12,3,0,0,0,0,0,0,2,0,3,9,46,30,8,3,0,0,0,0,0,0,1,0,0,0,0,0,0,0,0,0,0,0,0,0,0,0
2020-10-04,76,0,3,5,16,18,2,1,0,0,0,0,0,0,0,0,0,1,15,11,4,0,0,0,0,0,0,0,0,0,0,0,0,0,0,0,0,0,0,0,0,0,0,0
2020-10-05,180,2,2,5,41,28,12,2,0,0,0,0,0,0,2,0,1,6,41,37,5,0,0,0,0,0,0,0,0,0,0,0,0,0,0,0,0,0,0,0,0,0,0,0
2020-10-06,330,4,10,9,74,61,24,5,0,0,0,0,0,0,1,0,6,10,64,49,13,5,0,0,0,0,0,1,2,0,0,0,0,0,0,0,0,0,0,0,0,0,0,0
2020-10-07,363,2,4,6,67,78,20,4,0,0,0,0,0,0,1,0,4,10,69,73,21,6,0,0,0,0,1,0,0,0,0,0,0,0,0,0,0,0,0,0,0,0,0,0
2020-10-08,359,5,5,9,59,75,26,6,0,0,0,0,0,1,1,0,3,14,61,68,23,8,0,0,0,0,0,0,3,0,0,0,0,0,0,0,0,0,0,0,0,0,0,0
2020-10-09,465,2,2,8,101,99,20,3,0,0,0,0,0,0,1,0,5,5,82,104,23,9,0,0,0,0,0,1,0,0,0,0,0,0,0,0,0,0,0,0,0,0,0,0
2020-10-10,328,3,2,8,62,75,16,7,0,0,0,0,0,1,0,0,2,11,57,55,22,10,0,0,0,0,0,0,2,0,0,0,0,0,0,0,0,0,0,0,0,0,0,0
2020-10-11,131,0,1,3,26,25,7,2,0,0,0,0,0,0,0,0,1,5,32,20,7,2,0,0,0,0,0,0,0,0,0,0,0,0,0,0,0,0,0,0,0,0,0,0
2020-10-12,361,11,2,7,63,69,29,11,0,0,0,0,0,1,6,0,2,7,62,62,13,33,0,0,0,0,0,1,3,0,0,0,0,0,0,0,0,0,0,0,0,0,0,0
2020-10-13,412,3,3,7,90,95,27,2,0,0,0,0,0,0,0,0,2,11,69,71,25,9,0,0,0,0,0,1,2,0,0,0,0,0,0,0,0,0,0,0,0,0,0,0
2020-10-14,728,6,23,17,167,159,31,12,0,0,0,0,0,0,2,0,9,19,118,124,37,11,0,0,0,0,0,0,4,0,0,0,0,0,0,0,0,0,0,0,0,0,0,0
2020-10-15,689,9,11,14,127,130,43,9,0,0,0,0,1,2,2,0,6,12,143,129,40,24,0,0,0,0,0,0,4,0,0,0,0,0,0,0,0,0,0,0,0,0,0,0
2020-10-16,887,10,9,37,182,172,50,12,0,0,0,0,0,2,3,0,15,30,140,165,41,32,0,0,0,0,0,0,5,0,0,0,0,0,0,0,0,0,0,0,0,0,0,0
2020-10-17,455,4,5,16,102,91,23,2,0,0,0,0,0,0,1,0,5,13,76,95,18,8,0,0,0,0,0,2,1,0,0,0,0,0,0,0,0,0,0,0,0,0,0,0
2020-10-18,315,6,6,9,68,63,16,7,0,0,0,0,0,3,2,0,3,7,67,56,12,1,0,0,0,0,0,1,0,0,0,0,0,0,0,0,0,0,0,0,0,0,0,0
2020-10-19,692,9,7,20,129,156,38,11,0,0,0,0,1,3,1,0,6,24,114,122,39,25,0,0,0,0,0,1,3,0,0,0,0,0,0,0,0,0,0,0,0,0,0,0
2020-10-20,880,10,10,30,173,171,59,15,0,0,0,0,0,2,3,0,8,34,151,145,58,24,0,0,0,0,0,2,3,0,0,0,0,0,0,0,0,0,0,0,0,0,0,0
2020-10-21,1210,12,10,51,228,232,81,15,0,0,0,0,0,3,1,0,11,40,214,227,47,46,0,0,0,0,0,2,6,0,0,0,0,0,0,0,0,0,0,0,0,0,0,0
2020-10-22,1149,26,9,34,202,235,67,23,0,0,0,0,0,3,5,0,11,26,207,207,71,50,0,0,0,0,0,7,11,0,0,0,0,0,0,0,0,0,0,0,0,0,0,0
2020-10-23,1593,28,15,46,314,330,79,21,0,0,0,0,1,3,7,0,19,42,264,296,83,75,0,0,0,0,0,2,15,0,0,0,0,0,0,0,0,0,0,0,0,0,0,0
2020-10-24,1203,7,7,38,226,244,74,11,0,0,0,0,0,2,2,0,10,40,228,230,65,21,0,0,0,0,0,1,2,0,0,0,0,0,0,0,0,0,0,0,0,0,0,0
2020-10-25,544,6,3,19,101,90,26,5,0,0,0,0,1,1,1,0,7,16,108,115,32,16,0,0,0,0,0,1,2,0,0,0,0,0,0,0,0,0,0,0,0,0,0,0
2020-10-26,1291,12,16,43,248,241,88,23,0,0,0,0,1,3,3,0,16,39,230,223,84,25,0,0,0,0,0,3,1,0,0,0,0,0,0,0,0,0,0,0,0,0,0,0
2020-10-27,1475,20,19,40,289,301,89,22,0,0,0,0,1,4,5,0,15,52,233,276,84,44,0,0,0,0,0,2,8,0,0,0,0,0,0,0,0,0,0,0,0,0,0,0
2020-10-28,1877,17,14,53,307,393,110,26,0,0,0,0,0,3,4,0,18,66,296,402,120,65,0,0,0,0,0,3,7,0,0,0,0,0,0,0,0,0,0,0,0,0,0,0
2020-10-29,1710,16,14,59,370,317,96,25,0,0,0,0,0,3,4,0,14,45,282,357,88,27,0,0,0,0,0,2,7,0,0,0,0,0,0,0,0,0,0,0,0,0,0,0
2020-10-30,1693,20,14,49,315,318,114,25,0,0,0,0,0,6,5,0,12,54,305,312,113,45,0,0,0,0,0,2,7,0,0,0,0,0,0,0,0,0,0,0,0,0,0,0
2020-10-31,1440,23,12,46,251,282,101,41,0,0,0,0,1,2,7,0,6,34,256,244,83,52,0,0,0,0,0,3,10,0,0,0,0,0,0,0,0,0,0,0,0,0,0,0
2020-11-01,928,11,7,27,199,173,67,23,0,0,0,0,0,4,1,0,5,30,148,158,51,22,0,0,0,0,0,3,3,0,0,0,0,0,0,0,0,0,0,0,0,0,0,0
2020-11-02,1220,15,15,42,218,248,68,18,0,0,0,0,0,3,5,0,7,29,204,237,78,43,0,0,0,0,0,0,7,0,0,0,0,0,0,0,0,0,0,0,0,0,0,0
2020-11-03,1565,20,18,60,296,328,82,28,0,0,0,0,0,6,7,0,13,56,263,268,85,38,0,0,0,0,1,1,4,0,0,0,0,0,0,0,0,0,0,0,0,0,0,0
2020-11-04,1861,28,12,54,351,347,128,46,0,0,0,0,0,2,11,0,12,59,269,344,116,99,0,0,0,1,0,3,11,0,0,0,0,0,0,0,0,0,0,0,0,0,0,0
2020-11-05,1743,25,12,64,343,337,111,30,0,0,0,0,1,4,9,0,11,45,278,334,108,53,0,0,0,0,0,1,10,0,0,0,0,0,0,0,0,0,0,0,0,0,0,0
2020-11-06,1848,14,17,68,332,376,118,35,0,0,0,0,0,4,3,0,5,48,318,355,104,49,0,0,0,0,0,2,5,0,0,0,0,0,0,0,0,0,0,0,0,0,0,0
2020-11-07,1743,23,12,62,290,328,120,38,0,0,0,0,0,4,7,0,13,51,293,318,106,85,0,0,0,0,0,2,10,0,0,0,0,0,0,0,0,0,0,0,0,0,0,0
2020-11-08,855,9,3,23,163,167,52,11,0,0,0,0,0,1,3,0,5,20,150,177,44,30,0,0,0,0,0,1,4,0,0,0,0,0,0,0,0,0,0,0,0,0,0,0
2020-11-09,1703,29,16,59,251,319,96,61,0,0,0,0,1,4,16,0,8,46,322,334,99,69,0,0,0,0,0,1,7,0,0,0,0,0,0,0,0,0,0,0,0,0,0,0
2020-11-10,1870,29,14,60,307,336,113,48,0,0,0,0,3,4,7,0,21,58,315,365,106,97,0,0,0,0,1,3,11,0,0,0,0,0,0,0,0,0,0,0,0,0,0,0
2020-11-11,1883,27,14,51,326,329,125,40,0,0,0,0,0,3,9,0,11,52,332,371,123,82,0,0,0,0,0,3,12,0,0,0,0,0,0,0,0,0,0,0,0,0,0,0
2020-11-12,1823,28,7,64,329,348,95,36,0,0,0,0,1,6,4,0,5,63,312,350,113,74,0,0,0,1,1,2,13,0,0,0,0,0,0,0,0,0,0,0,0,0,0,0
2020-11-13,1873,24,16,70,322,351,112,54,0,0,0,0,0,8,6,0,20,47,304,355,119,84,0,0,0,0,0,1,9,0,0,0,0,0,0,0,0,0,0,0,0,0,0,0
2020-11-14,1408,26,8,47,231,282,84,33,0,0,0,0,1,5,11,0,8,57,216,298,72,60,0,0,0,0,1,0,8,0,0,0,0,0,0,0,0,0,0,0,0,0,0,0
2020-11-15,841,15,7,30,162,175,43,16,0,0,0,0,0,0,8,0,6,17,121,153,43,41,0,0,0,0,0,1,6,0,0,0,0,0,0,0,0,0,0,0,0,0,0,0
2020-11-16,1196,24,14,29,149,250,87,38,0,0,0,0,0,3,11,0,15,36,184,238,79,54,0,0,0,0,1,5,4,0,0,0,0,0,0,0,0,0,0,0,0,0,0,0
2020-11-17,1961,33,15,55,338,389,148,50,0,0,0,0,1,8,9,0,11,31,286,398,121,96,0,0,0,0,1,3,11,0,0,0,0,0,0,0,0,0,0,0,0,0,0,0
2020-11-18,2274,35,14,74,364,415,182,50,0,0,0,0,0,8,9,0,15,69,391,430,135,105,0,0,0,0,0,2,16,0,0,0,0,0,0,0,0,0,0,0,0,0,0,0
2020-11-19,1991,34,13,72,323,367,131,58,0,1,0,0,1,4,13,0,14,57,315,399,111,106,0,0,0,0,1,4,10,0,0,0,0,0,0,0,0,0,0,0,0,0,0,0
2020-11-20,1920,21,19,52,300,378,130,40,0,0,0,0,0,4,3,0,15,51,275,411,115,100,0,0,0,0,0,4,10,0,0,0,0,0,0,0,0,0,0,0,0,0,0,0
2020-11-21,1448,25,12,46,233,278,83,34,0,0,0,0,0,2,11,0,11,43,225,291,96,88,0,0,0,0,0,2,10,0,0,0,0,0,0,0,0,0,0,0,0,0,0,0
2020-11-22,667,7,5,23,132,114,51,17,0,0,0,0,0,1,0,0,4,19,105,120,35,35,0,0,0,0,0,0,6,0,0,0,0,0,0,0,0,0,0,0,0,0,0,0
2020-11-23,1056,20,10,26,157,186,66,42,0,0,0,0,0,5,10,0,8,30,153,204,77,84,0,0,0,0,0,1,4,0,0,0,0,0,0,0,0,0,0,0,0,0,0,0
2020-11-24,1367,16,9,39,186,285,91,27,0,0,0,0,0,2,6,0,4,34,210,297,95,75,0,0,0,0,0,0,8,0,0,0,0,0,0,0,0,0,0,0,0,0,0,0
2020-11-25,1910,29,15,65,273,318,114,71,0,0,0,0,0,5,11,0,20,59,267,392,133,158,0,0,0,0,0,2,10,0,0,0,0,0,0,0,0,0,0,0,0,0,0,0
2020-11-26,1900,24,16,65,300,337,121,55,0,0,0,0,0,1,1,0,15,49,261,367,121,150,0,0,0,0,0,6,16,0,0,0,0,0,0,0,0,0,0,0,0,0,0,0
2020-11-27,1885,14,19,66,306,329,127,51,0,0,0,0,0,2,3,0,11,59,280,350,103,111,0,0,0,0,0,1,8,0,0,0,0,0,0,0,0,0,0,0,0,0,0,0
2020-11-28,1278,14,10,33,194,219,102,38,0,0,0,0,0,2,5,0,5,45,181,243,96,49,0,0,0,0,0,2,5,0,0,0,0,0,0,0,0,0,0,0,0,0,0,0
2020-11-29,564,5,5,14,99,90,35,17,0,0,0,0,0,1,1,0,1,12,62,95,32,27,0,0,0,0,0,2,1,0,0,0,0,0,0,0,0,0,0,0,0,0,0,0
2020-11-30,969,10,9,31,129,175,79,32,0,0,0,0,0,1,4,0,8,33,153,170,76,51,0,0,0,0,0,0,5,0,0,0,0,0,0,0,0,0,0,0,0,0,0,0
2020-12-01,1362,10,7,34,178,277,108,40,0,0,0,0,0,1,3,0,10,33,211,259,98,92,0,0,0,0,0,1,5,0,0,0,0,0,0,0,0,0,0,0,0,0,0,0
2020-12-02,1744,12,17,42,222,312,131,69,0,0,0,0,0,1,4,0,14,37,244,355,135,132,0,0,0,0,1,2,4,0,0,0,0,0,0,0,0,0,0,0,0,0,0,0
2020-12-03,1857,11,10,54,260,304,105,80,0,0,0,0,0,0,5,0,10,35,297,360,150,172,0,0,0,0,0,0,6,0,0,0,0,0,0,0,0,0,0,0,0,0,0,0
2020-12-04,1793,4,12,54,243,279,138,82,0,0,0,0,0,1,1,0,10,48,245,327,139,200,0,0,0,0,0,0,2,0,0,0,0,0,0,0,0,0,0,0,0,0,0,0
2020-12-05,1229,3,13,28,160,210,83,58,0,0,0,0,0,1,2,0,11,23,167,241,98,116,0,0,0,0,0,0,0,0,0,0,0,0,0,0,0,0,0,0,0,0,0,0
2020-12-06,665,1,2,18,80,130,50,38,0,0,0,0,0,0,1,0,4,11,95,122,33,75,0,0,0,0,0,0,0,0,0,0,0,0,0,0,0,0,0,0,0,0,0,0
2020-12-07,938,2,4,26,115,149,72,51,0,0,0,0,0,0,0,0,5,17,119,155,76,136,0,0,0,0,0,0,2,0,0,0,0,0,0,0,0,0,0,0,0,0,0,0
