Meldedatum,AnzahlFall,AnzahlTodesfall,M_A00-A04_c,M_A05-A14_c,M_A15-A34_c,M_A35-A59_c,M_A60-A79_c,M_A80+_c,M_unbekannt_c,M_A00-A04_d,M_A05-A14_d,M_A15-A34_d,M_A35-A59_d,M_A60-A79_d,M_A80+_d,M_unbekannt_d,W_A00-A04_c,W_A05-A14_c,W_A15-A34_c,W_A35-A59_c,W_A60-A79_c,W_A80+_c,W_unbekannt_c,W_A00-A04_d,W_A05-A14_d,W_A15-A34_d,W_A35-A59_d,W_A60-A79_d,W_A80+_d,W_unbekannt_d,unbekannt_A00-A04_c,unbekannt_A05-A14_c,unbekannt_A15-A34_c,unbekannt_A35-A59_c,unbekannt_A60-A79_c,unbekannt_A80+_c,unbekannt_unbekannt_c,unbekannt_A00-A04_d,unbekannt_A05-A14_d,unbekannt_A15-A34_d,unbekannt_A35-A59_d,unbekannt_A60-A79_d,unbekannt_A80+_d,unbekannt_unbekannt_d,NeuerFall,NeuerTodesfall
2020-01-02,0,0,0,0,0,0,0,0,0,0,0,0,0,0,0,0,0,0,0,0,0,0,0,0,0,0,0,0,0,0,0,0,0,0,0,0,0,0,0,0,0,0,0,0,0,0
2020-01-03,0,0,0,0,0,0,0,0,0,0,0,0,0,0,0,0,0,0,0,0,0,0,0,0,0,0,0,0,0,0,0,0,0,0,0,0,0,0,0,0,0,0,0,0,0,0
2020-01-04,0,0,0,0,0,0,0,0,0,0,0,0,0,0,0,0,0,0,0,0,0,0,0,0,0,0,0,0,0,0,0,0,0,0,0,0,0,0,0,0,0,0,0,0,0,0
2020-01-05,0,0,0,0,0,0,0,0,0,0,0,0,0,0,0,0,0,0,0,0,0,0,0,0,0,0,0,0,0,0,0,0,0,0,0,0,0,0,0,0,0,0,0,0,0,0
2020-01-06,0,0,0,0,0,0,0,0,0,0,0,0,0,0,0,0,0,0,0,0,0,0,0,0,0,0,0,0,0,0,0,0,0,0,0,0,0,0,0,0,0,0,0,0,0,0
2020-01-07,0,0,0,0,0,0,0,0,0,0,0,0,0,0,0,0,0,0,0,0,0,0,0,0,0,0,0,0,0,0,0,0,0,0,0,0,0,0,0,0,0,0,0,0,0,0
2020-01-08,0,0,0,0,0,0,0,0,0,0,0,0,0,0,0,0,0,0,0,0,0,0,0,0,0,0,0,0,0,0,0,0,0,0,0,0,0,0,0,0,0,0,0,0,0,0
2020-01-09,0,0,0,0,0,0,0,0,0,0,0,0,0,0,0,0,0,0,0,0,0,0,0,0,0,0,0,0,0,0,0,0,0,0,0,0,0,0,0,0,0,0,0,0,0,0
2020-01-10,0,0,0,0,0,0,0,0,0,0,0,0,0,0,0,0,0,0,0,0,0,0,0,0,0,0,0,0,0,0,0,0,0,0,0,0,0,0,0,0,0,0,0,0,0,0
2020-01-11,0,0,0,0,0,0,0,0,0,0,0,0,0,0,0,0,0,0,0,0,0,0,0,0,0,0,0,0,0,0,0,0,0,0,0,0,0,0,0,0,0,0,0,0,0,0
2020-01-12,0,0,0,0,0,0,0,0,0,0,0,0,0,0,0,0,0,0,0,0,0,0,0,0,0,0,0,0,0,0,0,0,0,0,0,0,0,0,0,0,0,0,0,0,0,0
2020-01-13,0,0,0,0,0,0,0,0,0,0,0,0,0,0,0,0,0,0,0,0,0,0,0,0,0,0,0,0,0,0,0,0,0,0,0,0,0,0,0,0,0,0,0,0,0,0
2020-01-14,0,0,0,0,0,0,0,0,0,0,0,0,0,0,0,0,0,0,0,0,0,0,0,0,0,0,0,0,0,0,0,0,0,0,0,0,0,0,0,0,0,0,0,0,0,0
2020-01-15,0,0,0,0,0,0,0,0,0,0,0,0,0,0,0,0,0,0,0,0,0,0,0,0,0,0,0,0,0,0,0,0,0,0,0,0,0,0,0,0,0,0,0,0,0,0
2020-01-16,0,0,0,0,0,0,0,0,0,0,0,0,0,0,0,0,0,0,0,0,0,0,0,0,0,0,0,0,0,0,0,0,0,0,0,0,0,0,0,0,0,0,0,0,0,0
2020-01-17,0,0,0,0,0,0,0,0,0,0,0,0,0,0,0,0,0,0,0,0,0,0,0,0,0,0,0,0,0,0,0,0,0,0,0,0,0,0,0,0,0,0,0,0,0,0
2020-01-18,0,0,0,0,0,0,0,0,0,0,0,0,0,0,0,0,0,0,0,0,0,0,0,0,0,0,0,0,0,0,0,0,0,0,0,0,0,0,0,0,0,0,0,0,0,0
2020-01-19,0,0,0,0,0,0,0,0,0,0,0,0,0,0,0,0,0,0,0,0,0,0,0,0,0,0,0,0,0,0,0,0,0,0,0,0,0,0,0,0,0,0,0,0,0,0
2020-01-20,0,0,0,0,0,0,0,0,0,0,0,0,0,0,0,0,0,0,0,0,0,0,0,0,0,0,0,0,0,0,0,0,0,0,0,0,0,0,0,0,0,0,0,0,0,0
2020-01-21,0,0,0,0,0,0,0,0,0,0,0,0,0,0,0,0,0,0,0,0,0,0,0,0,0,0,0,0,0,0,0,0,0,0,0,0,0,0,0,0,0,0,0,0,0,0
2020-01-22,0,0,0,0,0,0,0,0,0,0,0,0,0,0,0,0,0,0,0,0,0,0,0,0,0,0,0,0,0,0,0,0,0,0,0,0,0,0,0,0,0,0,0,0,0,0
2020-01-23,0,0,0,0,0,0,0,0,0,0,0,0,0,0,0,0,0,0,0,0,0,0,0,0,0,0,0,0,0,0,0,0,0,0,0,0,0,0,0,0,0,0,0,0,0,0
2020-01-24,0,0,0,0,0,0,0,0,0,0,0,0,0,0,0,0,0,0,0,0,0,0,0,0,0,0,0,0,0,0,0,0,0,0,0,0,0,0,0,0,0,0,0,0,0,0
2020-01-25,0,0,0,0,0,0,0,0,0,0,0,0,0,0,0,0,0,0,0,0,0,0,0,0,0,0,0,0,0,0,0,0,0,0,0,0,0,0,0,0,0,0,0,0,0,0
2020-01-26,0,0,0,0,0,0,0,0,0,0,0,0,0,0,0,0,0,0,0,0,0,0,0,0,0,0,0,0,0,0,0,0,0,0,0,0,0,0,0,0,0,0,0,0,0,0
2020-01-27,0,0,0,0,0,0,0,0,0,0,0,0,0,0,0,0,0,0,0,0,0,0,0,0,0,0,0,0,0,0,0,0,0,0,0,0,0,0,0,0,0,0,0,0,0,0
2020-01-28,0,0,0,0,0,0,0,0,0,0,0,0,0,0,0,0,0,0,0,0,0,0,0,0,0,0,0,0,0,0,0,0,0,0,0,0,0,0,0,0,0,0,0,0,0,0
2020-01-29,0,0,0,0,0,0,0,0,0,0,0,0,0,0,0,0,0,0,0,0,0,0,0,0,0,0,0,0,0,0,0,0,0,0,0,0,0,0,0,0,0,0,0,0,0,0
2020-01-30,0,0,0,0,0,0,0,0,0,0,0,0,0,0,0,0,0,0,0,0,0,0,0,0,0,0,0,0,0,0,0,0,0,0,0,0,0,0,0,0,0,0,0,0,0,0
2020-01-31,0,0,0,0,0,0,0,0,0,0,0,0,0,0,0,0,0,0,0,0,0,0,0,0,0,0,0,0,0,0,0,0,0,0,0,0,0,0,0,0,0,0,0,0,0,0
2020-02-01,0,0,0,0,0,0,0,0,0,0,0,0,0,0,0,0,0,0,0,0,0,0,0,0,0,0,0,0,0,0,0,0,0,0,0,0,0,0,0,0,0,0,0,0,0,0
2020-02-02,0,0,0,0,0,0,0,0,0,0,0,0,0,0,0,0,0,0,0,0,0,0,0,0,0,0,0,0,0,0,0,0,0,0,0,0,0,0,0,0,0,0,0,0,0,0
2020-02-03,0,0,0,0,0,0,0,0,0,0,0,0,0,0,0,0,0,0,0,0,0,0,0,0,0,0,0,0,0,0,0,0,0,0,0,0,0,0,0,0,0,0,0,0,0,0
2020-02-04,0,0,0,0,0,0,0,0,0,0,0,0,0,0,0,0,0,0,0,0,0,0,0,0,0,0,0,0,0,0,0,0,0,0,0,0,0,0,0,0,0,0,0,0,0,0
2020-02-05,0,0,0,0,0,0,0,0,0,0,0,0,0,0,0,0,0,0,0,0,0,0,0,0,0,0,0,0,0,0,0,0,0,0,0,0,0,0,0,0,0,0,0,0,0,0
2020-02-06,0,0,0,0,0,0,0,0,0,0,0,0,0,0,0,0,0,0,0,0,0,0,0,0,0,0,0,0,0,0,0,0,0,0,0,0,0,0,0,0,0,0,0,0,0,0
2020-02-07,0,0,0,0,0,0,0,0,0,0,0,0,0,0,0,0,0,0,0,0,0,0,0,0,0,0,0,0,0,0,0,0,0,0,0,0,0,0,0,0,0,0,0,0,0,0
2020-02-08,0,0,0,0,0,0,0,0,0,0,0,0,0,0,0,0,0,0,0,0,0,0,0,0,0,0,0,0,0,0,0,0,0,0,0,0,0,0,0,0,0,0,0,0,0,0
2020-02-09,0,0,0,0,0,0,0,0,0,0,0,0,0,0,0,0,0,0,0,0,0,0,0,0,0,0,0,0,0,0,0,0,0,0,0,0,0,0,0,0,0,0,0,0,0,0
2020-02-10,0,0,0,0,0,0,0,0,0,0,0,0,0,0,0,0,0,0,0,0,0,0,0,0,0,0,0,0,0,0,0,0,0,0,0,0,0,0,0,0,0,0,0,0,0,0
2020-02-11,0,0,0,0,0,0,0,0,0,0,0,0,0,0,0,0,0,0,0,0,0,0,0,0,0,0,0,0,0,0,0,0,0,0,0,0,0,0,0,0,0,0,0,0,0,0
2020-02-12,0,0,0,0,0,0,0,0,0,0,0,0,0,0,0,0,0,0,0,0,0,0,0,0,0,0,0,0,0,0,0,0,0,0,0,0,0,0,0,0,0,0,0,0,0,0
2020-02-13,0,0,0,0,0,0,0,0,0,0,0,0,0,0,0,0,0,0,0,0,0,0,0,0,0,0,0,0,0,0,0,0,0,0,0,0,0,0,0,0,0,0,0,0,0,0
2020-02-14,0,0,0,0,0,0,0,0,0,0,0,0,0,0,0,0,0,0,0,0,0,0,0,0,0,0,0,0,0,0,0,0,0,0,0,0,0,0,0,0,0,0,0,0,0,0
2020-02-15,0,0,0,0,0,0,0,0,0,0,0,0,0,0,0,0,0,0,0,0,0,0,0,0,0,0,0,0,0,0,0,0,0,0,0,0,0,0,0,0,0,0,0,0,0,0
2020-02-16,0,0,0,0,0,0,0,0,0,0,0,0,0,0,0,0,0,0,0,0,0,0,0,0,0,0,0,0,0,0,0,0,0,0,0,0,0,0,0,0,0,0,0,0,0,0
2020-02-17,0,0,0,0,0,0,0,0,0,0,0,0,0,0,0,0,0,0,0,0,0,0,0,0,0,0,0,0,0,0,0,0,0,0,0,0,0,0,0,0,0,0,0,0,0,0
2020-02-18,0,0,0,0,0,0,0,0,0,0,0,0,0,0,0,0,0,0,0,0,0,0,0,0,0,0,0,0,0,0,0,0,0,0,0,0,0,0,0,0,0,0,0,0,0,0
2020-02-19,0,0,0,0,0,0,0,0,0,0,0,0,0,0,0,0,0,0,0,0,0,0,0,0,0,0,0,0,0,0,0,0,0,0,0,0,0,0,0,0,0,0,0,0,0,0
2020-02-20,0,0,0,0,0,0,0,0,0,0,0,0,0,0,0,0,0,0,0,0,0,0,0,0,0,0,0,0,0,0,0,0,0,0,0,0,0,0,0,0,0,0,0,0,0,0
2020-02-21,0,0,0,0,0,0,0,0,0,0,0,0,0,0,0,0,0,0,0,0,0,0,0,0,0,0,0,0,0,0,0,0,0,0,0,0,0,0,0,0,0,0,0,0,0,0
2020-02-22,0,0,0,0,0,0,0,0,0,0,0,0,0,0,0,0,0,0,0,0,0,0,0,0,0,0,0,0,0,0,0,0,0,0,0,0,0,0,0,0,0,0,0,0,0,0
2020-02-23,0,0,0,0,0,0,0,0,0,0,0,0,0,0,0,0,0,0,0,0,0,0,0,0,0,0,0,0,0,0,0,0,0,0,0,0,0,0,0,0,0,0,0,0,0,0
2020-02-24,0,0,0,0,0,0,0,0,0,0,0,0,0,0,0,0,0,0,0,0,0,0,0,0,0,0,0,0,0,0,0,0,0,0,0,0,0,0,0,0,0,0,0,0,0,0
2020-02-25,0,0,0,0,0,0,0,0,0,0,0,0,0,0,0,0,0,0,0,0,0,0,0,0,0,0,0,0,0,0,0,0,0,0,0,0,0,0,0,0,0,0,0,0,0,0
2020-02-26,0,0,0,0,0,0,0,0,0,0,0,0,0,0,0,0,0,0,0,0,0,0,0,0,0,0,0,0,0,0,0,0,0,0,0,0,0,0,0,0,0,0,0,0,0,0
2020-02-27,0,0,0,0,0,0,0,0,0,0,0,0,0,0,0,0,0,0,0,0,0,0,0,0,0,0,0,0,0,0,0,0,0,0,0,0,0,0,0,0,0,0,0,0,0,0
2020-02-28,0,0,0,0,0,0,0,0,0,0,0,0,0,0,0,0,0,0,0,0,0,0,0,0,0,0,0,0,0,0,0,0,0,0,0,0,0,0,0,0,0,0,0,0,0,0
2020-02-29,0,0,0,0,0,0,0,0,0,0,0,0,0,0,0,0,0,0,0,0,0,0,0,0,0,0,0,0,0,0,0,0,0,0,0,0,0,0,0,0,0,0,0,0,0,0
2020-03-01,0,0,0,0,0,0,0,0,0,0,0,0,0,0,0,0,0,0,0,0,0,0,0,0,0,0,0,0,0,0,0,0,0,0,0,0,0,0,0,0,0,0,0,0,0,0
2020-03-02,0,0,0,0,0,0,0,0,0,0,0,0,0,0,0,0,0,0,0,0,0,0,0,0,0,0,0,0,0,0,0,0,0,0,0,0,0,0,0,0,0,0,0,0,0,0
2020-03-03,6,0,0,0,2,2,1,0,0,0,0,0,0,0,0,0,0,0,1,0,0,0,0,0,0,0,0,0,0,0,0,0,0,0,0,0,0,0,0,0,0,0,0,0,6,0
2020-03-04,9,0,0,0,3,2,1,0,0,0,0,0,0,0,0,0,0,0,3,0,0,0,0,0,0,0,0,0,0,0,0,0,0,0,0,0,0,0,0,0,0,0,0,0,3,0
2020-03-05,19,0,1,0,3,6,1,0,0,0,0,0,0,0,0,0,0,1,4,3,0,0,0,0,0,0,0,0,0,0,0,0,0,0,0,0,0,0,0,0,0,0,0,0,10,0
2020-03-06,24,0,1,0,3,7,1,1,0,0,0,0,0,0,0,0,0,1,4,6,0,0,0,0,0,0,0,0,0,0,0,0,0,0,0,0,0,0,0,0,0,0,0,0,5,0
2020-03-07,25,0,1,0,3,8,1,1,0,0,0,0,0,0,0,0,0,1,4,6,0,0,0,0,0,0,0,0,0,0,0,0,0,0,0,0,0,0,0,0,0,0,0,0,1,0
2020-03-08,37,0,1,0,8,9,1,1,0,0,0,0,0,0,0,0,0,1,9,7,0,0,0,0,0,0,0,0,0,0,0,0,0,0,0,0,0,0,0,0,0,0,0,0,12,0
2020-03-09,59,0,1,0,13,17,1,1,0,0,0,0,0,0,0,0,0,1,15,8,2,0,0,0,0,0,0,0,0,0,0,0,0,0,0,0,0,0,0,0,0,0,0,0,22,0
2020-03-10,93,0,1,0,23,21,1,1,0,0,0,0,0,0,0,0,0,1,24,18,3,0,0,0,0,0,0,0,0,0,0,0,0,0,0,0,0,0,0,0,0,0,0,0,34,0
2020-03-11,135,0,3,1,34,32,4,1,0,0,0,0,0,0,0,0,1,1,32,23,3,0,0,0,0,0,0,0,0,0,0,0,0,0,0,0,0,0,0,0,0,0,0,0,42,0
2020-03-12,182,0,4,1,42,44,7,1,0,0,0,0,0,0,0,0,1,1,41,32,7,1,0,0,0,0,0,0,0,0,0,0,0,0,0,0,0,0,0,0,0,0,0,0,47,0
2020-03-13,241,0,4,2,57,63,7,1,0,0,0,0,0,0,0,0,1,2,51,42,10,1,0,0,0,0,0,0,0,0,0,0,0,0,0,0,0,0,0,0,0,0,0,0,59,0
2020-03-14,270,0,6,2,63,73,10,1,0,0,0,0,0,0,0,0,1,2,52,48,11,1,0,0,0,0,0,0,0,0,0,0,0,0,0,0,0,0,0,0,0,0,0,0,29,0
2020-03-15,296,0,6,2,68,79,12,1,0,0,0,0,0,0,0,0,1,2,54,58,12,1,0,0,0,0,0,0,0,0,0,0,0,0,0,0,0,0,0,0,0,0,0,0,26,0
2020-03-16,359,0,6,2,79,101,15,1,0,0,0,0,0,0,0,0,1,3,65,69,14,3,0,0,0,0,0,0,0,0,0,0,0,0,0,0,0,0,0,0,0,0,0,0,63,0
2020-03-17,452,0,6,6,99,123,18,2,0,0,0,0,0,0,0,0,1,5,81,91,17,3,0,0,0,0,0,0,0,0,0,0,0,0,0,0,0,0,0,0,0,0,0,0,93,0
2020-03-18,598,2,9,7,123,172,26,3,0,0,0,0,0,1,0,0,1,8,102,119,23,5,0,0,0,0,0,0,1,0,0,0,0,0,0,0,0,0,0,0,0,0,0,0,146,2
2020-03-19,778,3,9,9,151,230,40,5,0,0,0,0,0,1,1,0,1,12,136,148,32,5,0,0,0,0,0,0,1,0,0,0,0,0,0,0,0,0,0,0,0,0,0,0,180,1
2020-03-20,948,5,9,16,188,267,46,5,0,0,0,0,2,1,1,0,2,23,169,180,38,5,0,0,0,0,0,0,1,0,0,0,0,0,0,0,0,0,0,0,0,0,0,0,170,2
2020-03-21,1076,7,9,17,217,303,60,6,0,0,0,0,3,1,2,0,4,24,188,201,41,6,0,0,0,0,0,0,1,0,0,0,0,0,0,0,0,0,0,0,0,0,0,0,128,2
2020-03-22,1144,8,10,17,227,322,64,6,0,0,0,0,3,2,2,0,5,24,199,219,44,7,0,0,0,0,0,0,1,0,0,0,0,0,0,0,0,0,0,0,0,0,0,0,68,1
2020-03-23,1303,12,10,23,260,354,72,11,0,0,0,0,3,3,5,0,5,26,236,246,52,8,0,0,0,0,0,0,1,0,0,0,0,0,0,0,0,0,0,0,0,0,0,0,159,4
2020-03-24,1502,17,10,27,294,405,92,14,0,0,0,0,3,3,7,0,6,28,268,286,62,10,0,0,0,0,1,0,3,0,0,0,0,0,0,0,0,0,0,0,0,0,0,0,199,5
2020-03-25,1747,19,10,27,331,468,110,16,0,0,0,0,3,5,7,0,7,30,324,335,77,12,0,0,0,0,1,0,3,0,0,0,0,0,0,0,0,0,0,0,0,0,0,0,245,2
2020-03-26,2033,23,11,27,382,533,134,24,0,0,0,0,3,6,8,0,8,32,385,386,94,17,0,0,0,0,2,0,4,0,0,0,0,0,0,0,0,0,0,0,0,0,0,0,286,4
2020-03-27,2238,28,14,28,414,562,151,28,0,0,0,0,3,8,11,0,9,34,422,439,115,22,0,0,0,0,2,0,4,0,0,0,0,0,0,0,0,0,0,0,0,0,0,0,205,5
2020-03-28,2435,31,17,30,454,601,167,29,0,0,0,0,3,8,12,0,9,39,461,477,127,24,0,0,0,0,2,0,6,0,0,0,0,0,0,0,0,0,0,0,0,0,0,0,197,3
2020-03-29,2522,35,18,31,464,628,170,32,0,0,0,0,4,8,14,0,9,39,469,499,138,25,0,0,0,0,2,1,6,0,0,0,0,0,0,0,0,0,0,0,0,0,0,0,87,4
2020-03-30,2689,39,20,34,483,669,187,38,0,0,0,0,4,10,16,0,10,39,498,529,151,31,0,0,0,0,2,1,6,0,0,0,0,0,0,0,0,0,0,0,0,0,0,0,167,4
2020-03-31,2902,42,21,35,508,713,206,47,0,0,0,0,4,10,17,0,15,41,533,582,166,35,0,0,0,0,3,2,6,0,0,0,0,0,0,0,0,0,0,0,0,0,0,0,213,3
2020-04-01,3089,50,21,39,542,746,226,49,0,0,0,0,5,13,17,0,17,47,557,617,185,43,0,0,0,0,3,3,9,0,0,0,0,0,0,0,0,0,0,0,0,0,0,0,187,8
2020-04-02,3327,57,23,43,573,795,245,52,0,0,0,0,5,14,18,0,21,48,597,674,205,51,0,0,0,0,3,3,14,0,0,0,0,0,0,0,0,0,0,0,0,0,0,0,238,7
2020-04-03,3566,74,24,46,595,830,269,68,0,0,0,0,5,19,22,0,22,51,629,724,228,80,0,0,0,0,3,8,17,0,0,0,0,0,0,0,0,0,0,0,0,0,0,0,239,17
2020-04-04,3674,76,25,47,609,849,276,70,0,0,0,0,5,20,23,0,23,54,645,752,240,84,0,0,0,0,3,8,17,0,0,0,0,0,0,0,0,0,0,0,0,0,0,0,108,2
2020-04-05,3752,81,25,48,626,865,280,71,0,0,0,0,5,22,23,0,23,55,655,766,252,86,0,0,0,0,3,10,18,0,0,0,0,0,0,0,0,0,0,0,0,0,0,0,78,5
2020-04-06,3896,90,27,52,646,886,293,75,0,0,0,0,5,24,26,0,24,56,680,797,267,93,0,0,0,0,4,10,21,0,0,0,0,0,0,0,0,0,0,0,0,0,0,0,144,9
2020-04-07,4098,105,31,53,675,923,305,86,0,0,0,0,6,26,30,0,25,56,715,838,283,108,0,0,0,0,4,10,29,0,0,0,0,0,0,0,0,0,0,0,0,0,0,0,202,15
2020-04-08,4276,111,31,54,700,962,314,95,0,0,0,0,6,27,31,0,25,58,740,875,294,128,0,0,0,0,4,11,32,0,0,0,0,0,0,0,0,0,0,0,0,0,0,0,178,6
2020-04-09,4452,121,31,57,722,989,332,104,0,0,0,0,6,29,33,0,29,61,760,912,312,143,0,0,0,0,5,13,35,0,0,0,0,0,0,0,0,0,0,0,0,0,0,0,176,10
2020-04-10,4534,126,31,60,732,1000,339,108,0,0,0,0,6,30,36,0,30,62,768,931,321,151,0,0,0,0,5,13,36,0,0,0,1,0,0,0,0,0,0,0,0,0,0,0,82,5
2020-04-11,4621,127,31,60,751,1012,344,113,0,0,0,0,6,30,37,0,32,62,779,955,324,157,0,0,0,0,5,13,36,0,0,0,1,0,0,0,0,0,0,0,0,0,0,0,87,1
2020-04-12,4675,127,31,60,760,1018,349,115,0,0,0,0,6,30,37,0,32,64,788,967,329,161,0,0,0,0,5,13,36,0,0,0,1,0,0,0,0,0,0,0,0,0,0,0,54,0
2020-04-13,4734,130,32,61,770,1024,356,117,0,0,0,0,6,32,37,0,32,66,795,978,334,168,0,0,0,0,5,13,37,0,0,0,1,0,0,0,0,0,0,0,0,0,0,0,59,3
2020-04-14,4808,131,33,63,783,1035,360,120,0,0,0,0,6,32,37,0,32,68,805,995,341,172,0,0,0,0,5,14,37,0,0,0,1,0,0,0,0,0,0,0,0,0,0,0,74,1
2020-04-15,4921,134,34,64,799,1059,371,127,0,0,0,1,6,33,37,0,32,69,822,1018,351,174,0,0,0,0,5,15,37,0,0,0,1,0,0,0,0,0,0,0,0,0,0,0,113,3
2020-04-16,5015,137,34,64,810,1086,379,132,0,0,0,1,6,34,38,0,32,71,837,1037,353,179,0,0,0,0,5,16,37,0,0,0,1,0,0,0,0,0,0,0,0,0,0,0,94,3
2020-04-17,5135,143,35,65,825,1098,390,139,0,0,0,1,6,35,40,0,32,73,852,1064,363,198,0,0,0,0,5,16,40,0,0,0,1,0,0,0,0,0,0,0,0,0,0,0,120,6
2020-04-18,5217,147,35,66,834,1115,397,142,0,0,0,1,7,37,40,0,33,76,862,1086,368,202,0,0,0,0,5,16,41,0,0,0,1,0,0,0,0,0,0,0,0,0,0,0,82,4
2020-04-19,5250,148,35,67,839,1120,403,143,0,0,0,1,7,37,40,0,33,76,865,1095,369,204,0,0,0,0,5,16,42,0,0,0,1,0,0,0,0,0,0,0,0,0,0,0,33,1
2020-04-20,5295,150,35,67,843,1127,407,145,0,0,0,1,7,39,40,0,33,76,874,1107,373,207,0,0,0,0,5,16,42,0,0,0,1,0,0,0,0,0,0,0,0,0,0,0,45,2
2020-04-21,5371,152,36,67,852,1146,412,146,0,0,0,1,7,41,40,0,33,77,887,1121,378,215,0,0,0,0,5,16,42,0,0,0,1,0,0,0,0,0,0,0,0,0,0,0,76,2
2020-04-22,5452,159,38,69,861,1158,418,151,0,0,0,1,7,42,43,0,33,83,895,1137,387,221,0,0,0,0,5,16,45,0,0,0,1,0,0,0,0,0,0,0,0,0,0,0,81,7
2020-04-23,5539,161,39,70,875,1174,425,155,0,0,0,1,7,43,43,0,34,87,908,1152,392,227,0,0,0,0,5,16,46,0,0,0,1,0,0,0,0,0,0,0,0,0,0,0,87,2
2020-04-24,5612,164,39,73,883,1186,435,156,0,0,0,1,7,44,43,0,34,90,920,1167,397,231,0,0,0,0,5,16,48,0,0,0,1,0,0,0,0,0,0,0,0,0,0,0,73,3
2020-04-25,5667,171,40,73,890,1193,446,161,0,0,0,1,7,46,46,0,34,90,921,1174,400,244,0,0,0,0,6,16,49,0,0,0,1,0,0,0,0,0,0,0,0,0,0,0,55,7
2020-04-26,5688,172,41,73,894,1194,449,163,0,0,0,1,7,47,46,0,34,90,925,1174,404,246,0,0,0,0,6,16,49,0,0,0,1,0,0,0,0,0,0,0,0,0,0,0,21,1
2020-04-27,5744,182,41,73,898,1207,453,165,0,0,0,1,7,49,47,0,34,90,932,1182,415,253,0,0,0,0,6,20,52,0,0,0,1,0,0,0,0,0,0,0,0,0,0,0,56,10
2020-04-28,5823,189,41,73,908,1216,457,174,0,0,0,1,7,50,50,0,35,90,942,1199,429,258,0,0,0,0,6,23,52,0,0,0,1,0,0,0,0,0,0,0,0,0,0,0,79,7
2020-04-29,5891,189,41,77,914,1230,465,179,0,0,0,1,7,50,50,0,35,90,947,1214,439,259,0,0,0,0,6,23,52,0,0,0,1,0,0,0,0,0,0,0,0,0,0,0,68,0
2020-04-30,5948,193,41,78,922,1244,473,180,0,0,0,1,8,50,51,0,35,90,953,1221,446,264,0,0,0,0,6,24,53,0,0,0,1,0,0,0,0,0,0,0,0,0,0,0,57,4
2020-05-01,5973,193,41,78,925,1250,476,180,0,0,0,1,8,50,51,0,35,92,955,1226,450,264,0,0,0,0,6,24,53,0,0,0,1,0,0,0,0,0,0,0,0,0,0,0,25,0
2020-05-02,6004,195,42,78,929,1257,481,181,0,0,0,1,8,50,51,0,35,92,956,1232,451,269,0,0,0,0,6,24,55,0,0,0,1,0,0,0,0,0,0,0,0,0,0,0,31,2
2020-05-03,6036,196,43,80,939,1260,485,181,0,0,0,1,8,51,51,0,36,93,959,1235,453,271,0,0,0,0,6,24,55,0,0,0,1,0,0,0,0,0,0,0,0,0,0,0,32,1
2020-05-04,6088,196,43,82,951,1268,489,183,0,0,0,1,8,51,51,0,38,94,964,1242,457,276,0,0,0,0,6,24,55,0,0,0,1,0,0,0,0,0,0,0,0,0,0,0,52,0
2020-05-05,6141,197,43,83,956,1281,495,185,0,0,0,1,8,51,51,0,39,94,972,1246,463,283,0,0,0,0,6,24,56,0,0,0,1,0,0,0,0,0,0,0,0,0,0,0,53,1
2020-05-06,6199,198,43,83,966,1290,503,187,0,0,0,1,8,52,51,0,40,95,980,1256,469,286,0,0,0,0,6,24,56,0,0,0,1,0,0,0,0,0,0,0,0,0,0,0,58,1
2020-05-07,6257,199,44,83,972,1299,505,191,0,0,0,1,8,52,52,0,42,95,989,1272,475,289,0,0,0,0,6,24,56,0,0,0,1,0,0,0,0,0,0,0,0,0,0,0,58,1
2020-05-08,6261,199,44,83,973,1299,506,191,0,0,0,1,8,52,52,0,42,95,990,1272,476,289,0,0,0,0,6,24,56,0,0,0,1,0,0,0,0,0,0,0,0,0,0,0,4,0
2020-05-09,6278,200,45,83,976,1301,506,192,0,0,0,1,8,52,53,0,42,95,995,1275,476,291,0,0,0,0,6,24,56,0,0,0,1,0,0,0,0,0,0,0,0,0,0,0,17,1
2020-05-10,6286,200,45,83,977,1301,507,192,0,0,0,1,8,52,53,0,42,95,996,1279,476,292,0,0,0,0,6,24,56,0,0,0,1,0,0,0,0,0,0,0,0,0,0,0,8,0
2020-05-11,6303,202,45,83,981,1303,508,197,0,0,0,1,8,52,55,0,42,95,999,1281,476,292,0,0,0,0,6,24,56,0,0,0,1,0,0,0,0,0,0,0,0,0,0,0,17,2
2020-05-12,6340,203,45,84,990,1307,513,200,0,0,0,1,8,53,55,0,44,97,1001,1287,479,292,0,0,0,0,6,24,56,0,0,0,1,0,0,0,0,0,0,0,0,0,0,0,37,1
2020-05-13,6398,203,48,86,995,1318,518,200,0,0,0,1,8,53,55,0,45,101,1009,1303,481,293,0,0,0,0,6,24,56,0,0,0,1,0,0,0,0,0,0,0,0,0,0,0,58,0
2020-05-14,6443,204,48,87,1004,1325,521,201,0,0,0,1,8,54,55,0,45,101,1016,1312,486,296,0,0,0,0,6,24,56,0,0,0,1,0,0,0,0,0,0,0,0,0,0,0,45,1
2020-05-15,6459,204,48,87,1008,1327,522,201,0,0,0,1,8,54,55,0,45,101,1020,1315,487,297,0,0,0,0,6,24,56,0,0,0,1,0,0,0,0,0,0,0,0,0,0,0,16,0
2020-05-16,6475,204,48,87,1009,1331,522,201,0,0,0,1,8,54,55,0,45,101,1026,1320,487,297,0,0,0,0,6,24,56,0,0,0,1,0,0,0,0,0,0,0,0,0,0,0,16,0
2020-05-17,6483,204,48,87,1011,1332,523,201,0,0,0,1,8,54,55,0,45,102,1027,1322,487,297,0,0,0,0,6,24,56,0,0,0,1,0,0,0,0,0,0,0,0,0,0,0,8,0
2020-05-18,6516,205,49,91,1013,1338,524,204,0,0,0,1,8,54,55,0,45,104,1030,1327,492,298,0,0,0,0,6,25,56,0,0,0,1,0,0,0,0,0,0,0,0,0,0,0,33,1
2020-05-19,6562,208,50,92,1017,1346,526,208,0,0,0,1,8,54,58,0,45,105,1038,1339,492,303,0,0,0,0,6,25,56,0,0,0,1,0,0,0,0,0,0,0,0,0,0,0,46,3
2020-05-20,6610,209,51,94,1024,1350,530,209,0,0,0,1,8,54,59,0,45,108,1046,1350,498,304,0,0,0,0,6,25,56,0,0,0,1,0,0,0,0,0,0,0,0,0,0,0,48,1
2020-05-21,6620,210,51,96,1025,1353,530,209,0,0,0,1,8,54,59,0,45,108,1047,1351,499,305,0,0,0,0,6,25,57,0,0,0,1,0,0,0,0,0,0,0,0,0,0,0,10,1
2020-05-22,6656,210,51,97,1035,1357,531,209,0,0,0,1,8,54,59,0,45,108,1055,1358,502,307,0,0,0,0,6,25,57,0,0,0,1,0,0,0,0,0,0,0,0,0,0,0,36,0
2020-05-23,6664,210,51,97,1037,1359,531,210,0,0,0,1,8,54,59,0,45,108,1056,1360,502,307,0,0,0,0,6,25,57,0,0,0,1,0,0,0,0,0,0,0,0,0,0,0,8,0
2020-05-24,6667,210,51,97,1037,1360,532,210,0,0,0,1,8,54,59,0,45,108,1056,1361,502,307,0,0,0,0,6,25,57,0,0,0,1,0,0,0,0,0,0,0,0,0,0,0,3,0
2020-05-25,6689,210,53,97,1039,1364,533,212,0,0,0,1,8,54,59,0,45,108,1061,1365,503,308,0,0,0,0,6,25,57,0,0,0,1,0,0,0,0,0,0,0,0,0,0,0,22,0
2020-05-26,6711,210,53,98,1043,1367,537,212,0,0,0,1,8,54,59,0,45,108,1065,1368,506,308,0,0,0,0,6,25,57,0,0,0,1,0,0,0,0,0,0,0,0,0,0,0,22,0
2020-05-27,6753,210,53,98,1052,1375,538,213,0,0,0,1,8,54,59,0,45,112,1075,1372,510,309,0,0,0,0,6,25,57,0,0,0,1,0,0,0,0,0,0,0,0,0,0,0,42,0
2020-05-28,6778,210,54,100,1055,1379,539,213,0,0,0,1,8,54,59,0,45,113,1079,1379,512,309,0,0,0,0,6,25,57,0,0,0,1,0,0,0,0,0,0,0,0,0,0,0,25,0
2020-05-29,6808,210,54,100,1057,1389,541,213,0,0,0,1,8,54,59,0,45,115,1084,1385,513,311,0,0,0,0,6,25,57,0,0,0,1,0,0,0,0,0,0,0,0,0,0,0,30,0
2020-05-30,6831,210,54,103,1060,1392,541,213,0,0,0,1,8,54,59,0,45,117,1088,1391,515,311,0,0,0,0,6,25,57,0,0,0,1,0,0,0,0,0,0,0,0,0,0,0,23,0
2020-05-31,6858,210,55,104,1063,1396,543,213,0,0,0,1,8,54,59,0,46,122,1095,1393,516,311,0,0,0,0,6,25,57,0,0,0,1,0,0,0,0,0,0,0,0,0,0,0,27,0
2020-06-01,6860,210,55,104,1063,1396,543,213,0,0,0,1,8,54,59,0,46,122,1096,1394,516,311,0,0,0,0,6,25,57,0,0,0,1,0,0,0,0,0,0,0,0,0,0,0,2,0
2020-06-02,6901,211,57,105,1073,1402,546,216,0,0,0,1,8,55,59,0,47,122,1102,1402,517,311,0,0,0,0,6,25,57,0,0,0,1,0,0,0,0,0,0,0,0,0,0,0,41,1
2020-06-03,6956,212,58,111,1081,1411,549,216,0,0,0,1,8,56,59,0,48,126,1113,1411,518,313,0,0,0,0,6,25,57,0,0,0,1,0,0,0,0,0,0,0,0,0,0,0,55,1
2020-06-04,6988,212,61,114,1089,1417,549,216,0,0,0,1,8,56,59,0,51,126,1117,1415,518,314,0,0,0,0,6,25,57,0,0,0,1,0,0,0,0,0,0,0,0,0,0,0,32,0
2020-06-05,7023,213,61,117,1098,1423,549,217,0,0,0,1,8,56,59,0,51,129,1122,1422,519,314,0,0,0,0,7,25,57,0,0,0,1,0,0,0,0,0,0,0,0,0,0,0,35,1
2020-06-06,7039,213,61,120,1100,1425,549,218,0,0,0,1,8,56,59,0,52,130,1124,1424,521,314,0,0,0,0,7,25,57,0,0,0,1,0,0,0,0,0,0,0,0,0,0,0,16,0
2020-06-07,7047,213,61,121,1100,1425,549,218,0,0,0,1,8,56,59,0,52,130,1127,1426,523,314,0,0,0,0,7,25,57,0,0,0,1,0,0,0,0,0,0,0,0,0,0,0,8,0
2020-06-08,7076,213,61,121,1104,1430,550,218,0,0,0,1,8,56,59,0,55,131,1135,1431,525,314,0,0,0,0,7,25,57,0,0,0,1,0,0,0,0,0,0,0,0,0,0,0,29,0
2020-06-09,7133,213,64,127,1114,1438,551,218,0,0,0,1,8,56,59,0,58,136,1142,1443,527,314,0,0,0,0,7,25,57,0,0,0,1,0,0,0,0,0,0,0,0,0,0,0,57,0
2020-06-10,7213,214,71,130,1126,1453,552,220,0,0,0,1,8,56,59,0,60,143,1156,1453,531,317,0,0,0,0,7,25,58,0,0,0,1,0,0,0,0,0,0,0,0,0,0,0,80,1
2020-06-11,7263,214,73,136,1133,1460,553,222,0,0,0,1,8,56,59,0,62,150,1164,1457,534,318,0,0,0,0,7,25,58,0,0,0,1,0,0,0,0,0,0,0,0,0,0,0,50,0
2020-06-12,7305,215,77,138,1148,1467,553,223,0,0,0,1,8,56,59,0,63,153,1168,1459,535,320,0,0,0,0,7,25,59,0,0,0,1,0,0,0,0,0,0,0,0,0,0,0,42,1
2020-06-13,7373,215,81,149,1160,1471,556,223,0,0,0,1,8,56,59,0,65,164,1177,1465,538,323,0,0,0,0,7,25,59,0,0,0,1,0,0,0,0,0,0,0,0,0,0,0,68,0
2020-06-14,7385,215,81,149,1160,1475,556,223,0,0,0,1,8,56,59,0,65,165,1179,1467,540,324,0,0,0,0,7,25,59,0,0,0,1,0,0,0,0,0,0,0,0,0,0,0,12,0
2020-06-15,7416,215,82,151,1163,1480,557,223,0,0,0,1,8,56,59,0,66,167,1185,1473,542,326,0,0,0,0,7,25,59,0,0,0,1,0,0,0,0,0,0,0,0,0,0,0,31,0
2020-06-16,7491,215,83,159,1174,1487,560,224,0,0,0,1,8,56,59,0,69,175,1200,1487,545,327,0,0,0,0,7,25,59,0,0,0,1,0,0,0,0,0,0,0,0,0,0,0,75,0
2020-06-17,7576,215,89,169,1186,1499,562,226,0,0,0,1,8,56,59,0,74,181,1215,1497,548,329,0,0,0,0,7,25,59,0,0,0,1,0,0,0,0,0,0,0,0,0,0,0,85,0
2020-06-18,7704,215,98,174,1206,1520,562,229,0,0,0,1,8,56,59,0,80,190,1244,1517,552,331,0,0,0,0,7,25,59,0,0,0,1,0,0,0,0,0,0,0,0,0,0,0,128,0
2020-06-19,7841,216,104,184,1224,1538,564,231,0,0,0,1,8,56,60,0,84,204,1274,1539,559,335,0,0,0,0,7,25,59,0,0,0,1,0,0,0,0,0,0,0,0,0,0,0,137,1
2020-06-20,7876,216,104,186,1229,1544,567,231,0,0,0,1,8,56,60,0,85,210,1281,1544,559,335,0,0,0,0,7,25,59,0,0,0,1,0,0,0,0,0,0,0,0,0,0,0,35,0
2020-06-21,7896,216,106,188,1232,1544,567,231,0,0,0,1,8,56,60,0,86,215,1286,1545,560,335,0,0,0,0,7,25,59,0,0,0,1,0,0,0,0,0,0,0,0,0,0,0,20,0
2020-06-22,7959,216,108,193,1242,1556,571,231,0,0,0,1,8,56,60,0,87,223,1291,1560,561,335,0,0,0,0,7,25,59,0,0,0,1,0,0,0,0,0,0,0,0,0,0,0,63,0
2020-06-23,8029,216,110,197,1256,1572,573,233,0,0,0,1,8,56,60,0,91,224,1301,1574,562,335,0,0,0,0,7,25,59,0,0,0,1,0,0,0,0,0,0,0,0,0,0,0,70,0
2020-06-24,8087,216,114,198,1262,1583,574,235,0,0,0,1,8,56,60,0,93,228,1314,1587,563,335,0,0,0,0,7,25,59,0,0,0,1,0,0,0,0,0,0,0,0,0,0,0,58,0
2020-06-25,8149,217,117,202,1271,1590,579,236,0,0,0,1,8,57,60,0,95,233,1321,1598,569,337,0,0,0,0,7,25,59,0,0,0,1,0,0,0,0,0,0,0,0,0,0,0,62,1
2020-06-26,8192,217,118,203,1275,1594,580,237,0,0,0,1,8,57,60,0,98,241,1329,1610,569,337,0,0,0,0,7,25,59,0,0,0,1,0,0,0,0,0,0,0,0,0,0,0,43,0
2020-06-27,8209,217,120,203,1279,1596,580,237,0,0,0,1,8,57,60,0,98,243,1333,1612,570,337,0,0,0,0,7,25,59,0,0,0,1,0,0,0,0,0,0,0,0,0,0,0,17,0
2020-06-28,8211,217,120,203,1280,1596,580,237,0,0,0,1,8,57,60,0,98,243,1333,1613,570,337,0,0,0,0,7,25,59,0,0,0,1,0,0,0,0,0,0,0,0,0,0,0,2,0
2020-06-29,8264,220,121,206,1295,1606,584,238,0,0,0,1,9,57,60,0,99,245,1338,1619,574,338,0,0,0,0,7,26,60,0,0,0,1,0,0,0,0,0,0,0,0,0,0,0,53,3
2020-06-30,8299,221,122,206,1299,1613,586,240,0,0,0,1,9,57,60,0,100,245,1345,1626,577,339,0,0,0,0,7,27,60,0,0,0,1,0,0,0,0,0,0,0,0,0,0,0,35,1
2020-07-01,8345,222,122,206,1306,1625,588,242,0,0,0,1,9,57,61,0,100,245,1355,1632,579,344,0,0,0,0,7,27,60,0,0,0,1,0,0,0,0,0,0,0,0,0,0,0,46,1
2020-07-02,8402,223,122,209,1321,1640,591,242,0,0,0,1,9,58,61,0,101,249,1365,1638,579,344,0,0,0,0,7,27,60,0,0,0,1,0,0,0,0,0,0,0,0,0,0,0,57,1
2020-07-03,8443,223,123,210,1327,1648,591,242,0,0,0,1,9,58,61,0,102,251,1376,1649,579,344,0,0,0,0,7,27,60,0,0,0,1,0,0,0,0,0,0,0,0,0,0,0,41,0
2020-07-04,8474,223,123,211,1333,1651,592,242,0,0,0,1,9,58,61,0,106,251,1386,1655,579,344,0,0,0,0,7,27,60,0,0,0,1,0,0,0,0,0,0,0,0,0,0,0,31,0
2020-07-05,8476,223,123,211,1333,1651,592,242,0,0,0,1,9,58,61,0,106,251,1386,1657,579,344,0,0,0,0,7,27,60,0,0,0,1,0,0,0,0,0,0,0,0,0,0,0,2,0
2020-07-06,8509,225,127,213,1335,1659,593,242,0,0,0,1,9,58,61,0,106,252,1390,1663,581,347,0,0,0,0,7,28,61,0,0,0,1,0,0,0,0,0,0,0,0,0,0,0,33,2
2020-07-07,8546,225,129,215,1345,1666,595,242,0,0,0,1,9,58,61,0,106,254,1395,1668,583,347,0,0,0,0,7,28,61,0,0,0,1,0,0,0,0,0,0,0,0,0,0,0,37,0
2020-07-08,8592,225,130,219,1353,1675,597,242,0,0,0,1,9,58,61,0,107,260,1402,1675,584,347,0,0,0,0,7,28,61,0,0,0,1,0,0,0,0,0,0,0,0,0,0,0,46,0
2020-07-09,8626,225,131,220,1357,1683,598,242,0,0,0,1,9,58,61,0,107,262,1412,1681,585,347,0,0,0,0,7,28,61,0,0,0,1,0,0,0,0,0,0,0,0,0,0,0,34,0
2020-07-10,8660,226,131,223,1365,1689,600,243,0,0,0,1,9,58,61,0,109,263,1417,1685,585,349,0,0,0,0,7,28,62,0,0,0,1,0,0,0,0,0,0,0,0,0,0,0,34,1
2020-07-11,8664,226,131,223,1367,1689,602,243,0,0,0,1,9,58,61,0,109,263,1417,1685,585,349,0,0,0,0,7,28,62,0,0,0,1,0,0,0,0,0,0,0,0,0,0,0,4,0
2020-07-12,8665,226,131,223,1367,1690,602,243,0,0,0,1,9,58,61,0,109,263,1417,1685,585,349,0,0,0,0,7,28,62,0,0,0,1,0,0,0,0,0,0,0,0,0,0,0,1,0
2020-07-13,8692,226,131,223,1375,1698,602,243,0,0,0,1,9,58,61,0,109,264,1421,1691,585,349,0,0,0,0,7,28,62,0,0,0,1,0,0,0,0,0,0,0,0,0,0,0,27,0
2020-07-14,8717,226,131,225,1380,1704,602,243,0,0,0,1,9,58,61,0,110,266,1426,1695,585,349,0,0,0,0,7,28,62,0,0,0,1,0,0,0,0,0,0,0,0,0,0,0,25,0
2020-07-15,8741,226,132,226,1383,1705,603,243,0,0,0,1,9,58,61,0,110,270,1432,1701,586,349,0,0,0,0,7,28,62,0,0,0,1,0,0,0,0,0,0,0,0,0,0,0,24,0
2020-07-16,8757,226,133,226,1387,1710,603,243,0,0,0,1,9,58,61,0,110,270,1435,1702,586,351,0,0,0,0,7,28,62,0,0,0,1,0,0,0,0,0,0,0,0,0,0,0,16,0
2020-07-17,8778,226,133,227,1390,1713,605,243,0,0,0,1,9,58,61,0,110,272,1439,1706,587,352,0,0,0,0,7,28,62,0,0,0,1,0,0,0,0,0,0,0,0,0,0,0,21,0
2020-07-18,8797,226,133,227,1392,1715,605,243,0,0,0,1,9,58,61,0,112,273,1443,1710,587,356,0,0,0,0,7,28,62,0,0,0,1,0,0,0,0,0,0,0,0,0,0,0,19,0
2020-07-19,8797,226,133,227,1392,1715,605,243,0,0,0,1,9,58,61,0,112,273,1443,1710,587,356,0,0,0,0,7,28,62,0,0,0,1,0,0,0,0,0,0,0,0,0,0,0,0,0
2020-07-20,8828,226,134,227,1400,1720,607,243,0,0,0,1,9,58,61,0,113,273,1448,1716,589,357,0,0,0,0,7,28,62,0,0,0,1,0,0,0,0,0,0,0,0,0,0,0,31,0
2020-07-21,8861,226,134,229,1407,1724,608,244,0,0,0,1,9,58,61,0,114,273,1459,1722,589,357,0,0,0,0,7,28,62,0,0,0,1,0,0,0,0,0,0,0,0,0,0,0,33,0
2020-07-22,8888,226,134,230,1412,1732,610,244,0,0,0,1,9,58,61,0,114,273,1466,1725,590,357,0,0,0,0,7,28,62,0,0,0,1,0,0,0,0,0,0,0,0,0,0,0,27,0
2020-07-23,8935,226,135,231,1424,1743,611,245,0,0,0,1,9,58,61,0,115,275,1471,1733,594,357,0,0,0,0,7,28,62,0,0,0,1,0,0,0,0,0,0,0,0,0,0,0,47,0
2020-07-24,8996,226,136,234,1439,1755,612,245,0,0,0,1,9,58,61,0,116,276,1486,1745,594,357,0,0,0,0,7,28,62,0,0,0,1,0,0,0,0,0,0,0,0,0,0,0,61,0
2020-07-25,9014,226,136,234,1444,1759,613,245,0,0,0,1,9,58,61,0,116,276,1490,1748,595,357,0,0,0,0,7,28,62,0,0,0,1,0,0,0,0,0,0,0,0,0,0,0,18,0
2020-07-26,9017,226,136,234,1446,1760,613,245,0,0,0,1,9,58,61,0,116,276,1490,1748,595,357,0,0,0,0,7,28,62,0,0,0,1,0,0,0,0,0,0,0,0,0,0,0,3,0
2020-07-27,9058,226,137,236,1456,1766,615,245,0,0,0,1,9,58,61,0,117,279,1502,1752,595,357,0,0,0,0,7,28,62,0,0,0,1,0,0,0,0,0,0,0,0,0,0,0,41,0
2020-07-28,9122,226,139,242,1465,1776,616,247,0,0,0,1,9,58,61,0,118,282,1515,1767,597,357,0,0,0,0,7,28,62,0,0,0,1,0,0,0,0,0,0,0,0,0,0,0,64,0
2020-07-29,9191,226,142,244,1480,1787,617,247,0,0,0,1,9,58,61,0,120,285,1532,1780,599,357,0,0,0,0,7,28,62,0,0,0,1,0,0,0,0,0,0,0,0,0,0,0,69,0
2020-07-30,9240,226,143,247,1493,1794,619,247,0,0,0,1,9,58,61,0,120,288,1538,1793,599,358,0,0,0,0,7,28,62,0,0,0,1,0,0,0,0,0,0,0,0,0,0,0,49,0
2020-07-31,9316,226,144,249,1507,1806,620,247,0,0,0,1,9,58,61,0,121,293,1560,1810,599,359,0,0,0,0,7,28,62,0,0,0,1,0,0,0,0,0,0,0,0,0,0,0,76,0
2020-08-01,9350,226,147,252,1513,1809,622,247,0,0,0,1,9,58,61,0,121,295,1567,1818,599,359,0,0,0,0,7,28,62,0,0,0,1,0,0,0,0,0,0,0,0,0,0,0,34,0
2020-08-02,9350,226,147,252,1513,1809,622,247,0,0,0,1,9,58,61,0,121,295,1567,1818,599,359,0,0,0,0,7,28,62,0,0,0,1,0,0,0,0,0,0,0,0,0,0,0,0,0
2020-08-03,9398,226,149,254,1520,1823,622,247,0,0,0,1,9,58,61,0,122,298,1577,1825,601,359,0,0,0,0,7,28,62,0,0,0,1,0,0,0,0,0,0,0,0,0,0,0,48,0
2020-08-04,9455,226,149,258,1535,1837,626,248,0,0,0,1,9,58,61,0,123,299,1584,1831,604,360,0,0,0,0,7,28,62,0,0,0,1,0,0,0,0,0,0,0,0,0,0,0,57,0
2020-08-05,9522,226,150,267,1547,1843,627,248,0,0,0,1,9,58,61,0,123,305,1602,1845,604,360,0,0,0,0,7,28,62,0,0,0,1,0,0,0,0,0,0,0,0,0,0,0,67,0
2020-08-06,9605,226,150,276,1566,1860,630,248,0,0,0,1,9,58,61,0,124,307,1619,1856,607,361,0,0,0,0,7,28,62,0,0,0,1,0,0,0,0,0,0,0,0,0,0,0,83,0
2020-08-07,9707,226,154,288,1585,1881,631,248,0,0,0,1,9,58,61,0,125,323,1632,1869,609,361,0,0,0,0,7,28,62,0,0,0,1,0,0,0,0,0,0,0,0,0,0,0,102,0
2020-08-08,9726,226,154,290,1589,1883,631,248,0,0,0,1,9,58,61,0,125,325,1640,1870,609,361,0,0,0,0,7,28,62,0,0,0,1,0,0,0,0,0,0,0,0,0,0,0,19,0
2020-08-09,9732,226,154,291,1591,1885,631,248,0,0,0,1,9,58,61,0,125,325,1641,1870,609,361,0,0,0,0,7,28,62,0,0,0,1,0,0,0,0,0,0,0,0,0,0,0,6,0
2020-08-10,9828,226,156,301,1606,1904,634,249,0,0,0,1,9,58,61,0,126,335,1660,1882,612,362,0,0,0,0,7,28,62,0,0,0,1,0,0,0,0,0,0,0,0,0,0,0,96,0
2020-08-11,9933,226,156,310,1633,1923,634,249,0,0,0,1,9,58,61,0,126,345,1677,1902,615,362,0,0,0,0,7,28,62,0,0,0,1,0,0,0,0,0,0,0,0,0,0,0,105,0
2020-08-12,10077,226,160,323,1665,1945,637,250,0,0,0,1,9,58,61,0,128,358,1710,1921,617,362,0,0,0,0,7,28,62,0,0,0,1,0,0,0,0,0,0,0,0,0,0,0,144,0
2020-08-13,10166,226,160,330,1698,1964,639,250,0,0,0,1,9,58,61,0,130,366,1722,1925,619,362,0,0,0,0,7,28,62,0,0,0,1,0,0,0,0,0,0,0,0,0,0,0,89,0
2020-08-14,10241,226,160,337,1712,1974,639,251,0,0,0,1,9,58,61,0,130,371,1742,1941,621,362,0,0,0,0,7,28,62,0,0,0,1,0,0,0,0,0,0,0,0,0,0,0,75,0
2020-08-15,10274,226,161,339,1717,1982,640,251,0,0,0,1,9,58,61,0,130,372,1750,1947,622,362,0,0,0,0,7,28,62,0,0,0,1,0,0,0,0,0,0,0,0,0,0,0,33,0
2020-08-16,10277,226,161,339,1717,1982,640,251,0,0,0,1,9,58,61,0,130,373,1750,1949,622,362,0,0,0,0,7,28,62,0,0,0,1,0,0,0,0,0,0,0,0,0,0,0,3,0
2020-08-17,10376,227,163,339,1742,2002,642,251,0,0,0,1,9,59,61,0,132,378,1772,1969,623,362,0,0,0,0,7,28,62,0,0,0,1,0,0,0,0,0,0,0,0,0,0,0,99,1
2020-08-18,10452,228,164,345,1755,2014,646,253,0,0,0,1,9,59,62,0,135,383,1794,1977,623,362,0,0,0,0,7,28,62,0,0,0,1,0,0,0,0,0,0,0,0,0,0,0,76,1
2020-08-19,10523,228,164,347,1778,2029,650,253,0,0,0,1,9,59,62,0,135,386,1809,1984,625,362,0,0,0,0,7,28,62,0,0,0,1,0,0,0,0,0,0,0,0,0,0,0,71,0
2020-08-20,10633,229,168,348,1812,2049,653,253,0,0,0,1,9,59,62,0,137,389,1836,1996,627,364,0,0,0,0,7,28,63,0,0,0,1,0,0,0,0,0,0,0,0,0,0,0,110,1
2020-08-21,10710,229,169,352,1828,2060,653,254,0,0,0,1,9,59,62,0,138,394,1860,2008,629,364,0,0,0,0,7,28,63,0,0,0,1,0,0,0,0,0,0,0,0,0,0,0,77,0
2020-08-22,10742,229,169,355,1835,2064,654,255,0,0,0,1,9,59,62,0,139,396,1867,2013,630,364,0,0,0,0,7,28,63,0,0,0,1,0,0,0,0,0,0,0,0,0,0,0,32,0
2020-08-23,10743,229,169,355,1835,2064,654,255,0,0,0,1,9,59,62,0,139,396,1868,2013,630,364,0,0,0,0,7,28,63,0,0,0,1,0,0,0,0,0,0,0,0,0,0,0,1,0
2020-08-24,10838,229,170,364,1854,2082,658,255,0,0,0,1,9,59,62,0,139,403,1891,2025,632,364,0,0,0,0,7,28,63,0,0,0,1,0,0,0,0,0,0,0,0,0,0,0,95,0
2020-08-25,10905,229,172,366,1871,2097,661,256,0,0,0,1,9,59,62,0,139,405,1908,2030,635,364,0,0,0,0,7,28,63,0,0,0,1,0,0,0,0,0,0,0,0,0,0,0,67,0
2020-08-26,11004,229,174,371,1904,2114,663,256,0,0,0,1,9,59,62,0,140,408,1928,2043,638,364,0,0,0,0,7,28,63,0,0,0,1,0,0,0,0,0,0,0,0,0,0,0,99,0
2020-08-27,11080,229,176,373,1928,2128,669,256,0,0,0,1,9,59,62,0,141,410,1945,2051,638,364,0,0,0,0,7,28,63,0,0,0,1,0,0,0,0,0,0,0,0,0,0,0,76,0
2020-08-28,11183,229,177,375,1958,2145,670,256,0,0,0,1,9,59,62,0,142,410,1979,2064,640,365,1,0,0,0,7,28,63,0,0,0,1,0,0,0,0,0,0,0,0,0,0,0,103,0
2020-08-29,11218,229,177,376,1972,2154,670,256,0,0,0,1,9,59,62,0,142,411,1985,2067,641,365,1,0,0,0,7,28,63,0,0,0,1,0,0,0,0,0,0,0,0,0,0,0,35,0
2020-08-30,11223,229,177,376,1973,2154,670,256,0,0,0,1,9,59,62,0,142,411,1987,2069,641,365,1,0,0,0,7,28,63,0,0,0,1,0,0,0,0,0,0,0,0,0,0,0,5,0
2020-08-31,11346,229,177,379,2022,2166,671,256,0,0,0,1,9,59,62,0,143,413,2025,2084,643,365,1,0,0,0,7,28,63,0,0,0,1,0,0,0,0,0,0,0,0,0,0,0,123,0
2020-09-01,11414,229,178,379,2047,2179,673,256,0,0,0,1,9,59,62,0,144,415,2041,2091,644,365,1,0,0,0,7,28,63,0,0,0,1,0,0,0,0,0,0,0,0,0,0,0,68,0
2020-09-02,11499,230,179,379,2086,2184,674,256,0,0,0,1,9,59,62,0,145,417,2066,2101,645,365,1,0,0,0,7,29,63,0,0,0,1,0,0,0,0,0,0,0,0,0,0,0,85,1
2020-09-03,11576,230,180,384,2115,2193,677,256,0,0,0,1,9,59,62,0,146,418,2085,2110,645,365,1,0,0,0,7,29,63,0,0,0,1,0,0,0,0,0,0,0,0,0,0,0,77,0
2020-09-04,11695,230,180,386,2155,2209,680,256,2,0,0,1,9,59,62,0,146,419,2126,2121,646,366,2,0,0,0,7,29,63,0,0,0,1,0,0,0,0,0,0,0,0,0,0,0,119,0
2020-09-05,11742,230,181,388,2170,2216,681,256,2,0,0,1,9,59,62,0,147,422,2136,2127,647,366,2,0,0,0,7,29,63,0,0,0,1,0,0,0,0,0,0,0,0,0,0,0,47,0
2020-09-06,11745,230,181,388,2171,2217,681,256,2,0,0,1,9,59,62,0,147,422,2137,2127,647,366,2,0,0,0,7,29,63,0,0,0,1,0,0,0,0,0,0,0,0,0,0,0,3,0
2020-09-07,11877,230,181,391,2226,2232,682,257,2,0,0,1,9,59,62,0,149,423,2176,2138,651,366,2,0,0,0,7,29,63,0,0,0,1,0,0,0,0,0,0,0,0,0,0,0,132,0
2020-09-08,11933,230,182,391,2240,2239,683,257,2,0,0,1,9,59,62,0,150,425,2194,2146,655,366,2,0,0,0,7,29,63,0,0,0,1,0,0,0,0,0,0,0,0,0,0,0,56,0
2020-09-09,12046,230,182,394,2280,2263,685,257,2,0,0,1,9,59,62,0,150,427,2222,2159,656,366,2,0,0,0,7,29,63,0,0,0,1,0,0,0,0,0,0,0,0,0,0,0,113,0
2020-09-10,12182,230,185,399,2313,2283,690,263,2,0,0,1,9,59,62,0,152,435,2248,2179,661,368,2,0,0,0,7,29,63,0,0,1,1,0,0,0,0,0,0,0,0,0,0,0,136,0
2020-09-11,12271,230,187,404,2334,2298,691,264,2,0,0,1,9,59,62,0,153,439,2268,2193,663,370,2,0,0,0,7,29,63,0,0,2,1,0,0,0,0,0,0,0,0,0,0,0,89,0
2020-09-12,12313,230,187,406,2348,2305,694,264,2,0,0,1,9,59,62,0,153,439,2275,2199,666,370,2,0,0,0,7,29,63,0,0,2,1,0,0,0,0,0,0,0,0,0,0,0,42,0
2020-09-13,12319,230,187,406,2349,2306,695,264,2,0,0,1,9,59,62,0,153,439,2278,2199,666,370,2,0,0,0,7,29,63,0,0,2,1,0,0,0,0,0,0,0,0,0,0,0,6,0
2020-09-14,12414,230,188,407,2378,2325,697,264,3,0,0,1,9,59,62,0,154,441,2302,2212,667,371,2,0,0,0,7,29,63,0,0,2,1,0,0,0,0,0,0,0,0,0,0,0,95,0
2020-09-15,12531,230,188,411,2399,2342,707,265,3,0,0,1,9,59,62,0,154,447,2332,2230,674,373,2,0,0,0,7,29,63,0,0,2,1,0,1,0,0,0,0,0,0,0,0,0,117,0
2020-09-16,12706,230,190,415,2446,2372,717,265,3,0,0,1,9,59,62,0,155,450,2367,2266,680,373,2,0,0,0,7,29,63,0,0,2,1,1,1,0,0,0,0,0,0,0,0,0,175,0
2020-09-17,12882,230,194,419,2493,2408,721,266,3,0,0,1,9,59,62,0,156,452,2407,2295,685,376,2,0,0,0,7,29,63,0,0,2,1,1,1,0,0,0,0,0,0,0,0,0,176,0
2020-09-18,13074,230,196,425,2547,2446,732,268,3,0,0,1,9,59,62,0,158,457,2453,2317,689,376,2,0,0,0,7,29,63,0,0,2,1,1,1,0,0,0,0,0,0,0,0,0,192,0
2020-09-19,13132,230,196,426,2564,2451,737,269,3,0,0,1,9,59,62,0,158,459,2466,2325,690,380,2,0,0,0,7,29,63,0,0,2,1,2,1,0,0,0,0,0,0,0,0,0,58,0
2020-09-20,13160,230,196,427,2569,2455,738,270,4,0,0,1,9,59,62,0,158,459,2477,2328,690,380,2,0,0,0,7,29,63,0,0,2,1,2,1,0,1,0,0,0,0,0,0,0,28,0
2020-09-21,13353,231,197,431,2627,2494,742,271,4,0,0,1,9,60,62,0,158,467,2521,2351,701,380,2,0,0,0,7,29,63,0,0,2,1,2,1,0,1,0,0,0,0,0,0,0,193,1
2020-09-22,13522,232,199,436,2660,2527,749,272,4,0,0,1,9,60,63,0,158,472,2560,2385,707,382,4,0,0,0,7,29,63,0,0,2,1,2,1,0,1,0,0,0,0,0,0,0,169,1
2020-09-23,13707,232,202,442,2702,2563,756,277,4,0,0,1,9,60,63,0,158,475,2606,2418,711,382,4,0,0,0,7,29,63,0,0,2,1,2,1,0,1,0,0,0,0,0,0,0,185,0
2020-09-24,13934,232,202,449,2753,2609,768,280,4,0,0,1,9,60,63,0,159,483,2658,2452,721,385,4,0,0,0,7,29,63,0,0,2,1,2,1,0,1,0,0,0,0,0,0,0,227,0
2020-09-25,14140,233,203,454,2785,2657,776,282,4,0,0,1,9,60,64,0,159,486,2710,2497,729,385,5,0,0,0,7,29,63,0,0,2,1,2,1,0,2,0,0,0,0,0,0,0,206,1
2020-09-26,14223,233,203,458,2800,2672,781,283,4,0,0,1,9,60,64,0,159,486,2730,2513,735,385,5,0,0,0,7,29,63,0,0,2,2,2,1,0,2,0,0,0,0,0,0,0,83,0
2020-09-27,14251,233,203,459,2806,2674,786,283,4,0,0,1,9,60,64,0,159,486,2735,2519,736,387,5,0,0,0,7,29,63,0,0,2,2,2,1,0,2,0,0,0,0,0,0,0,28,0
2020-09-28,14454,236,204,466,2852,2725,795,285,4,0,0,1,10,60,65,0,162,496,2774,2546,742,389,5,0,0,0,7,29,64,0,0,2,2,2,1,0,2,0,0,0,0,0,0,0,203,3
2020-09-29,14672,238,206,475,2900,2761,806,287,4,0,0,1,10,61,66,0,164,503,2822,2586,752,392,5,0,0,0,7,29,64,0,0,2,2,2,1,0,2,0,0,0,0,0,0,0,218,2
2020-09-30,14948,239,208,479,2967,2809,821,290,4,0,0,1,10,61,66,0,167,511,2876,2637,769,396,5,0,0,0,7,29,65,0,0,2,2,2,1,0,2,0,0,0,0,0,0,0,276,1
2020-10-01,15263,239,212,489,3052,2866,836,292,4,0,0,1,10,61,66,0,169,523,2940,2682,784,399,6,0,0,0,7,29,65,0,0,2,2,2,1,0,2,0,0,0,0,0,0,0,315,0
2020-10-02,15603,240,217,499,3119,2924,847,300,4,0,0,1,10,61,66,0,172,533,3029,2735,796,413,6,0,0,0,7,29,66,0,0,2,2,2,1,0,2,0,0,0,0,0,0,0,340,1
2020-10-03,15701,240,217,502,3139,2938,853,301,4,0,0,1,10,61,66,0,172,535,3056,2756,800,413,6,0,0,0,7,29,66,0,0,2,2,2,1,0,2,0,0,0,0,0,0,0,98,0
2020-10-04,15812,240,217,510,3162,2951,856,302,5,0,0,1,10,61,66,0,174,545,3085,2771,806,413,6,0,0,0,7,29,66,0,0,2,2,2,1,0,2,0,0,0,0,0,0,0,111,0
2020-10-05,16128,241,220,519,3228,3015,874,305,5,0,0,1,10,61,66,0,177,555,3163,2818,816,418,6,0,0,0,7,29,67,0,0,2,2,2,1,0,2,0,0,0,0,0,0,0,316,1
2020-10-06,16454,242,225,534,3304,3069,888,308,5,0,0,1,10,61,66,0,181,569,3235,2868,830,421,8,0,0,0,7,29,68,0,0,2,2,2,1,0,2,0,0,0,0,0,0,0,326,1
2020-10-07,16951,242,230,563,3407,3145,914,314,5,0,0,1,10,61,66,0,187,587,3351,2954,851,423,8,0,0,0,7,29,68,0,0,2,2,3,2,0,3,0,0,0,0,0,0,0,497,0
2020-10-08,17410,243,231,583,3505,3216,937,321,5,0,0,1,10,61,66,0,188,612,3455,3029,872,429,13,0,0,0,7,30,68,0,0,2,3,3,2,0,4,0,0,0,0,0,0,0,459,1
2020-10-09,17918,244,239,599,3604,3294,955,324,6,0,0,1,10,61,66,0,191,631,3591,3129,884,440,14,0,0,0,7,31,68,0,0,2,5,4,2,0,4,0,0,0,0,0,0,0,508,1
2020-10-10,18088,245,243,610,3629,3316,963,326,6,0,0,1,10,61,66,0,193,636,3636,3166,891,442,14,0,0,0,7,31,69,0,0,2,5,4,2,0,4,0,0,0,0,0,0,0,170,1
2020-10-11,18238,247,246,616,3657,3342,972,326,9,0,0,1,10,62,66,0,194,648,3662,3191,895,446,15,0,0,0,7,31,70,0,0,2,5,4,2,0,6,0,0,0,0,0,0,0,150,2
2020-10-12,18838,248,252,637,3779,3452,1002,329,10,0,0,1,10,63,66,0,201,664,3800,3292,928,454,17,0,0,0,7,31,70,0,0,2,6,5,2,0,6,0,0,0,0,0,0,0,600,1
2020-10-13,19349,249,253,647,3894,3551,1014,331,11,0,0,1,10,63,66,0,205,682,3918,3388,949,464,20,0,0,0,7,31,71,0,0,2,6,6,2,0,6,0,0,0,0,0,0,0,511,1
2020-10-14,19937,250,265,665,4031,3641,1034,334,14,0,0,1,10,63,66,0,216,704,4046,3491,980,471,22,0,0,0,7,32,71,0,0,2,7,6,2,0,6,0,0,0,0,0,0,0,588,1
2020-10-15,20624,251,271,698,4171,3767,1074,340,15,0,0,1,10,64,66,0,220,719,4182,3629,1012,476,23,0,0,0,7,32,71,0,0,3,8,7,2,0,7,0,0,0,0,0,0,0,687,1
2020-10-16,21253,255,274,730,4304,3871,1101,344,16,0,0,1,10,66,67,0,229,750,4315,3746,1036,481,24,0,0,0,7,32,72,0,1,4,10,8,2,0,7,0,0,0,0,0,0,0,629,4
2020-10-17,21420,255,278,737,4327,3905,1112,346,16,0,0,1,10,66,67,0,232,752,4346,3778,1049,485,25,0,0,0,7,32,72,0,1,4,10,8,2,0,7,0,0,0,0,0,0,0,167,0
2020-10-18,21615,255,279,751,4368,3943,1119,351,18,0,0,1,10,66,67,0,234,764,4382,3807,1055,486,25,0,0,0,7,32,72,0,1,4,11,8,2,0,7,0,0,0,0,0,0,0,195,0
2020-10-19,22396,262,283,781,4531,4102,1154,358,18,0,0,1,10,66,68,0,244,788,4535,3946,1086,500,28,0,0,0,7,35,75,0,4,7,14,8,2,0,7,0,0,0,0,0,0,0,781,7
2020-10-20,23293,270,291,808,4742,4263,1190,371,22,0,0,1,10,68,70,0,257,812,4717,4095,1121,517,33,0,0,0,7,35,79,0,5,8,17,10,3,0,11,0,0,0,0,0,0,0,897,8
2020-10-21,24108,275,298,829,4896,4422,1233,380,24,0,0,1,10,71,72,0,260,836,4878,4265,1157,529,36,0,0,0,7,35,79,0,5,8,18,12,3,0,19,0,0,0,0,0,0,0,815,5
2020-10-22,25011,281,306,849,5058,4615,1276,384,29,0,0,1,10,72,72,0,267,863,5061,4438,1188,559,38,0,0,0,7,36,83,0,5,9,21,16,3,0,26,0,0,0,0,0,0,0,903,6
2020-10-23,25938,288,310,874,5235,4791,1333,401,32,0,0,1,10,74,74,0,268,878,5251,4619,1232,577,39,0,0,0,8,36,85,0,5,11,24,19,3,0,36,0,0,0,0,0,0,0,927,7
2020-10-24,26220,289,315,891,5287,4844,1344,403,32,0,0,1,10,74,74,0,270,884,5312,4671,1243,586,40,0,0,0,8,36,86,0,5,11,24,19,3,0,36,0,0,0,0,0,0,0,282,1
2020-10-25,26550,292,320,896,5357,4901,1365,409,33,0,0,1,10,74,76,0,273,888,5374,4734,1265,594,40,0,0,0,8,36,87,0,5,11,25,20,4,0,36,0,0,0,0,0,0,0,330,3
2020-10-26,27572,300,337,920,5568,5087,1416,426,35,0,0,1,11,77,79,0,277,921,5561,4918,1318,633,42,0,0,0,8,36,88,0,5,11,28,22,4,0,43,0,0,0,0,0,0,0,1022,8
2020-10-27,28707,311,351,951,5758,5296,1478,447,40,0,0,1,11,80,84,0,288,965,5792,5135,1370,658,45,0,0,0,8,36,91,0,5,13,31,23,4,2,55,0,0,0,0,0,0,0,1135,11
2020-10-28,29997,323,361,994,5984,5498,1556,479,46,0,0,1,11,83,87,0,303,1001,6031,5387,1446,698,47,0,0,0,8,36,97,0,5,13,34,25,9,3,77,0,0,0,0,0,0,0,1290,12
2020-10-29,31048,335,374,1031,6154,5693,1617,505,51,0,0,1,11,85,90,0,310,1038,6214,5585,1509,747,49,0,0,0,9,38,101,0,5,13,37,25,9,4,78,0,0,0,0,0,0,0,1051,12
2020-10-30,32118,345,379,1057,6334,5879,1688,530,51,0,0,1,11,87,94,0,316,1063,6421,5805,1582,786,50,0,0,0,9,39,104,0,5,13,38,28,10,5,78,0,0,0,0,0,0,0,1070,10
2020-10-31,32474,350,381,1068,6398,5938,1705,534,56,0,0,1,11,89,94,0,318,1074,6489,5870,1609,800,54,0,0,0,9,39,107,0,5,13,39,29,10,5,79,0,0,0,0,0,0,0,356,5
2020-11-01,32833,356,384,1083,6452,6002,1731,545,60,0,0,1,12,89,96,0,318,1086,6546,5932,1637,816,56,0,0,0,9,40,109,0,5,13,39,30,10,5,83,0,0,0,0,0,0,0,359,6
2020-11-02,34247,372,396,1123,6720,6272,1814,568,63,0,0,1,12,92,99,0,329,1123,6817,6180,1711,875,57,0,0,0,9,41,118,0,5,14,43,33,11,6,87,0,0,0,0,0,0,0,1414,16
2020-11-03,35574,388,401,1163,6955,6514,1894,596,69,0,0,1,12,96,102,0,345,1158,7067,6437,1789,913,63,0,0,0,9,42,126,0,5,16,45,36,12,7,89,0,0,0,0,0,0,0,1327,16
2020-11-04,36810,402,414,1201,7177,6738,1974,614,78,0,0,1,12,99,106,0,358,1188,7300,6680,1865,936,68,0,0,0,9,43,132,0,5,20,47,38,12,7,90,0,0,0,0,0,0,0,1236,14
2020-11-05,38113,419,424,1235,7422,6981,2049,626,81,0,0,1,13,104,106,0,367,1224,7545,6949,1926,976,74,0,0,0,10,43,142,0,5,24,49,39,14,8,95,0,0,0,0,0,0,0,1303,17
2020-11-06,39280,425,435,1268,7643,7190,2110,647,86,0,0,1,13,105,108,0,381,1254,7779,7172,1991,1002,81,0,0,0,11,44,143,0,5,26,51,39,14,10,96,0,0,0,0,0,0,0,1167,6
2020-11-07,39686,430,437,1281,7725,7264,2143,656,89,0,0,1,13,106,110,0,382,1263,7852,7246,2008,1014,83,0,0,0,11,45,144,0,5,26,51,39,14,11,97,0,0,0,0,0,0,0,406,5
2020-11-08,39980,431,439,1286,7781,7309,2158,659,90,0,0,1,13,106,110,0,383,1277,7918,7302,2028,1020,84,0,0,0,11,45,145,0,5,27,53,39,14,11,97,0,0,0,0,0,0,0,294,1
2020-11-09,41457,454,446,1317,8030,7576,2248,683,94,0,0,1,15,111,114,0,390,1313,8231,7574,2111,1067,87,0,0,0,12,48,153,0,6,28,57,41,14,11,133,0,0,0,0,0,0,0,1477,23
2020-11-10,42754,469,454,1360,8274,7797,2333,713,96,0,0,1,16,111,123,0,401,1353,8454,7836,2186,1107,92,0,0,0,12,48,158,0,7,29,60,42,16,11,133,0,0,0,0,0,0,0,1297,15
2020-11-11,44430,487,461,1431,8593,8081,2415,742,100,0,0,1,16,114,129,0,414,1397,8786,8146,2272,1160,99,0,0,0,12,50,165,0,8,33,69,51,18,11,143,0,0,0,0,0,0,0,1676,18
2020-11-12,45995,503,469,1494,8885,8317,2502,761,103,0,0,1,16,116,133,0,425,1451,9073,8433,2355,1203,106,0,0,0,12,52,173,0,10,35,71,56,18,11,217,0,0,0,0,0,0,0,1565,16
2020-11-13,47392,519,473,1537,9150,8547,2581,795,108,0,0,1,16,121,140,0,427,1504,9327,8698,2436,1251,112,0,0,0,12,52,177,0,11,36,74,62,19,11,233,0,0,0,0,0,0,0,1397,16
2020-11-14,47854,528,478,1553,9240,8620,2616,811,110,0,0,1,16,122,144,0,429,1513,9403,8791,2456,1271,112,0,0,0,12,52,181,0,11,36,74,62,20,11,237,0,0,0,0,0,0,0,462,9
2020-11-15,48446,535,482,1569,9341,8722,2672,821,110,0,0,1,16,123,145,0,431,1528,9499,8923,2490,1284,114,0,0,0,13,54,183,0,11,38,77,65,20,11,238,0,0,0,0,0,0,0,592,7
2020-11-16,50060,559,489,1626,9626,8998,2776,855,116,0,0,1,17,125,150,0,440,1576,9798,9216,2586,1363,117,0,0,0,14,56,196,0,11,40,83,70,20,11,243,0,0,0,0,0,0,0,1614,24
2020-11-17,51747,576,501,1689,9913,9296,2868,884,120,0,0,1,18,129,154,0,457,1633,10120,9544,2681,1420,122,0,0,0,14,56,204,0,11,51,91,71,20,11,244,0,0,0,0,0,0,0,1687,17
2020-11-18,53103,585,514,1739,10138,9530,2938,906,125,0,0,1,18,132,156,0,465,1691,10370,9826,2767,1462,125,0,0,0,14,57,207,0,11,51,94,73,20,11,247,0,0,0,0,0,0,0,1356,9
2020-11-19,54545,601,521,1802,10351,9759,3036,937,129,0,0,1,18,135,165,0,474,1744,10651,10137,2839,1504,130,0,0,0,14,57,211,0,11,54,101,77,21,11,256,0,0,0,0,0,0,0,1442,16
2020-11-20,56029,622,534,1857,10598,10022,3127,971,134,0,0,1,19,140,171,0,484,1793,10928,10431,2925,1542,133,0,0,0,14,59,218,0,12,56,106,81,23,12,260,0,0,0,0,0,0,0,1484,21
2020-11-21,56488,626,542,1872,10680,10099,3156,975,134,0,0,1,19,141,173,0,490,1813,11009,10535,2944,1551,134,0,0,0,14,59,219,0,12,56,109,81,24,12,260,0,0,0,0,0,0,0,459,4
2020-11-22,56876,636,545,1888,10723,10169,3192,986,135,0,0,1,19,144,177,0,494,1823,11066,10615,2970,1571,135,0,0,0,14,59,222,0,12,57,113,83,25,13,261,0,0,0,0,0,0,0,388,10
2020-11-23,58489,671,555,1953,10978,10437,3289,1028,141,0,0,1,20,153,187,0,509,1879,11335,10952,3068,1649,136,0,0,0,15,61,233,0,12,62,115,86,26,16,263,0,0,0,0,0,1,0,1613,35
2020-11-24,59990,700,566,2025,11183,10688,3392,1072,145,0,0,1,24,158,194,0,521,1955,11565,11234,3175,1735,139,0,0,0,15,62,245,0,12,62,123,88,28,16,266,0,0,0,0,0,1,0,1501,29
2020-11-25,61251,727,575,2076,11369,10898,3480,1119,152,0,0,1,24,163,206,0,534,1997,11787,11487,3249,1784,141,0,0,0,15,64,253,0,12,63,127,90,28,16,267,0,0,0,0,0,1,0,1261,27
2020-11-26,62582,755,578,2118,11559,11114,3560,1160,154,0,0,1,24,169,214,0,547,2034,11999,11775,3349,1877,142,0,0,0,15,66,265,0,13,66,130,96,28,16,267,0,0,0,0,0,1,0,1331,28
2020-11-27,63886,782,585,2174,11768,11329,3632,1207,155,0,0,1,26,174,222,0,555,2085,12203,12027,3419,1976,145,0,0,0,15,67,276,0,13,69,132,98,28,16,270,0,0,0,0,0,1,0,1304,27
2020-11-28,64373,793,590,2198,11826,11424,3659,1222,156,0,0,1,26,176,226,0,558,2106,12276,12122,3448,2008,145,0,0,0,15,68,280,0,13,71,135,100,29,16,271,0,0,0,0,0,1,0,487,11
2020-11-29,64641,801,593,2211,11862,11471,3685,1230,156,0,0,1,26,177,229,0,560,2115,12314,12170,3468,2022,145,0,0,0,15,69,283,0,13,72,137,101,29,16,271,0,0,0,0,0,1,0,268,8
2020-11-30,65820,821,601,2253,12050,11685,3763,1263,162,0,0,1,26,179,234,0,568,2153,12495,12398,3542,2093,149,0,0,0,15,72,293,0,13,73,138,102,29,16,274,0,0,0,0,0,1,0,1179,20
2020-12-01,66916,852,610,2290,12195,11859,3849,1308,165,0,0,1,26,183,247,0,582,2188,12670,12600,3618,2177,151,0,0,0,15,74,304,0,13,74,141,103,29,16,278,0,0,0,0,0,1,1,1096,31
2020-12-02,68074,879,615,2331,12356,12041,3922,1340,169,0,0,1,26,187,255,0,591,2228,12848,12848,3706,2259,156,0,0,0,15,77,314,1,13,77,142,107,29,17,279,0,0,0,0,0,2,1,1158,27
2020-12-03,69482,913,623,2382,12530,12278,4017,1392,171,0,0,1,29,192,260,0,602,2260,13072,13143,3805,2373,160,0,0,0,16,80,331,1,13,78,145,108,30,17,283,0,0,0,0,0,2,1,1408,34
2020-12-04,70950,944,640,2444,12729,12518,4113,1438,172,0,0,1,29,201,269,0,615,2314,13308,13421,3909,2473,166,0,0,0,16,81,342,1,13,78,148,111,30,19,291,0,0,0,0,0,3,1,1468,31
2020-12-05,71374,953,647,2458,12780,12594,4154,1458,174,0,0,1,29,201,275,0,621,2325,13366,13497,3948,2491,168,0,0,0,16,82,344,1,13,78,148,112,32,19,291,0,0,0,0,0,3,1,424,9
2020-12-06,71699,957,649,2468,12809,12638,4183,1469,175,0,0,1,29,201,277,0,624,2336,13414,13563,3982,2524,172,0,0,0,16,82,346,1,13,78,148,112,32,19,291,0,0,0,0,0,3,1,325,4
2020-12-07,73054,977,666,2519,12979,12850,4263,1516,178,0,0,1,30,207,283,0,640,2383,13620,13853,4093,2602,173,0,0,0,16,86,349,1,13,79,155,115,33,20,304,0,0,0,0,0,3,1,1355,20
2020-12-08,74280,992,677,2558,13138,13042,4350,1549,181,0,0,1,30,212,287,0,652,2427,13836,14105,4187,2666,175,0,0,0,16,86,355,1,13,81,160,118,38,20,307,0,0,0,0,0,3,1,1226,15
2020-12-09,75718,1014,687,2609,13321,13300,4449,1599,182,0,0,1,30,216,295,0,659,2477,14064,14387,4285,2764,181,0,0,0,16,89,362,1,14,82,165,121,39,20,313,0,0,0,0,0,3,1,1438,22
2020-12-10,77152,1038,698,2658,13491,13544,4549,1643,185,0,0,1,32,218,302,0,669,2527,14266,14713,4399,2841,191,0,0,0,16,92,372,1,14,83,170,130,42,20,319,0,0,0,0,0,3,1,1434,24
2020-12-11,78485,1061,717,2701,13665,13758,4664,1680,186,0,0,1,32,223,307,0,680,2574,14471,14960,4489,2956,196,0,0,0,16,94,383,1,14,86,173,131,42,22,320,0,0,0,0,0,3,1,1333,23
2020-12-12,78959,1078,719,2716,13724,13832,4699,1710,187,0,0,1,32,223,313,0,683,2582,14531,15036,4527,3021,196,0,0,0,16,96,392,1,14,86,177,133,43,23,320,0,0,0,0,0,3,1,474,17
2020-12-13,79262,1085,719,2725,13763,13885,4719,1720,188,0,0,1,32,224,316,0,686,2593,14571,15094,4549,3052,198,0,0,0,16,96,395,1,14,86,178,133,43,26,320,0,0,0,0,0,3,1,303,7
2020-12-14,80781,1108,731,2767,14000,14137,4824,1766,192,0,0,1,32,229,328,0,695,2633,14810,15360,4658,3176,202,0,0,0,16,98,399,1,14,88,189,144,44,29,322,0,0,0,0,0,3,1,1519,23
2020-12-15,81966,1130,746,2809,14133,14368,4911,1809,194,0,0,1,32,233,335,0,711,2676,14950,15605,4748,3261,203,0,0,0,16,100,408,1,14,88,194,144,48,31,323,0,0,0,0,0,3,1,1185,22
2020-12-16,83535,1149,760,2857,14357,14607,5036,1855,197,0,0,1,34,237,338,0,724,2716,15201,15939,4857,3351,210,0,0,0,16,103,415,1,14,90,194,149,51,33,337,0,0,0,0,0,3,1,1569,19
2020-12-17,85198,1178,780,2898,14577,14890,5170,1923,200,0,0,1,34,241,347,0,734,2749,15430,16250,4991,3502,217,0,0,0,18,105,427,1,14,92,198,152,51,33,347,0,0,0,0,0,3,1,1663,29
2020-12-18,86729,1215,791,2936,14786,15128,5276,1980,204,0,0,1,34,245,354,0,748,2794,15648,16576,5115,3625,219,0,0,0,19,110,447,1,15,93,207,154,53,33,348,0,0,0,0,0,3,1,1531,37
2020-12-19,87231,1224,795,2951,14841,15230,5316,1997,204,0,0,1,34,246,356,0,750,2798,15698,16685,5166,3666,220,0,0,0,19,111,452,1,16,97,210,155,54,34,348,0,0,0,0,0,3,1,502,9
2020-12-20,87586,1232,797,2958,14879,15291,5341,2016,205,0,0,1,34,246,358,0,754,2804,15745,16758,5208,3690,220,0,0,0,19,113,456,1,16,97,211,157,56,34,349,0,0,0,0,0,3,1,355,8
2020-12-21,89157,1253,803,2996,15073,15551,5481,2089,209,0,0,1,34,252,360,1,770,2850,15954,17061,5326,3800,221,0,0,0,19,115,466,1,16,98,218,164,59,36,382,0,0,0,0,0,3,1,1571,21
2020-12-22,90603,1272,820,3034,15260,15808,5590,2139,210,0,0,1,35,257,362,1,778,2882,16151,17348,5444,3883,226,0,0,0,19,119,472,1,16,101,224,176,65,37,411,0,0,0,0,0,3,2,1446,19
2020-12-23,92187,1303,830,3059,15461,16087,5701,2208,212,0,0,1,37,259,375,1,792,2900,16378,17664,5561,4016,233,0,0,0,19,123,482,1,17,102,228,193,69,40,436,0,0,0,0,0,3,2,1584,31
2020-12-24,92779,1314,834,3068,15522,16184,5754,2243,213,0,0,1,37,260,380,1,794,2905,16449,17776,5620,4078,234,0,0,0,19,124,486,1,18,105,235,199,70,40,438,0,0,0,0,0,3,2,592,11
2020-12-25,92957,1319,834,3068,15552,16204,5774,2252,214,0,0,1,37,261,383,1,794,2906,16469,17811,5638,4100,234,0,0,0,19,124,487,1,18,105,235,201,70,40,438,0,0,0,0,0,3,2,178,5
2020-12-26,93655,1334,840,3080,15622,16307,5839,2290,218,0,0,1,37,262,389,1,796,2921,16557,17942,5711,4181,236,0,0,0,19,125,494,1,18,105,237,203,70,40,442,0,0,0,0,0,3,2,698,15
2020-12-27,94138,1341,842,3098,15671,16387,5887,2312,221,0,0,1,37,264,392,1,799,2930,16622,18034,5756,4223,237,0,0,0,19,125,496,1,18,105,238,204,72,40,442,0,0,0,0,0,3,2,483,7
2020-12-28,95266,1363,844,3116,15806,16586,5982,2370,226,0,0,1,37,267,402,1,808,2946,16771,18246,5843,4349,238,0,0,0,19,125,505,1,18,105,242,209,74,42,445,0,0,0,0,0,3,2,1128,22
2020-12-29,96473,1371,852,3128,15960,16763,6095,2421,226,0,0,1,37,270,404,1,814,2964,16938,18512,5944,4463,242,0,0,0,19,126,506,1,18,106,245,215,75,42,450,0,0,0,0,0,3,3,1207,8
2020-12-30,97525,1376,859,3139,16086,16946,6181,2475,226,0,0,1,37,270,407,1,825,2978,17081,18712,6036,4559,246,0,0,0,19,127,507,1,18,107,251,227,80,42,451,0,0,0,0,0,3,3,1052,5
2020-12-31,98008,1378,861,3147,16147,17025,6230,2501,228,0,0,1,37,270,408,1,828,2990,17144,18794,6073,4611,247,0,0,0,19,127,508,1,18,109,252,228,81,43,451,0,0,0,0,0,3,3,483,2
