Meldedatum,AnzahlFall,AnzahlTodesfall,M_A00-A04_c,M_A05-A14_c,M_A15-A34_c,M_A35-A59_c,M_A60-A79_c,M_A80+_c,M_unbekannt_c,M_A00-A04_d,M_A05-A14_d,M_A15-A34_d,M_A35-A59_d,M_A60-A79_d,M_A80+_d,M_unbekannt_d,W_A00-A04_c,W_A05-A14_c,W_A15-A34_c,W_A35-A59_c,W_A60-A79_c,W_A80+_c,W_unbekannt_c,W_A00-A04_d,W_A05-A14_d,W_A15-A34_d,W_A35-A59_d,W_A60-A79_d,W_A80+_d,W_unbekannt_d,unbekannt_A00-A04_c,unbekannt_A05-A14_c,unbekannt_A15-A34_c,unbekannt_A35-A59_c,unbekannt_A60-A79_c,unbekannt_A80+_c,unbekannt_unbekannt_c,unbekannt_A00-A04_d,unbekannt_A05-A14_d,unbekannt_A15-A34_d,unbekannt_A35-A59_d,unbekannt_A60-A79_d,unbekannt_A80+_d,unbekannt_unbekannt_d,NeuerFall,NeuerTodesfall,7d_Fall,7d_inzidenz
2020-01-01,0,0,0,0,0,0,0,0,0,0,0,0,0,0,0,0,0,0,0,0,0,0,0,0,0,0,0,0,0,0,0,0,0,0,0,0,0,0,0,0,0,0,0,0,0,0,0.0,0.0
2020-01-02,0,0,0,0,0,0,0,0,0,0,0,0,0,0,0,0,0,0,0,0,0,0,0,0,0,0,0,0,0,0,0,0,0,0,0,0,0,0,0,0,0,0,0,0,0,0,0.0,0.0
2020-01-03,0,0,0,0,0,0,0,0,0,0,0,0,0,0,0,0,0,0,0,0,0,0,0,0,0,0,0,0,0,0,0,0,0,0,0,0,0,0,0,0,0,0,0,0,0,0,0.0,0.0
2020-01-04,0,0,0,0,0,0,0,0,0,0,0,0,0,0,0,0,0,0,0,0,0,0,0,0,0,0,0,0,0,0,0,0,0,0,0,0,0,0,0,0,0,0,0,0,0,0,0.0,0.0
2020-01-05,0,0,0,0,0,0,0,0,0,0,0,0,0,0,0,0,0,0,0,0,0,0,0,0,0,0,0,0,0,0,0,0,0,0,0,0,0,0,0,0,0,0,0,0,0,0,0.0,0.0
2020-01-06,0,0,0,0,0,0,0,0,0,0,0,0,0,0,0,0,0,0,0,0,0,0,0,0,0,0,0,0,0,0,0,0,0,0,0,0,0,0,0,0,0,0,0,0,0,0,0.0,0.0
2020-01-07,0,0,0,0,0,0,0,0,0,0,0,0,0,0,0,0,0,0,0,0,0,0,0,0,0,0,0,0,0,0,0,0,0,0,0,0,0,0,0,0,0,0,0,0,0,0,0.0,0.0
2020-01-08,0,0,0,0,0,0,0,0,0,0,0,0,0,0,0,0,0,0,0,0,0,0,0,0,0,0,0,0,0,0,0,0,0,0,0,0,0,0,0,0,0,0,0,0,0,0,0.0,0.0
2020-01-09,0,0,0,0,0,0,0,0,0,0,0,0,0,0,0,0,0,0,0,0,0,0,0,0,0,0,0,0,0,0,0,0,0,0,0,0,0,0,0,0,0,0,0,0,0,0,0.0,0.0
2020-01-10,0,0,0,0,0,0,0,0,0,0,0,0,0,0,0,0,0,0,0,0,0,0,0,0,0,0,0,0,0,0,0,0,0,0,0,0,0,0,0,0,0,0,0,0,0,0,0.0,0.0
2020-01-11,0,0,0,0,0,0,0,0,0,0,0,0,0,0,0,0,0,0,0,0,0,0,0,0,0,0,0,0,0,0,0,0,0,0,0,0,0,0,0,0,0,0,0,0,0,0,0.0,0.0
2020-01-12,0,0,0,0,0,0,0,0,0,0,0,0,0,0,0,0,0,0,0,0,0,0,0,0,0,0,0,0,0,0,0,0,0,0,0,0,0,0,0,0,0,0,0,0,0,0,0.0,0.0
2020-01-13,0,0,0,0,0,0,0,0,0,0,0,0,0,0,0,0,0,0,0,0,0,0,0,0,0,0,0,0,0,0,0,0,0,0,0,0,0,0,0,0,0,0,0,0,0,0,0.0,0.0
2020-01-14,0,0,0,0,0,0,0,0,0,0,0,0,0,0,0,0,0,0,0,0,0,0,0,0,0,0,0,0,0,0,0,0,0,0,0,0,0,0,0,0,0,0,0,0,0,0,0.0,0.0
2020-01-15,0,0,0,0,0,0,0,0,0,0,0,0,0,0,0,0,0,0,0,0,0,0,0,0,0,0,0,0,0,0,0,0,0,0,0,0,0,0,0,0,0,0,0,0,0,0,0.0,0.0
2020-01-16,0,0,0,0,0,0,0,0,0,0,0,0,0,0,0,0,0,0,0,0,0,0,0,0,0,0,0,0,0,0,0,0,0,0,0,0,0,0,0,0,0,0,0,0,0,0,0.0,0.0
2020-01-17,0,0,0,0,0,0,0,0,0,0,0,0,0,0,0,0,0,0,0,0,0,0,0,0,0,0,0,0,0,0,0,0,0,0,0,0,0,0,0,0,0,0,0,0,0,0,0.0,0.0
2020-01-18,0,0,0,0,0,0,0,0,0,0,0,0,0,0,0,0,0,0,0,0,0,0,0,0,0,0,0,0,0,0,0,0,0,0,0,0,0,0,0,0,0,0,0,0,0,0,0.0,0.0
2020-01-19,0,0,0,0,0,0,0,0,0,0,0,0,0,0,0,0,0,0,0,0,0,0,0,0,0,0,0,0,0,0,0,0,0,0,0,0,0,0,0,0,0,0,0,0,0,0,0.0,0.0
2020-01-20,0,0,0,0,0,0,0,0,0,0,0,0,0,0,0,0,0,0,0,0,0,0,0,0,0,0,0,0,0,0,0,0,0,0,0,0,0,0,0,0,0,0,0,0,0,0,0.0,0.0
2020-01-21,0,0,0,0,0,0,0,0,0,0,0,0,0,0,0,0,0,0,0,0,0,0,0,0,0,0,0,0,0,0,0,0,0,0,0,0,0,0,0,0,0,0,0,0,0,0,0.0,0.0
2020-01-22,0,0,0,0,0,0,0,0,0,0,0,0,0,0,0,0,0,0,0,0,0,0,0,0,0,0,0,0,0,0,0,0,0,0,0,0,0,0,0,0,0,0,0,0,0,0,0.0,0.0
2020-01-23,0,0,0,0,0,0,0,0,0,0,0,0,0,0,0,0,0,0,0,0,0,0,0,0,0,0,0,0,0,0,0,0,0,0,0,0,0,0,0,0,0,0,0,0,0,0,0.0,0.0
2020-01-24,0,0,0,0,0,0,0,0,0,0,0,0,0,0,0,0,0,0,0,0,0,0,0,0,0,0,0,0,0,0,0,0,0,0,0,0,0,0,0,0,0,0,0,0,0,0,0.0,0.0
2020-01-25,0,0,0,0,0,0,0,0,0,0,0,0,0,0,0,0,0,0,0,0,0,0,0,0,0,0,0,0,0,0,0,0,0,0,0,0,0,0,0,0,0,0,0,0,0,0,0.0,0.0
2020-01-26,0,0,0,0,0,0,0,0,0,0,0,0,0,0,0,0,0,0,0,0,0,0,0,0,0,0,0,0,0,0,0,0,0,0,0,0,0,0,0,0,0,0,0,0,0,0,0.0,0.0
2020-01-27,0,0,0,0,0,0,0,0,0,0,0,0,0,0,0,0,0,0,0,0,0,0,0,0,0,0,0,0,0,0,0,0,0,0,0,0,0,0,0,0,0,0,0,0,0,0,0.0,0.0
2020-01-28,0,0,0,0,0,0,0,0,0,0,0,0,0,0,0,0,0,0,0,0,0,0,0,0,0,0,0,0,0,0,0,0,0,0,0,0,0,0,0,0,0,0,0,0,0,0,0.0,0.0
2020-01-29,0,0,0,0,0,0,0,0,0,0,0,0,0,0,0,0,0,0,0,0,0,0,0,0,0,0,0,0,0,0,0,0,0,0,0,0,0,0,0,0,0,0,0,0,0,0,0.0,0.0
2020-01-30,0,0,0,0,0,0,0,0,0,0,0,0,0,0,0,0,0,0,0,0,0,0,0,0,0,0,0,0,0,0,0,0,0,0,0,0,0,0,0,0,0,0,0,0,0,0,0.0,0.0
2020-01-31,0,0,0,0,0,0,0,0,0,0,0,0,0,0,0,0,0,0,0,0,0,0,0,0,0,0,0,0,0,0,0,0,0,0,0,0,0,0,0,0,0,0,0,0,0,0,0.0,0.0
2020-02-01,0,0,0,0,0,0,0,0,0,0,0,0,0,0,0,0,0,0,0,0,0,0,0,0,0,0,0,0,0,0,0,0,0,0,0,0,0,0,0,0,0,0,0,0,0,0,0.0,0.0
2020-02-02,0,0,0,0,0,0,0,0,0,0,0,0,0,0,0,0,0,0,0,0,0,0,0,0,0,0,0,0,0,0,0,0,0,0,0,0,0,0,0,0,0,0,0,0,0,0,0.0,0.0
2020-02-03,0,0,0,0,0,0,0,0,0,0,0,0,0,0,0,0,0,0,0,0,0,0,0,0,0,0,0,0,0,0,0,0,0,0,0,0,0,0,0,0,0,0,0,0,0,0,0.0,0.0
2020-02-04,0,0,0,0,0,0,0,0,0,0,0,0,0,0,0,0,0,0,0,0,0,0,0,0,0,0,0,0,0,0,0,0,0,0,0,0,0,0,0,0,0,0,0,0,0,0,0.0,0.0
2020-02-05,0,0,0,0,0,0,0,0,0,0,0,0,0,0,0,0,0,0,0,0,0,0,0,0,0,0,0,0,0,0,0,0,0,0,0,0,0,0,0,0,0,0,0,0,0,0,0.0,0.0
2020-02-06,0,0,0,0,0,0,0,0,0,0,0,0,0,0,0,0,0,0,0,0,0,0,0,0,0,0,0,0,0,0,0,0,0,0,0,0,0,0,0,0,0,0,0,0,0,0,0.0,0.0
2020-02-07,0,0,0,0,0,0,0,0,0,0,0,0,0,0,0,0,0,0,0,0,0,0,0,0,0,0,0,0,0,0,0,0,0,0,0,0,0,0,0,0,0,0,0,0,0,0,0.0,0.0
2020-02-08,0,0,0,0,0,0,0,0,0,0,0,0,0,0,0,0,0,0,0,0,0,0,0,0,0,0,0,0,0,0,0,0,0,0,0,0,0,0,0,0,0,0,0,0,0,0,0.0,0.0
2020-02-09,0,0,0,0,0,0,0,0,0,0,0,0,0,0,0,0,0,0,0,0,0,0,0,0,0,0,0,0,0,0,0,0,0,0,0,0,0,0,0,0,0,0,0,0,0,0,0.0,0.0
2020-02-10,0,0,0,0,0,0,0,0,0,0,0,0,0,0,0,0,0,0,0,0,0,0,0,0,0,0,0,0,0,0,0,0,0,0,0,0,0,0,0,0,0,0,0,0,0,0,0.0,0.0
2020-02-11,0,0,0,0,0,0,0,0,0,0,0,0,0,0,0,0,0,0,0,0,0,0,0,0,0,0,0,0,0,0,0,0,0,0,0,0,0,0,0,0,0,0,0,0,0,0,0.0,0.0
2020-02-12,0,0,0,0,0,0,0,0,0,0,0,0,0,0,0,0,0,0,0,0,0,0,0,0,0,0,0,0,0,0,0,0,0,0,0,0,0,0,0,0,0,0,0,0,0,0,0.0,0.0
2020-02-13,0,0,0,0,0,0,0,0,0,0,0,0,0,0,0,0,0,0,0,0,0,0,0,0,0,0,0,0,0,0,0,0,0,0,0,0,0,0,0,0,0,0,0,0,0,0,0.0,0.0
2020-02-14,0,0,0,0,0,0,0,0,0,0,0,0,0,0,0,0,0,0,0,0,0,0,0,0,0,0,0,0,0,0,0,0,0,0,0,0,0,0,0,0,0,0,0,0,0,0,0.0,0.0
2020-02-15,0,0,0,0,0,0,0,0,0,0,0,0,0,0,0,0,0,0,0,0,0,0,0,0,0,0,0,0,0,0,0,0,0,0,0,0,0,0,0,0,0,0,0,0,0,0,0.0,0.0
2020-02-16,0,0,0,0,0,0,0,0,0,0,0,0,0,0,0,0,0,0,0,0,0,0,0,0,0,0,0,0,0,0,0,0,0,0,0,0,0,0,0,0,0,0,0,0,0,0,0.0,0.0
2020-02-17,0,0,0,0,0,0,0,0,0,0,0,0,0,0,0,0,0,0,0,0,0,0,0,0,0,0,0,0,0,0,0,0,0,0,0,0,0,0,0,0,0,0,0,0,0,0,0.0,0.0
2020-02-18,0,0,0,0,0,0,0,0,0,0,0,0,0,0,0,0,0,0,0,0,0,0,0,0,0,0,0,0,0,0,0,0,0,0,0,0,0,0,0,0,0,0,0,0,0,0,0.0,0.0
2020-02-19,0,0,0,0,0,0,0,0,0,0,0,0,0,0,0,0,0,0,0,0,0,0,0,0,0,0,0,0,0,0,0,0,0,0,0,0,0,0,0,0,0,0,0,0,0,0,0.0,0.0
2020-02-20,0,0,0,0,0,0,0,0,0,0,0,0,0,0,0,0,0,0,0,0,0,0,0,0,0,0,0,0,0,0,0,0,0,0,0,0,0,0,0,0,0,0,0,0,0,0,0.0,0.0
2020-02-21,0,0,0,0,0,0,0,0,0,0,0,0,0,0,0,0,0,0,0,0,0,0,0,0,0,0,0,0,0,0,0,0,0,0,0,0,0,0,0,0,0,0,0,0,0,0,0.0,0.0
2020-02-22,0,0,0,0,0,0,0,0,0,0,0,0,0,0,0,0,0,0,0,0,0,0,0,0,0,0,0,0,0,0,0,0,0,0,0,0,0,0,0,0,0,0,0,0,0,0,0.0,0.0
2020-02-23,0,0,0,0,0,0,0,0,0,0,0,0,0,0,0,0,0,0,0,0,0,0,0,0,0,0,0,0,0,0,0,0,0,0,0,0,0,0,0,0,0,0,0,0,0,0,0.0,0.0
2020-02-24,0,0,0,0,0,0,0,0,0,0,0,0,0,0,0,0,0,0,0,0,0,0,0,0,0,0,0,0,0,0,0,0,0,0,0,0,0,0,0,0,0,0,0,0,0,0,0.0,0.0
2020-02-25,0,0,0,0,0,0,0,0,0,0,0,0,0,0,0,0,0,0,0,0,0,0,0,0,0,0,0,0,0,0,0,0,0,0,0,0,0,0,0,0,0,0,0,0,0,0,0.0,0.0
2020-02-26,0,0,0,0,0,0,0,0,0,0,0,0,0,0,0,0,0,0,0,0,0,0,0,0,0,0,0,0,0,0,0,0,0,0,0,0,0,0,0,0,0,0,0,0,0,0,0.0,0.0
2020-02-27,0,0,0,0,0,0,0,0,0,0,0,0,0,0,0,0,0,0,0,0,0,0,0,0,0,0,0,0,0,0,0,0,0,0,0,0,0,0,0,0,0,0,0,0,0,0,0.0,0.0
2020-02-28,0,0,0,0,0,0,0,0,0,0,0,0,0,0,0,0,0,0,0,0,0,0,0,0,0,0,0,0,0,0,0,0,0,0,0,0,0,0,0,0,0,0,0,0,0,0,0.0,0.0
2020-02-29,0,0,0,0,0,0,0,0,0,0,0,0,0,0,0,0,0,0,0,0,0,0,0,0,0,0,0,0,0,0,0,0,0,0,0,0,0,0,0,0,0,0,0,0,0,0,0.0,0.0
2020-03-01,0,0,0,0,0,0,0,0,0,0,0,0,0,0,0,0,0,0,0,0,0,0,0,0,0,0,0,0,0,0,0,0,0,0,0,0,0,0,0,0,0,0,0,0,0,0,0.0,0.0
2020-03-02,1,0,0,0,0,0,1,0,0,0,0,0,0,0,0,0,0,0,0,0,0,0,0,0,0,0,0,0,0,0,0,0,0,0,0,0,0,0,0,0,0,0,0,0,1,0,1.0,0.0
2020-03-03,1,0,0,0,0,0,1,0,0,0,0,0,0,0,0,0,0,0,0,0,0,0,0,0,0,0,0,0,0,0,0,0,0,0,0,0,0,0,0,0,0,0,0,0,0,0,1.0,0.0
2020-03-04,1,0,0,0,0,0,1,0,0,0,0,0,0,0,0,0,0,0,0,0,0,0,0,0,0,0,0,0,0,0,0,0,0,0,0,0,0,0,0,0,0,0,0,0,0,0,1.0,0.0
2020-03-05,1,0,0,0,0,0,1,0,0,0,0,0,0,0,0,0,0,0,0,0,0,0,0,0,0,0,0,0,0,0,0,0,0,0,0,0,0,0,0,0,0,0,0,0,0,0,1.0,0.0
2020-03-06,3,0,0,0,0,1,1,0,0,0,0,0,0,0,0,0,0,0,0,0,1,0,0,0,0,0,0,0,0,0,0,0,0,0,0,0,0,0,0,0,0,0,0,0,2,0,3.0,0.1
2020-03-07,5,0,0,0,0,1,2,0,0,0,0,0,0,0,0,0,0,0,0,0,2,0,0,0,0,0,0,0,0,0,0,0,0,0,0,0,0,0,0,0,0,0,0,0,2,0,5.0,0.1
2020-03-08,10,0,0,0,0,4,2,0,0,0,0,0,0,0,0,0,0,0,0,2,2,0,0,0,0,0,0,0,0,0,0,0,0,0,0,0,0,0,0,0,0,0,0,0,5,0,10.0,0.2
2020-03-09,15,0,0,0,2,6,2,0,0,0,0,0,0,0,0,0,0,0,0,2,3,0,0,0,0,0,0,0,0,0,0,0,0,0,0,0,0,0,0,0,0,0,0,0,5,0,14.0,0.3
2020-03-10,37,0,0,0,8,11,4,0,0,0,0,0,0,0,0,0,0,1,3,7,3,0,0,0,0,0,0,0,0,0,0,0,0,0,0,0,0,0,0,0,0,0,0,0,22,0,36.0,0.9
2020-03-11,54,0,0,0,9,14,8,0,0,0,0,0,0,0,0,0,0,1,6,11,5,0,0,0,0,0,0,0,0,0,0,0,0,0,0,0,0,0,0,0,0,0,0,0,17,0,53.0,1.3
2020-03-12,81,0,0,1,13,25,13,0,0,0,0,0,0,0,0,0,0,1,8,14,6,0,0,0,0,0,0,0,0,0,0,0,0,0,0,0,0,0,0,0,0,0,0,0,27,0,80.0,2.0
2020-03-13,118,1,1,1,16,35,18,1,0,0,0,0,0,0,1,0,0,1,12,24,9,0,0,0,0,0,0,0,0,0,0,0,0,0,0,0,0,0,0,0,0,0,0,0,37,1,115.0,2.8
2020-03-14,152,2,1,1,20,49,18,2,0,0,0,0,0,0,2,0,0,2,14,35,9,1,0,0,0,0,0,0,0,0,0,0,0,0,0,0,0,0,0,0,0,0,0,0,34,1,147.0,3.6
2020-03-15,182,2,2,1,25,58,21,2,0,0,0,0,0,0,2,0,0,2,15,42,13,1,0,0,0,0,0,0,0,0,0,0,0,0,0,0,0,0,0,0,0,0,0,0,30,0,172.0,4.2
2020-03-16,224,2,2,1,34,74,25,2,0,0,0,0,0,0,2,0,0,2,18,49,16,1,0,0,0,0,0,0,0,0,0,0,0,0,0,0,0,0,0,0,0,0,0,0,42,0,209.0,5.1
2020-03-17,311,2,2,4,45,101,34,3,0,0,0,0,0,0,2,0,0,2,29,67,22,2,0,0,0,0,0,0,0,0,0,0,0,0,0,0,0,0,0,0,0,0,0,0,87,0,274.0,6.7
2020-03-18,445,2,3,5,71,139,47,4,0,0,0,0,0,0,2,0,1,2,46,97,27,3,0,0,0,0,0,0,0,0,0,0,0,0,0,0,0,0,0,0,0,0,0,0,134,0,391.0,9.6
2020-03-19,600,3,5,6,91,181,55,6,0,0,0,0,0,0,2,0,1,3,70,136,41,5,0,0,0,0,0,0,1,0,0,0,0,0,0,0,0,0,0,0,0,0,0,0,155,1,519.0,12.7
2020-03-20,743,5,6,8,116,216,74,7,0,0,0,0,0,2,2,0,2,6,84,159,56,9,0,0,0,0,0,0,1,0,0,0,0,0,0,0,0,0,0,0,0,0,0,0,143,2,625.0,15.3
2020-03-21,872,6,8,9,132,245,86,7,0,0,0,0,0,2,2,0,3,7,101,192,71,11,0,0,0,0,0,1,1,0,0,0,0,0,0,0,0,0,0,0,0,0,0,0,129,1,720.0,17.7
2020-03-22,924,7,9,9,142,256,90,8,0,0,0,0,0,2,2,0,3,7,110,204,75,11,0,0,0,0,0,2,1,0,0,0,0,0,0,0,0,0,0,0,0,0,0,0,52,1,742.0,18.2
2020-03-23,1049,10,10,10,158,287,106,8,0,0,0,0,0,3,2,0,3,9,127,232,84,15,0,0,0,0,0,2,3,0,0,0,0,0,0,0,0,0,0,0,0,0,0,0,125,3,825.0,20.3
2020-03-24,1209,17,11,10,181,322,124,13,0,0,0,0,0,6,5,0,3,10,154,268,95,18,0,0,0,0,0,2,4,0,0,0,0,0,0,0,0,0,0,0,0,0,0,0,160,7,898.0,22.1
2020-03-25,1390,24,11,12,198,366,141,18,0,0,0,0,0,10,7,0,3,15,168,318,112,28,0,0,0,0,1,2,4,0,0,0,0,0,0,0,0,0,0,0,0,0,0,0,181,7,945.0,23.2
2020-03-26,1560,28,11,13,218,398,154,27,0,0,0,0,0,11,8,0,3,18,191,354,141,32,0,0,0,0,1,3,5,0,0,0,0,0,0,0,0,0,0,0,0,0,0,0,170,4,960.0,23.6
2020-03-27,1748,35,12,13,238,437,178,27,0,0,0,0,0,16,8,0,4,19,214,405,163,38,0,0,0,0,1,3,7,0,0,0,0,0,0,0,0,0,0,0,0,0,0,0,188,7,1005.0,24.7
2020-03-28,1911,38,15,19,252,464,195,31,0,0,0,0,0,16,10,0,4,23,235,451,178,44,0,0,0,0,2,3,7,0,0,0,0,0,0,0,0,0,0,0,0,0,0,0,163,3,1039.0,25.5
2020-03-29,1982,39,16,20,260,476,201,33,0,0,0,0,0,16,11,0,5,23,247,466,189,46,0,0,0,0,2,3,7,0,0,0,0,0,0,0,0,0,0,0,0,0,0,0,71,1,1058.0,26.0
2020-03-30,2123,52,16,20,276,497,219,40,0,0,0,0,0,21,16,0,5,25,266,498,200,61,0,0,0,0,2,3,10,0,0,0,0,0,0,0,0,0,0,0,0,0,0,0,141,13,1074.0,26.4
2020-03-31,2305,69,16,22,287,532,243,51,0,0,0,0,1,24,22,0,6,25,282,549,216,76,0,0,0,0,2,4,16,0,0,0,0,0,0,0,0,0,0,0,0,0,0,0,182,17,1096.0,26.9
2020-04-01,2490,73,17,29,298,562,262,57,0,0,0,0,1,24,24,0,7,28,303,608,237,82,0,0,0,0,2,4,18,0,0,0,0,0,0,0,0,0,0,0,0,0,0,0,185,4,1100.0,27.0
2020-04-02,2715,91,17,29,310,593,289,73,0,0,0,0,1,26,30,0,7,30,318,655,264,130,0,0,0,0,3,6,25,0,0,0,0,0,0,0,0,0,0,0,0,0,0,0,225,18,1155.0,28.4
2020-04-03,2967,108,19,30,330,625,303,86,0,0,0,0,1,27,35,0,8,34,355,712,287,178,0,0,0,0,3,7,35,0,0,0,0,0,0,0,0,0,0,0,0,0,0,0,252,17,1219.0,29.9
2020-04-04,3107,116,19,32,345,647,321,96,0,0,0,0,2,28,38,0,9,34,365,741,307,191,0,0,0,0,3,7,38,0,0,0,0,0,0,0,0,0,0,0,0,0,0,0,140,8,1196.0,29.4
2020-04-05,3176,119,19,32,352,658,330,98,0,0,0,0,2,29,38,0,10,34,369,763,317,194,0,0,0,0,3,8,39,0,0,0,0,0,0,0,0,0,0,0,0,0,0,0,69,3,1194.0,29.3
2020-04-06,3259,124,19,33,359,671,339,102,0,0,0,0,2,31,39,0,11,34,381,782,326,202,0,0,0,0,3,8,41,0,0,0,0,0,0,0,0,0,0,0,0,0,0,0,83,5,1136.0,27.9
2020-04-07,3401,130,20,37,372,694,346,106,0,0,0,0,2,31,41,0,13,39,404,825,338,207,0,0,0,0,3,10,43,0,0,0,0,0,0,0,0,0,0,0,0,0,0,0,142,6,1096.0,26.9
2020-04-08,3560,138,20,39,382,715,366,110,0,0,0,0,3,34,43,0,14,41,434,866,352,221,0,0,0,0,3,10,45,0,0,0,0,0,0,0,0,0,0,0,0,0,0,0,159,8,1070.0,26.3
2020-04-09,3661,145,20,41,396,731,379,114,0,0,0,0,3,36,46,0,14,41,445,890,364,226,0,0,0,0,3,10,47,0,0,0,0,0,0,0,0,0,0,0,0,0,0,0,101,7,946.0,23.2
2020-04-10,3791,152,20,41,404,744,389,122,0,0,0,0,3,38,47,0,15,43,457,923,380,253,0,0,0,0,3,11,50,0,0,0,0,0,0,0,0,0,0,0,0,0,0,0,130,7,824.0,20.2
2020-04-11,3871,159,20,41,409,754,399,131,0,0,0,0,3,40,49,0,15,44,466,943,389,260,0,0,0,0,3,12,52,0,0,0,0,0,0,0,0,0,0,0,0,0,0,0,80,7,764.0,18.8
2020-04-12,3959,162,20,41,414,772,405,137,0,0,0,0,3,41,50,0,15,44,471,973,396,271,0,0,0,0,3,13,52,0,0,0,0,0,0,0,0,0,0,0,0,0,0,0,88,3,783.0,19.2
2020-04-13,3999,168,20,41,414,782,406,141,0,0,0,0,3,41,52,0,15,44,473,983,400,280,0,0,0,0,3,15,54,0,0,0,0,0,0,0,0,0,0,0,0,0,0,0,40,6,740.0,18.2
2020-04-14,4072,173,20,46,423,796,414,145,0,0,0,0,4,41,55,0,16,44,480,992,408,288,0,0,0,0,3,15,55,0,0,0,0,0,0,0,0,0,0,0,0,0,0,0,73,5,671.0,16.5
2020-04-15,4130,175,20,46,428,803,421,150,0,0,0,0,4,41,56,0,16,47,486,1010,410,293,0,0,0,0,3,15,56,0,0,0,0,0,0,0,0,0,0,0,0,0,0,0,58,2,570.0,14.0
2020-04-16,4232,180,20,47,435,815,437,158,0,0,0,0,4,43,58,0,16,48,497,1033,421,305,0,0,0,0,3,15,57,0,0,0,0,0,0,0,0,0,0,0,0,0,0,0,102,5,571.0,14.0
2020-04-17,4276,185,20,47,438,822,438,162,0,0,0,0,4,43,61,0,16,49,504,1043,427,310,0,0,0,0,3,16,58,0,0,0,0,0,0,0,0,0,0,0,0,0,0,0,44,5,485.0,11.9
2020-04-18,4323,185,20,48,445,832,442,164,0,0,0,0,4,43,61,0,17,50,510,1049,434,312,0,0,0,0,3,16,58,0,0,0,0,0,0,0,0,0,0,0,0,0,0,0,47,0,452.0,11.1
2020-04-19,4346,185,20,49,447,835,444,166,0,0,0,0,4,43,61,0,17,51,516,1054,435,312,0,0,0,0,3,16,58,0,0,0,0,0,0,0,0,0,0,0,0,0,0,0,23,0,387.0,9.5
2020-04-20,4379,189,20,49,449,842,447,167,0,0,0,0,4,43,62,0,20,53,521,1061,436,314,0,0,0,0,3,17,60,0,0,0,0,0,0,0,0,0,0,0,0,0,0,0,33,4,380.0,9.3
2020-04-21,4428,194,20,49,453,851,453,168,0,0,0,0,4,44,63,0,20,54,527,1071,442,320,0,0,0,0,3,17,63,0,0,0,0,0,0,0,0,0,0,0,0,0,0,0,49,5,356.0,8.7
2020-04-22,4478,194,20,49,458,855,460,170,0,0,0,0,4,44,63,0,20,54,534,1074,450,334,0,0,0,0,3,17,63,0,0,0,0,0,0,0,0,0,0,0,0,0,0,0,50,0,348.0,8.5
2020-04-23,4512,196,20,49,461,860,464,171,0,0,0,0,4,45,63,0,20,55,539,1080,454,339,0,0,0,0,3,17,64,0,0,0,0,0,0,0,0,0,0,0,0,0,0,0,34,2,280.0,6.9
2020-04-24,4557,200,20,49,466,868,466,176,0,0,0,0,4,45,66,0,21,55,546,1086,458,346,0,0,0,0,3,17,65,0,0,0,0,0,0,0,0,0,0,0,0,0,0,0,45,4,281.0,6.9
2020-04-25,4579,200,21,49,469,871,468,176,0,0,0,0,4,45,66,0,21,56,548,1094,459,347,0,0,0,0,3,17,65,0,0,0,0,0,0,0,0,0,0,0,0,0,0,0,22,0,256.0,6.3
2020-04-26,4599,200,21,49,474,874,468,176,0,0,0,0,4,45,66,0,21,56,550,1100,459,351,0,0,0,0,3,17,65,0,0,0,0,0,0,0,0,0,0,0,0,0,0,0,20,0,253.0,6.2
2020-04-27,4620,202,22,50,476,877,470,176,0,0,0,0,4,45,66,0,21,56,554,1105,459,354,0,0,0,0,3,17,67,0,0,0,0,0,0,0,0,0,0,0,0,0,0,0,21,2,241.0,5.9
2020-04-28,4655,203,22,50,479,881,473,180,0,0,0,0,4,45,67,0,21,56,559,1118,460,356,0,0,0,0,3,17,67,0,0,0,0,0,0,0,0,0,0,0,0,0,0,0,35,1,227.0,5.6
2020-04-29,4695,207,22,50,484,884,474,185,0,0,0,0,4,46,70,0,21,56,564,1126,462,367,0,0,0,0,3,17,67,0,0,0,0,0,0,0,0,0,0,0,0,0,0,0,40,4,217.0,5.3
2020-04-30,4730,209,22,50,486,889,475,186,0,0,0,0,4,46,70,0,22,56,568,1135,469,372,0,0,0,0,3,17,69,0,0,0,0,0,0,0,0,0,0,0,0,0,0,0,35,2,218.0,5.4
2020-05-01,4752,209,22,50,487,892,475,188,0,0,0,0,4,46,70,0,22,56,570,1141,472,377,0,0,0,0,3,17,69,0,0,0,0,0,0,0,0,0,0,0,0,0,0,0,22,0,195.0,4.8
2020-05-02,4774,210,22,50,489,894,477,189,0,0,0,0,4,46,70,0,22,57,572,1145,475,382,0,0,0,0,3,17,70,0,0,0,0,0,0,0,0,0,0,0,0,0,0,0,22,1,195.0,4.8
2020-05-03,4784,210,22,50,490,896,477,189,0,0,0,0,4,46,70,0,22,57,573,1151,475,382,0,0,0,0,3,17,70,0,0,0,0,0,0,0,0,0,0,0,0,0,0,0,10,0,185.0,4.5
2020-05-04,4791,210,22,50,491,897,477,189,0,0,0,0,4,46,70,0,22,57,573,1155,476,382,0,0,0,0,3,17,70,0,0,0,0,0,0,0,0,0,0,0,0,0,0,0,7,0,171.0,4.2
2020-05-05,4854,214,22,50,494,901,485,194,0,0,0,0,4,49,71,0,23,58,580,1171,484,392,0,0,0,0,3,17,70,0,0,0,0,0,0,0,0,0,0,0,0,0,0,0,63,4,199.0,4.9
2020-05-06,4890,214,22,50,497,908,487,194,0,0,0,0,4,49,71,0,23,58,585,1184,487,395,0,0,0,0,3,17,70,0,0,0,0,0,0,0,0,0,0,0,0,0,0,0,36,0,195.0,4.8
2020-05-07,4924,214,23,51,499,914,490,194,0,0,0,0,4,49,71,0,23,59,589,1192,492,398,0,0,0,0,3,17,70,0,0,0,0,0,0,0,0,0,0,0,0,0,0,0,34,0,194.0,4.8
2020-05-08,4970,215,23,52,502,917,496,196,0,0,0,0,4,49,71,0,24,61,595,1202,497,405,0,0,0,0,3,17,71,0,0,0,0,0,0,0,0,0,0,0,0,0,0,0,46,1,218.0,5.4
2020-05-09,4993,215,23,52,505,920,498,197,0,0,0,0,4,49,71,0,24,61,599,1204,500,410,0,0,0,0,3,17,71,0,0,0,0,0,0,0,0,0,0,0,0,0,0,0,23,0,219.0,5.4
2020-05-10,5001,215,23,52,506,920,498,198,0,0,0,0,4,49,71,0,24,61,600,1207,501,411,0,0,0,0,3,17,71,0,0,0,0,0,0,0,0,0,0,0,0,0,0,0,8,0,217.0,5.3
2020-05-11,5022,216,23,52,510,924,499,199,0,0,0,0,4,49,72,0,24,61,602,1213,503,412,0,0,0,0,3,17,71,0,0,0,0,0,0,0,0,0,0,0,0,0,0,0,21,1,231.0,5.7
2020-05-12,5047,216,23,53,514,925,503,199,0,0,0,0,4,49,72,0,24,62,602,1220,508,414,0,0,0,0,3,17,71,0,0,0,0,0,0,0,0,0,0,0,0,0,0,0,25,0,193.0,4.7
2020-05-13,5083,218,25,55,516,929,506,202,0,0,0,0,4,49,72,0,25,62,610,1224,510,419,0,0,0,0,3,18,72,0,0,0,0,0,0,0,0,0,0,0,0,0,0,0,36,2,193.0,4.7
2020-05-14,5121,219,25,55,517,934,507,204,0,0,0,0,4,49,72,0,26,62,619,1236,514,422,0,0,0,0,3,19,72,0,0,0,0,0,0,0,0,0,0,0,0,0,0,0,38,1,197.0,4.8
2020-05-15,5142,221,25,55,517,937,508,205,0,0,0,0,4,49,72,0,27,64,624,1240,514,426,0,0,0,0,3,19,74,0,0,0,0,0,0,0,0,0,0,0,0,0,0,0,21,2,172.0,4.2
2020-05-16,5157,224,25,56,517,937,508,205,0,0,0,0,4,49,72,0,28,65,625,1247,515,429,0,0,0,0,4,19,76,0,0,0,0,0,0,0,0,0,0,0,0,0,0,0,15,3,164.0,4.0
2020-05-17,5160,224,25,56,518,937,508,205,0,0,0,0,4,49,72,0,28,66,626,1247,515,429,0,0,0,0,4,19,76,0,0,0,0,0,0,0,0,0,0,0,0,0,0,0,3,0,159.0,3.9
2020-05-18,5178,224,27,59,521,941,509,205,0,0,0,0,4,49,72,0,29,66,626,1251,515,429,0,0,0,0,4,19,76,0,0,0,0,0,0,0,0,0,0,0,0,0,0,0,18,0,156.0,3.8
2020-05-19,5210,225,27,60,528,942,513,208,0,0,0,0,4,49,72,0,29,66,629,1261,516,431,0,0,0,0,4,19,77,0,0,0,0,0,0,0,0,0,0,0,0,0,0,0,32,1,163.0,4.0
2020-05-20,5240,226,28,60,530,945,515,210,0,0,0,0,4,49,72,0,29,68,632,1263,517,443,0,0,0,0,4,19,78,0,0,0,0,0,0,0,0,0,0,0,0,0,0,0,30,1,157.0,3.9
2020-05-21,5251,227,28,61,531,946,517,210,0,0,0,0,4,49,72,0,29,68,633,1266,518,444,0,0,0,0,4,19,79,0,0,0,0,0,0,0,0,0,0,0,0,0,0,0,11,1,130.0,3.2
2020-05-22,5257,227,28,61,531,948,519,210,0,0,0,0,4,49,72,0,29,68,633,1267,518,445,0,0,0,0,4,19,79,0,0,0,0,0,0,0,0,0,0,0,0,0,0,0,6,0,115.0,2.8
2020-05-23,5262,227,28,62,531,949,519,210,0,0,0,0,4,49,72,0,29,68,634,1267,519,446,0,0,0,0,4,19,79,0,0,0,0,0,0,0,0,0,0,0,0,0,0,0,5,0,105.0,2.6
2020-05-24,5267,228,28,62,531,950,519,210,0,0,0,0,4,49,72,0,29,68,634,1268,522,446,0,0,0,0,4,20,79,0,0,0,0,0,0,0,0,0,0,0,0,0,0,0,5,1,107.0,2.6
2020-05-25,5276,229,29,62,531,950,519,210,0,0,0,0,4,49,72,0,29,68,635,1272,522,449,0,0,0,0,4,20,80,0,0,0,0,0,0,0,0,0,0,0,0,0,0,0,9,1,98.0,2.4
2020-05-26,5291,230,29,62,531,951,523,210,0,0,0,0,4,50,72,0,29,69,637,1275,524,451,0,0,0,0,4,20,80,0,0,0,0,0,0,0,0,0,0,0,0,0,0,0,15,1,81.0,2.0
2020-05-27,5310,231,29,62,532,955,526,211,0,0,0,0,4,50,73,0,29,69,639,1280,525,453,0,0,0,0,4,20,80,0,0,0,0,0,0,0,0,0,0,0,0,0,0,0,19,1,70.0,1.7
2020-05-28,5323,231,29,64,533,956,526,211,0,0,0,0,4,50,73,0,29,69,640,1285,527,454,0,0,0,0,4,20,80,0,0,0,0,0,0,0,0,0,0,0,0,0,0,0,13,0,72.0,1.8
2020-05-29,5333,231,29,67,533,958,526,212,0,0,0,0,4,50,73,0,29,69,642,1285,529,454,0,0,0,0,4,20,80,0,0,0,0,0,0,0,0,0,0,0,0,0,0,0,10,0,76.0,1.9
2020-05-30,5338,231,29,69,533,958,526,212,0,0,0,0,4,50,73,0,30,69,643,1285,529,455,0,0,0,0,4,20,80,0,0,0,0,0,0,0,0,0,0,0,0,0,0,0,5,0,76.0,1.9
2020-05-31,5338,231,29,69,533,958,526,212,0,0,0,0,4,50,73,0,30,69,643,1285,529,455,0,0,0,0,4,20,80,0,0,0,0,0,0,0,0,0,0,0,0,0,0,0,0,0,71.0,1.7
2020-06-01,5338,231,29,69,533,958,526,212,0,0,0,0,4,50,73,0,30,69,643,1285,529,455,0,0,0,0,4,20,80,0,0,0,0,0,0,0,0,0,0,0,0,0,0,0,0,0,62.0,1.5
2020-06-02,5340,231,29,69,533,958,526,212,0,0,0,0,4,50,73,0,30,69,645,1285,529,455,0,0,0,0,4,20,80,0,0,0,0,0,0,0,0,0,0,0,0,0,0,0,2,0,49.0,1.2
2020-06-03,5349,231,29,69,533,959,529,213,0,0,0,0,4,50,73,0,30,69,645,1287,530,456,0,0,0,0,4,20,80,0,0,0,0,0,0,0,0,0,0,0,0,0,0,0,9,0,39.0,1.0
2020-06-04,5355,231,29,70,533,960,529,213,0,0,0,0,4,50,73,0,30,70,645,1287,532,457,0,0,0,0,4,20,80,0,0,0,0,0,0,0,0,0,0,0,0,0,0,0,6,0,32.0,0.8
2020-06-05,5360,232,30,70,533,960,529,213,0,0,0,0,4,50,73,0,30,70,646,1288,534,457,0,0,0,0,4,21,80,0,0,0,0,0,0,0,0,0,0,0,0,0,0,0,5,1,27.0,0.7
2020-06-06,5366,232,30,70,536,961,529,213,0,0,0,0,4,50,73,0,30,70,646,1289,535,457,0,0,0,0,4,21,80,0,0,0,0,0,0,0,0,0,0,0,0,0,0,0,6,0,28.0,0.7
2020-06-07,5366,232,30,70,536,961,529,213,0,0,0,0,4,50,73,0,30,70,646,1289,535,457,0,0,0,0,4,21,80,0,0,0,0,0,0,0,0,0,0,0,0,0,0,0,0,0,28.0,0.7
2020-06-08,5369,232,30,70,536,961,529,214,0,0,0,0,4,50,73,0,30,70,646,1289,535,459,0,0,0,0,4,21,80,0,0,0,0,0,0,0,0,0,0,0,0,0,0,0,3,0,31.0,0.8
2020-06-09,5376,232,30,70,537,961,532,214,0,0,0,0,4,50,73,0,30,70,647,1290,536,459,0,0,0,0,4,21,80,0,0,0,0,0,0,0,0,0,0,0,0,0,0,0,7,0,36.0,0.9
2020-06-10,5379,232,30,70,538,961,532,214,0,0,0,0,4,50,73,0,30,70,647,1291,537,459,0,0,0,0,4,21,80,0,0,0,0,0,0,0,0,0,0,0,0,0,0,0,3,0,30.0,0.7
2020-06-11,5380,232,30,70,539,961,532,214,0,0,0,0,4,50,73,0,30,70,647,1291,537,459,0,0,0,0,4,21,80,0,0,0,0,0,0,0,0,0,0,0,0,0,0,0,1,0,25.0,0.6
2020-06-12,5384,232,30,70,539,963,532,214,0,0,0,0,4,50,73,0,30,70,648,1291,537,460,0,0,0,0,4,21,80,0,0,0,0,0,0,0,0,0,0,0,0,0,0,0,4,0,24.0,0.6
2020-06-13,5384,232,30,70,539,963,532,214,0,0,0,0,4,50,73,0,30,70,648,1291,537,460,0,0,0,0,4,21,80,0,0,0,0,0,0,0,0,0,0,0,0,0,0,0,0,0,18.0,0.4
2020-06-14,5385,232,30,70,539,963,532,214,0,0,0,0,4,50,73,0,30,70,648,1291,538,460,0,0,0,0,4,21,80,0,0,0,0,0,0,0,0,0,0,0,0,0,0,0,1,0,19.0,0.5
2020-06-15,5386,232,30,70,539,963,533,214,0,0,0,0,4,50,73,0,30,70,648,1291,538,460,0,0,0,0,4,21,80,0,0,0,0,0,0,0,0,0,0,0,0,0,0,0,1,0,17.0,0.4
2020-06-16,5396,232,30,71,540,966,533,214,0,0,0,0,4,50,73,0,31,70,649,1294,538,460,0,0,0,0,4,21,80,0,0,0,0,0,0,0,0,0,0,0,0,0,0,0,10,0,20.0,0.5
2020-06-17,5429,232,31,78,546,973,533,214,0,0,0,0,4,50,73,0,31,77,651,1297,538,460,0,0,0,0,4,21,80,0,0,0,0,0,0,0,0,0,0,0,0,0,0,0,33,0,50.0,1.2
2020-06-18,5443,232,31,78,551,973,533,214,0,0,0,0,4,50,73,0,32,79,654,1300,538,460,0,0,0,0,4,21,80,0,0,0,0,0,0,0,0,0,0,0,0,0,0,0,14,0,63.0,1.5
2020-06-19,5453,232,31,78,555,975,533,214,0,0,0,0,4,50,73,0,32,81,655,1301,538,460,0,0,0,0,4,21,80,0,0,0,0,0,0,0,0,0,0,0,0,0,0,0,10,0,69.0,1.7
2020-06-20,5459,232,31,79,556,975,534,214,0,0,0,0,4,50,73,0,32,81,655,1304,538,460,0,0,0,0,4,21,80,0,0,0,0,0,0,0,0,0,0,0,0,0,0,0,6,0,75.0,1.8
2020-06-21,5464,232,31,79,556,975,535,214,0,0,0,0,4,50,73,0,32,83,655,1304,540,460,0,0,0,0,4,21,80,0,0,0,0,0,0,0,0,0,0,0,0,0,0,0,5,0,79.0,1.9
2020-06-22,5470,232,31,81,557,976,535,214,0,0,0,0,4,50,73,0,32,83,656,1305,540,460,0,0,0,0,4,21,80,0,0,0,0,0,0,0,0,0,0,0,0,0,0,0,6,0,84.0,2.1
2020-06-23,5479,232,31,81,557,980,535,214,0,0,0,0,4,50,73,0,32,83,657,1308,541,460,0,0,0,0,4,21,80,0,0,0,0,0,0,0,0,0,0,0,0,0,0,0,9,0,83.0,2.0
2020-06-24,5480,232,31,81,557,980,536,214,0,0,0,0,4,50,73,0,32,83,657,1308,541,460,0,0,0,0,4,21,80,0,0,0,0,0,0,0,0,0,0,0,0,0,0,0,1,0,51.0,1.3
2020-06-25,5485,232,31,81,558,982,536,214,0,0,0,0,4,50,73,0,32,83,658,1309,541,460,0,0,0,0,4,21,80,0,0,0,0,0,0,0,0,0,0,0,0,0,0,0,5,0,42.0,1.0
2020-06-26,5485,232,31,81,558,982,536,214,0,0,0,0,4,50,73,0,32,83,658,1309,541,460,0,0,0,0,4,21,80,0,0,0,0,0,0,0,0,0,0,0,0,0,0,0,0,0,32.0,0.8
2020-06-27,5486,232,31,81,558,982,536,214,0,0,0,0,4,50,73,0,32,83,658,1309,542,460,0,0,0,0,4,21,80,0,0,0,0,0,0,0,0,0,0,0,0,0,0,0,1,0,27.0,0.7
2020-06-28,5488,232,31,81,558,982,536,214,0,0,0,0,4,50,73,0,32,83,658,1310,542,461,0,0,0,0,4,21,80,0,0,0,0,0,0,0,0,0,0,0,0,0,0,0,2,0,24.0,0.6
2020-06-29,5491,232,31,81,558,984,536,214,0,0,0,0,4,50,73,0,32,83,658,1311,542,461,0,0,0,0,4,21,80,0,0,0,0,0,0,0,0,0,0,0,0,0,0,0,3,0,21.0,0.5
2020-06-30,5495,232,31,82,560,984,536,214,0,0,0,0,4,50,73,0,32,83,658,1312,542,461,0,0,0,0,4,21,80,0,0,0,0,0,0,0,0,0,0,0,0,0,0,0,4,0,16.0,0.4
2020-07-01,5496,232,31,82,560,985,536,214,0,0,0,0,4,50,73,0,32,83,658,1312,542,461,0,0,0,0,4,21,80,0,0,0,0,0,0,0,0,0,0,0,0,0,0,0,1,0,16.0,0.4
2020-07-02,5500,232,31,82,561,986,536,214,0,0,0,0,4,50,73,0,32,83,659,1313,542,461,0,0,0,0,4,21,80,0,0,0,0,0,0,0,0,0,0,0,0,0,0,0,4,0,15.0,0.4
2020-07-03,5502,232,31,82,561,988,536,214,0,0,0,0,4,50,73,0,32,83,659,1313,542,461,0,0,0,0,4,21,80,0,0,0,0,0,0,0,0,0,0,0,0,0,0,0,2,0,17.0,0.4
2020-07-04,5502,232,31,82,561,988,536,214,0,0,0,0,4,50,73,0,32,83,659,1313,542,461,0,0,0,0,4,21,80,0,0,0,0,0,0,0,0,0,0,0,0,0,0,0,0,0,16.0,0.4
2020-07-05,5502,232,31,82,561,988,536,214,0,0,0,0,4,50,73,0,32,83,659,1313,542,461,0,0,0,0,4,21,80,0,0,0,0,0,0,0,0,0,0,0,0,0,0,0,0,0,14.0,0.3
2020-07-06,5506,232,31,82,561,990,536,214,0,0,0,0,4,50,73,0,32,83,661,1313,542,461,0,0,0,0,4,21,80,0,0,0,0,0,0,0,0,0,0,0,0,0,0,0,4,0,15.0,0.4
2020-07-07,5509,232,31,82,562,992,536,214,0,0,0,0,4,50,73,0,32,83,661,1313,542,461,0,0,0,0,4,21,80,0,0,0,0,0,0,0,0,0,0,0,0,0,0,0,3,0,14.0,0.3
2020-07-08,5512,232,31,82,563,993,537,214,0,0,0,0,4,50,73,0,32,83,661,1313,542,461,0,0,0,0,4,21,80,0,0,0,0,0,0,0,0,0,0,0,0,0,0,0,3,0,16.0,0.4
2020-07-09,5515,232,31,82,564,994,537,214,0,0,0,0,4,50,73,0,32,83,661,1314,542,461,0,0,0,0,4,21,80,0,0,0,0,0,0,0,0,0,0,0,0,0,0,0,3,0,15.0,0.4
2020-07-10,5517,232,31,82,564,995,537,214,0,0,0,0,4,50,73,0,32,83,661,1315,542,461,0,0,0,0,4,21,80,0,0,0,0,0,0,0,0,0,0,0,0,0,0,0,2,0,15.0,0.4
2020-07-11,5519,232,31,82,564,995,537,214,0,0,0,0,4,50,73,0,32,84,661,1315,543,461,0,0,0,0,4,21,80,0,0,0,0,0,0,0,0,0,0,0,0,0,0,0,2,0,17.0,0.4
2020-07-12,5519,232,31,82,564,995,537,214,0,0,0,0,4,50,73,0,32,84,661,1315,543,461,0,0,0,0,4,21,80,0,0,0,0,0,0,0,0,0,0,0,0,0,0,0,0,0,17.0,0.4
2020-07-13,5521,232,31,82,564,995,537,214,0,0,0,0,4,50,73,0,32,85,662,1315,543,461,0,0,0,0,4,21,80,0,0,0,0,0,0,0,0,0,0,0,0,0,0,0,2,0,15.0,0.4
2020-07-14,5526,232,31,82,566,996,537,214,0,0,0,0,4,50,73,0,32,85,664,1315,543,461,0,0,0,0,4,21,80,0,0,0,0,0,0,0,0,0,0,0,0,0,0,0,5,0,17.0,0.4
2020-07-15,5529,232,31,82,566,997,537,214,0,0,0,0,4,50,73,0,32,85,665,1316,543,461,0,0,0,0,4,21,80,0,0,0,0,0,0,0,0,0,0,0,0,0,0,0,3,0,17.0,0.4
2020-07-16,5532,232,31,82,566,1000,537,214,0,0,0,0,4,50,73,0,32,85,665,1316,543,461,0,0,0,0,4,21,80,0,0,0,0,0,0,0,0,0,0,0,0,0,0,0,3,0,17.0,0.4
2020-07-17,5536,232,31,83,567,1000,537,214,0,0,0,0,4,50,73,0,32,85,665,1318,543,461,0,0,0,0,4,21,80,0,0,0,0,0,0,0,0,0,0,0,0,0,0,0,4,0,19.0,0.5
2020-07-18,5536,232,31,83,567,1000,537,214,0,0,0,0,4,50,73,0,32,85,665,1318,543,461,0,0,0,0,4,21,80,0,0,0,0,0,0,0,0,0,0,0,0,0,0,0,0,0,17.0,0.4
2020-07-19,5537,232,31,83,567,1000,537,214,0,0,0,0,4,50,73,0,32,85,665,1319,543,461,0,0,0,0,4,21,80,0,0,0,0,0,0,0,0,0,0,0,0,0,0,0,1,0,18.0,0.4
2020-07-20,5548,232,31,86,568,1002,538,214,0,0,0,0,4,50,73,0,32,85,667,1320,544,461,0,0,0,0,4,21,80,0,0,0,0,0,0,0,0,0,0,0,0,0,0,0,11,0,27.0,0.7
2020-07-21,5553,232,31,86,569,1003,539,214,0,0,0,0,4,50,73,0,32,85,667,1321,544,462,0,0,0,0,4,21,80,0,0,0,0,0,0,0,0,0,0,0,0,0,0,0,5,0,27.0,0.7
2020-07-22,5555,232,31,87,569,1003,539,214,0,0,0,0,4,50,73,0,32,85,667,1322,544,462,0,0,0,0,4,21,80,0,0,0,0,0,0,0,0,0,0,0,0,0,0,0,2,0,26.0,0.6
2020-07-23,5562,232,32,87,572,1003,539,214,0,0,0,0,4,50,73,0,32,85,667,1324,545,462,0,0,0,0,4,21,80,0,0,0,0,0,0,0,0,0,0,0,0,0,0,0,7,0,30.0,0.7
2020-07-24,5566,232,32,88,572,1003,539,214,0,0,0,0,4,50,73,0,33,85,668,1324,545,463,0,0,0,0,4,21,80,0,0,0,0,0,0,0,0,0,0,0,0,0,0,0,4,0,30.0,0.7
2020-07-25,5567,232,32,88,572,1003,540,214,0,0,0,0,4,50,73,0,33,85,668,1324,545,463,0,0,0,0,4,21,80,0,0,0,0,0,0,0,0,0,0,0,0,0,0,0,1,0,31.0,0.8
2020-07-26,5568,232,32,88,572,1003,540,214,0,0,0,0,4,50,73,0,33,85,668,1325,545,463,0,0,0,0,4,21,80,0,0,0,0,0,0,0,0,0,0,0,0,0,0,0,1,0,31.0,0.8
2020-07-27,5577,232,32,89,573,1004,541,215,0,0,0,0,4,50,73,0,33,87,670,1325,545,463,0,0,0,0,4,21,80,0,0,0,0,0,0,0,0,0,0,0,0,0,0,0,9,0,29.0,0.7
2020-07-28,5580,232,32,89,573,1005,542,215,0,0,0,0,4,50,73,0,33,87,670,1325,546,463,0,0,0,0,4,21,80,0,0,0,0,0,0,0,0,0,0,0,0,0,0,0,3,0,27.0,0.7
2020-07-29,5587,232,32,90,573,1006,543,215,0,0,0,0,4,50,73,0,33,87,670,1327,548,463,0,0,0,0,4,21,80,0,0,0,0,0,0,0,0,0,0,0,0,0,0,0,7,0,32.0,0.8
2020-07-30,5590,232,32,90,573,1007,543,215,0,0,0,0,4,50,73,0,33,87,672,1327,548,463,0,0,0,0,4,21,80,0,0,0,0,0,0,0,0,0,0,0,0,0,0,0,3,0,28.0,0.7
2020-07-31,5595,232,32,90,576,1007,543,215,0,0,0,0,4,50,73,0,33,87,672,1329,548,463,0,0,0,0,4,21,80,0,0,0,0,0,0,0,0,0,0,0,0,0,0,0,5,0,29.0,0.7
2020-08-01,5598,232,32,91,577,1007,543,215,0,0,0,0,4,50,73,0,33,87,673,1329,548,463,0,0,0,0,4,21,80,0,0,0,0,0,0,0,0,0,0,0,0,0,0,0,3,0,31.0,0.8
2020-08-02,5600,232,32,91,578,1007,543,215,0,0,0,0,4,50,73,0,33,87,673,1329,548,464,0,0,0,0,4,21,80,0,0,0,0,0,0,0,0,0,0,0,0,0,0,0,2,0,32.0,0.8
2020-08-03,5613,232,32,91,582,1010,544,215,0,0,0,0,4,50,73,0,33,87,676,1331,548,464,0,0,0,0,4,21,80,0,0,0,0,0,0,0,0,0,0,0,0,0,0,0,13,0,36.0,0.9
2020-08-04,5627,232,32,91,585,1012,549,215,0,0,0,0,4,50,73,0,33,87,677,1334,548,464,0,0,0,0,4,21,80,0,0,0,0,0,0,0,0,0,0,0,0,0,0,0,14,0,47.0,1.2
2020-08-05,5641,232,32,91,588,1014,549,215,0,0,0,0,4,50,73,0,33,87,683,1336,549,464,0,0,0,0,4,21,80,0,0,0,0,0,0,0,0,0,0,0,0,0,0,0,14,0,54.0,1.3
2020-08-06,5683,232,32,91,594,1022,559,215,0,0,0,0,4,50,73,0,33,87,684,1347,555,464,0,0,0,0,4,21,80,0,0,0,0,0,0,0,0,0,0,0,0,0,0,0,42,0,93.0,2.3
2020-08-07,5692,233,32,91,595,1024,560,215,0,0,0,0,4,50,73,0,33,87,687,1347,556,465,0,0,0,0,4,21,81,0,0,0,0,0,0,0,0,0,0,0,0,0,0,0,9,1,97.0,2.4
2020-08-08,5705,233,32,91,598,1027,560,215,0,0,0,0,4,50,73,0,33,87,692,1349,556,465,0,0,0,0,4,21,81,0,0,0,0,0,0,0,0,0,0,0,0,0,0,0,13,0,107.0,2.6
2020-08-09,5707,233,32,91,600,1027,560,215,0,0,0,0,4,50,73,0,33,87,692,1349,556,465,0,0,0,0,4,21,81,0,0,0,0,0,0,0,0,0,0,0,0,0,0,0,2,0,107.0,2.6
2020-08-10,5724,233,32,91,607,1027,560,215,0,0,0,0,4,50,73,0,34,87,697,1352,557,465,0,0,0,0,4,21,81,0,0,0,0,0,0,0,0,0,0,0,0,0,0,0,17,0,111.0,2.7
2020-08-11,5742,233,32,91,613,1033,561,215,0,0,0,0,4,50,73,0,34,87,700,1353,558,465,0,0,0,0,4,21,81,0,0,0,0,0,0,0,0,0,0,0,0,0,0,0,18,0,115.0,2.8
2020-08-12,5761,233,33,94,617,1036,561,215,0,0,0,0,4,50,73,0,34,87,703,1357,559,465,0,0,0,0,4,21,81,0,0,0,0,0,0,0,0,0,0,0,0,0,0,0,19,0,120.0,2.9
2020-08-13,5778,233,33,94,622,1039,562,215,0,0,0,0,4,50,73,0,34,89,705,1360,560,465,0,0,0,0,4,21,81,0,0,0,0,0,0,0,0,0,0,0,0,0,0,0,17,0,95.0,2.3
2020-08-14,5792,233,33,95,627,1041,562,216,0,0,0,0,4,50,73,0,34,89,707,1363,560,465,0,0,0,0,4,21,81,0,0,0,0,0,0,0,0,0,0,0,0,0,0,0,14,0,100.0,2.5
2020-08-15,5794,233,33,95,627,1041,563,216,0,0,0,0,4,50,73,0,34,89,707,1363,561,465,0,0,0,0,4,21,81,0,0,0,0,0,0,0,0,0,0,0,0,0,0,0,2,0,89.0,2.2
2020-08-16,5796,233,33,95,627,1041,563,216,0,0,0,0,4,50,73,0,34,89,709,1363,561,465,0,0,0,0,4,21,81,0,0,0,0,0,0,0,0,0,0,0,0,0,0,0,2,0,89.0,2.2
2020-08-17,5808,233,34,96,631,1043,563,216,0,0,0,0,4,50,73,0,34,90,712,1363,561,465,0,0,0,0,4,21,81,0,0,0,0,0,0,0,0,0,0,0,0,0,0,0,12,0,84.0,2.1
2020-08-18,5826,233,35,96,633,1046,564,216,0,0,0,0,4,50,73,0,34,92,714,1368,563,465,0,0,0,0,4,21,81,0,0,0,0,0,0,0,0,0,0,0,0,0,0,0,18,0,84.0,2.1
2020-08-19,5845,233,35,96,640,1046,564,216,0,0,0,0,4,50,73,0,34,94,719,1372,564,465,0,0,0,0,4,21,81,0,0,0,0,0,0,0,0,0,0,0,0,0,0,0,19,0,84.0,2.1
2020-08-20,5860,233,35,96,644,1049,564,216,0,0,0,0,4,50,73,0,35,94,724,1374,564,465,0,0,0,0,4,21,81,0,0,0,0,0,0,0,0,0,0,0,0,0,0,0,15,0,82.0,2.0
2020-08-21,5876,233,35,97,647,1053,564,216,0,0,0,0,4,50,73,0,35,94,726,1379,565,465,0,0,0,0,4,21,81,0,0,0,0,0,0,0,0,0,0,0,0,0,0,0,16,0,84.0,2.1
2020-08-22,5887,233,35,97,651,1054,564,216,0,0,0,0,4,50,73,0,36,94,728,1381,566,465,0,0,0,0,4,21,81,0,0,0,0,0,0,0,0,0,0,0,0,0,0,0,11,0,93.0,2.3
2020-08-23,5893,233,35,97,651,1056,564,216,0,0,0,0,4,50,73,0,36,95,728,1383,567,465,0,0,0,0,4,21,81,0,0,0,0,0,0,0,0,0,0,0,0,0,0,0,6,0,97.0,2.4
2020-08-24,5913,233,36,97,654,1061,564,216,0,0,0,0,4,50,73,0,36,100,729,1388,567,465,0,0,0,0,4,21,81,0,0,0,0,0,0,0,0,0,0,0,0,0,0,0,20,0,105.0,2.6
2020-08-25,5939,233,37,98,658,1067,564,217,0,0,0,0,4,50,73,0,37,102,734,1392,568,465,0,0,0,0,4,21,81,0,0,0,0,0,0,0,0,0,0,0,0,0,0,0,26,0,113.0,2.8
2020-08-26,5972,233,37,98,673,1073,564,217,0,0,0,0,4,50,73,0,37,103,738,1398,569,465,0,0,0,0,4,21,81,0,0,0,0,0,0,0,0,0,0,0,0,0,0,0,33,0,127.0,3.1
2020-08-27,5998,233,37,98,678,1078,567,217,0,0,0,0,4,50,73,0,37,104,743,1404,570,465,0,0,0,0,4,21,81,0,0,0,0,0,0,0,0,0,0,0,0,0,0,0,26,0,138.0,3.4
2020-08-28,6020,233,38,99,684,1084,567,217,0,0,0,0,4,50,73,0,37,105,749,1405,570,465,0,0,0,0,4,21,81,0,0,0,0,0,0,0,0,0,0,0,0,0,0,0,22,0,144.0,3.5
2020-08-29,6029,233,38,99,685,1085,568,217,0,0,0,0,4,50,73,0,37,106,749,1408,571,466,0,0,0,0,4,21,81,0,0,0,0,0,0,0,0,0,0,0,0,0,0,0,9,0,142.0,3.5
2020-08-30,6032,233,38,99,685,1085,568,217,0,0,0,0,4,50,73,0,37,106,752,1408,571,466,0,0,0,0,4,21,81,0,0,0,0,0,0,0,0,0,0,0,0,0,0,0,3,0,139.0,3.4
2020-08-31,6091,233,39,103,697,1097,571,217,0,0,0,0,4,50,73,0,37,106,766,1419,573,466,0,0,0,0,4,21,81,0,0,0,0,0,0,0,0,0,0,0,0,0,0,0,59,0,178.0,4.4
2020-09-01,6128,233,39,104,710,1101,571,218,0,0,0,0,4,50,73,0,37,106,777,1424,575,466,0,0,0,0,4,21,81,0,0,0,0,0,0,0,0,0,0,0,0,0,0,0,37,0,189.0,4.6
2020-09-02,6158,233,39,105,719,1107,572,219,0,0,0,0,4,50,73,0,37,107,781,1430,575,467,0,0,0,0,4,21,81,0,0,0,0,0,0,0,0,0,0,0,0,0,0,0,30,0,186.0,4.6
2020-09-03,6190,233,39,108,730,1112,573,219,0,0,0,0,4,50,73,0,38,108,788,1432,576,467,0,0,0,0,4,21,81,0,0,0,0,0,0,0,0,0,0,0,0,0,0,0,32,0,192.0,4.7
2020-09-04,6218,233,40,109,736,1114,575,220,0,0,0,0,4,50,73,0,38,110,793,1436,579,468,0,0,0,0,4,21,81,0,0,0,0,0,0,0,0,0,0,0,0,0,0,0,28,0,198.0,4.9
2020-09-05,6230,233,40,109,739,1116,577,220,0,0,0,0,4,50,73,0,38,110,793,1437,582,469,0,0,0,0,4,21,81,0,0,0,0,0,0,0,0,0,0,0,0,0,0,0,12,0,201.0,4.9
2020-09-06,6233,233,40,109,740,1116,577,221,0,0,0,0,4,50,73,0,38,110,793,1438,582,469,0,0,0,0,4,21,81,0,0,0,0,0,0,0,0,0,0,0,0,0,0,0,3,0,201.0,4.9
2020-09-07,6260,233,40,111,748,1120,579,222,0,0,0,0,4,50,73,0,38,112,797,1441,583,469,0,0,0,0,4,21,81,0,0,0,0,0,0,0,0,0,0,0,0,0,0,0,27,0,169.0,4.2
2020-09-08,6304,233,40,112,757,1128,583,222,0,0,0,0,4,50,73,0,38,113,804,1449,589,469,0,0,0,0,4,21,81,0,0,0,0,0,0,0,0,0,0,0,0,0,0,0,44,0,176.0,4.3
2020-09-09,6347,233,40,115,764,1136,586,222,0,0,0,0,4,50,73,0,38,116,807,1457,592,474,0,0,0,0,4,21,81,0,0,0,0,0,0,0,0,0,0,0,0,0,0,0,43,0,189.0,4.6
2020-09-10,6393,233,40,117,773,1147,589,224,0,0,0,0,4,50,73,0,38,116,814,1464,597,474,0,0,0,0,4,21,81,0,0,0,0,0,0,0,0,0,0,0,0,0,0,0,46,0,203.0,5.0
2020-09-11,6462,234,42,119,786,1154,596,228,0,0,0,0,4,50,74,0,39,118,828,1470,605,477,0,0,0,0,4,21,81,0,0,0,0,0,0,0,0,0,0,0,0,0,0,0,69,1,244.0,6.0
2020-09-12,6503,234,42,120,791,1158,604,230,0,0,0,0,4,50,74,0,39,119,831,1476,611,482,0,0,0,0,4,21,81,0,0,0,0,0,0,0,0,0,0,0,0,0,0,0,41,0,273.0,6.7
2020-09-13,6517,234,42,121,794,1160,605,230,0,0,0,0,4,50,74,0,39,119,832,1480,612,483,0,0,0,0,4,21,81,0,0,0,0,0,0,0,0,0,0,0,0,0,0,0,14,0,284.0,7.0
2020-09-14,6564,235,43,122,806,1168,608,231,0,0,0,0,4,50,75,0,39,121,838,1488,615,485,0,0,0,0,4,21,81,0,0,0,0,0,0,0,0,0,0,0,0,0,0,0,47,1,304.0,7.5
2020-09-15,6622,237,44,122,813,1173,615,231,0,0,0,0,4,51,75,0,40,126,850,1495,625,488,0,0,0,0,4,21,82,0,0,0,0,0,0,0,0,0,0,0,0,0,0,0,58,2,318.0,7.8
2020-09-16,6678,237,44,123,825,1179,621,233,0,0,0,0,4,51,75,0,40,126,860,1508,631,488,0,0,0,0,4,21,82,0,0,0,0,0,0,0,0,0,0,0,0,0,0,0,56,0,331.0,8.1
2020-09-17,6754,239,44,124,835,1187,629,237,0,0,0,0,4,51,76,0,43,126,871,1528,638,492,0,0,0,0,4,22,82,0,0,0,0,0,0,0,0,0,0,0,0,0,0,0,76,2,361.0,8.9
2020-09-18,6820,241,45,124,843,1192,634,243,0,0,0,0,4,51,77,0,43,128,879,1537,650,502,0,0,0,0,4,22,83,0,0,0,0,0,0,0,0,0,0,0,0,0,0,0,66,2,358.0,8.8
2020-09-19,6868,246,45,124,850,1197,640,244,0,0,0,0,4,53,77,0,43,128,887,1544,655,511,0,0,0,0,4,22,86,0,0,0,0,0,0,0,0,0,0,0,0,0,0,0,48,5,365.0,9.0
2020-09-20,6892,248,45,125,853,1201,642,245,0,0,0,0,4,54,78,0,43,131,888,1549,656,514,0,0,0,0,4,22,86,0,0,0,0,0,0,0,0,0,0,0,0,0,0,0,24,2,375.0,9.2
2020-09-21,6940,250,45,125,860,1209,648,249,0,0,0,0,4,55,79,0,43,131,895,1556,660,519,0,0,0,0,4,22,86,0,0,0,0,0,0,0,0,0,0,0,0,0,0,0,48,2,376.0,9.2
2020-09-22,7006,251,45,127,868,1220,658,253,0,0,0,0,4,55,80,0,43,134,905,1564,668,521,0,0,0,0,4,22,86,0,0,0,0,0,0,0,0,0,0,0,0,0,0,0,66,1,384.0,9.4
2020-09-23,7086,251,45,129,879,1237,670,256,0,0,0,0,4,55,80,0,43,136,910,1578,678,525,0,0,0,0,4,22,86,0,0,0,0,0,0,0,0,0,0,0,0,0,0,0,80,0,408.0,10.0
2020-09-24,7191,254,45,131,899,1254,678,263,0,0,0,0,4,55,82,0,43,137,923,1589,693,536,0,0,0,0,4,22,87,0,0,0,0,0,0,0,0,0,0,0,0,0,0,0,105,3,437.0,10.7
2020-09-25,7240,255,45,132,906,1258,687,265,0,0,0,0,4,56,82,0,43,138,931,1597,700,538,0,0,0,0,4,22,87,0,0,0,0,0,0,0,0,0,0,0,0,0,0,0,49,1,420.0,10.3
2020-09-26,7284,256,45,136,911,1264,691,265,0,0,0,0,4,57,82,0,43,140,935,1606,708,540,0,0,0,0,4,22,87,0,0,0,0,0,0,0,0,0,0,0,0,0,0,0,44,1,416.0,10.2
2020-09-27,7306,256,45,139,911,1267,692,265,0,0,0,0,4,57,82,0,43,140,937,1617,709,541,0,0,0,0,4,22,87,0,0,0,0,0,0,0,0,0,0,0,0,0,0,0,22,0,414.0,10.2
2020-09-28,7354,258,46,144,918,1274,694,268,0,0,0,0,4,58,82,0,43,140,944,1624,716,543,0,0,0,0,4,23,87,0,0,0,0,0,0,0,0,0,0,0,0,0,0,0,48,2,414.0,10.2
2020-09-29,7422,258,46,144,930,1286,704,270,0,0,0,0,4,58,82,0,44,141,952,1633,726,546,0,0,0,0,4,23,87,0,0,0,0,0,0,0,0,0,0,0,0,0,0,0,68,0,416.0,10.2
2020-09-30,7499,259,46,146,944,1291,714,272,0,0,0,0,4,58,83,0,44,141,960,1653,734,554,0,0,0,0,4,23,87,0,0,0,0,0,0,0,0,0,0,0,0,0,0,0,77,1,413.0,10.1
2020-10-01,7577,264,46,148,955,1302,725,276,0,0,0,0,4,59,86,0,44,143,969,1667,746,556,0,0,0,0,4,23,88,0,0,0,0,0,0,0,0,0,0,0,0,0,0,0,78,5,386.0,9.5
2020-10-02,7670,265,47,150,977,1314,732,281,0,0,0,0,4,60,86,0,44,146,979,1681,758,561,0,0,0,0,4,23,88,0,0,0,0,0,0,0,0,0,0,0,0,0,0,0,93,1,430.0,10.6
2020-10-03,7745,266,48,151,989,1325,741,282,0,0,0,0,4,61,86,0,44,147,986,1699,767,566,0,0,0,0,4,23,88,0,0,0,0,0,0,0,0,0,0,0,0,0,0,0,75,1,461.0,11.3
2020-10-04,7756,266,48,151,991,1328,741,283,0,0,0,0,4,61,86,0,44,147,987,1700,770,566,0,0,0,0,4,23,88,0,0,0,0,0,0,0,0,0,0,0,0,0,0,0,11,0,450.0,11.1
2020-10-05,7854,267,49,155,1003,1350,750,285,0,0,0,0,4,61,86,0,44,151,1002,1716,781,568,0,0,0,0,4,24,88,0,0,0,0,0,0,0,0,0,0,0,0,0,0,0,98,1,500.0,12.3
2020-10-06,8023,269,49,162,1024,1376,765,292,0,0,0,0,4,61,88,0,46,160,1024,1753,800,572,0,0,0,0,4,24,88,0,0,0,0,0,0,0,0,0,0,0,0,0,0,0,169,2,601.0,14.8
2020-10-07,8206,271,49,170,1053,1398,785,299,0,0,0,0,4,62,89,0,46,173,1044,1792,822,575,0,0,0,0,4,24,88,0,0,0,0,0,0,0,0,0,0,0,0,0,0,0,183,2,707.0,17.4
2020-10-08,8456,272,51,181,1085,1440,804,308,0,0,0,0,4,62,89,0,47,178,1085,1843,843,591,0,0,0,0,4,24,89,0,0,0,0,0,0,0,0,0,0,0,0,0,0,0,250,1,879.0,21.6
2020-10-09,8631,277,51,186,1108,1468,820,309,0,0,0,0,4,63,90,0,47,185,1111,1883,857,606,0,0,0,0,4,24,92,0,0,0,0,0,0,0,0,0,0,0,0,0,0,0,175,5,961.0,23.6
2020-10-10,8797,278,52,190,1138,1494,837,313,0,0,0,0,4,63,91,0,49,189,1132,1923,869,611,0,0,0,0,4,24,92,0,0,0,0,0,0,0,0,0,0,0,0,0,0,0,166,1,1052.0,25.8
2020-10-11,8884,280,52,192,1158,1511,841,314,0,0,0,0,4,63,91,0,50,191,1145,1937,877,616,0,0,0,0,4,25,93,0,0,0,0,0,0,0,0,0,0,0,0,0,0,0,87,2,1128.0,27.7
2020-10-12,9051,288,53,202,1187,1536,854,324,0,0,0,0,4,64,96,0,52,197,1156,1971,891,628,0,0,0,0,4,27,93,0,0,0,0,0,0,0,0,0,0,0,0,0,0,0,167,8,1197.0,29.4
2020-10-13,9373,296,55,210,1229,1593,881,330,0,0,0,0,4,65,101,0,54,204,1194,2052,926,645,0,0,0,0,4,28,94,0,0,0,0,0,0,0,0,0,0,0,0,0,0,0,322,8,1350.0,33.2
2020-10-14,9732,303,56,226,1259,1634,915,342,0,0,0,0,4,66,103,0,57,216,1244,2127,961,695,0,0,0,0,4,28,98,0,0,0,0,0,0,0,0,0,0,0,0,0,0,0,359,7,1526.0,37.5
2020-10-15,10129,309,59,237,1312,1706,947,353,0,0,0,0,4,68,106,0,59,224,1305,2207,999,721,0,0,0,0,4,28,99,0,0,0,0,0,0,0,0,0,0,0,0,0,0,0,397,6,1673.0,41.1
2020-10-16,10461,321,59,250,1355,1746,986,372,0,0,0,0,4,70,110,0,59,233,1336,2265,1037,763,0,0,0,0,4,29,104,0,0,0,0,0,0,0,0,0,0,0,0,0,0,0,332,12,1830.0,44.9
2020-10-17,10795,331,62,256,1381,1801,1020,385,0,0,0,0,4,73,113,0,63,240,1366,2351,1071,799,0,0,0,0,4,31,106,0,0,0,0,0,0,0,0,0,0,0,0,0,0,0,334,10,1998.0,49.1
2020-10-18,10973,340,64,260,1397,1831,1030,392,0,0,0,0,4,73,116,0,64,249,1385,2392,1082,827,0,0,0,0,4,31,112,0,0,0,0,0,0,0,0,0,0,0,0,0,0,0,178,9,2089.0,51.3
2020-10-19,11280,353,67,269,1425,1885,1056,405,0,0,0,0,6,73,121,0,65,257,1429,2458,1112,852,0,0,0,0,4,33,116,0,0,0,0,0,0,0,0,0,0,0,0,0,0,0,307,13,2229.0,54.7
2020-10-20,11876,370,68,286,1481,1980,1107,435,0,0,0,0,6,75,127,0,68,268,1491,2581,1184,927,0,0,0,0,4,35,123,0,0,0,0,0,0,0,0,0,0,0,0,0,0,0,596,17,2503.0,61.5
2020-10-21,12461,391,70,310,1528,2083,1155,456,0,0,0,0,7,77,131,0,72,289,1558,2726,1243,971,0,0,0,0,4,38,134,0,0,0,0,0,0,0,0,0,0,0,0,0,0,0,585,21,2729.0,67.0
2020-10-22,13121,416,74,324,1610,2194,1212,486,0,0,0,0,7,81,141,0,75,301,1644,2882,1312,1007,0,0,0,0,4,43,140,0,0,0,0,0,0,0,0,0,0,0,0,0,0,0,660,25,2992.0,73.5
2020-10-23,13722,447,74,337,1656,2274,1263,526,0,0,0,0,7,85,152,0,76,311,1716,3017,1390,1082,0,0,0,0,4,46,153,0,0,0,0,0,0,0,0,0,0,0,0,0,0,0,601,31,3261.0,80.1
2020-10-24,14315,461,77,352,1718,2361,1319,552,0,0,0,0,8,86,158,0,83,319,1786,3153,1458,1137,0,0,0,0,4,47,158,0,0,0,0,0,0,0,0,0,0,0,0,0,0,0,593,14,3520.0,86.4
2020-10-25,14571,468,78,364,1747,2419,1341,563,0,0,0,0,9,86,160,0,85,324,1815,3202,1483,1150,0,0,0,0,4,49,160,0,0,0,0,0,0,0,0,0,0,0,0,0,0,0,256,7,3598.0,88.4
2020-10-26,15133,500,81,379,1799,2510,1396,594,0,0,0,0,10,91,170,0,86,333,1866,3326,1549,1214,0,0,0,0,4,53,172,0,0,0,0,0,0,0,0,0,0,0,0,0,0,0,562,32,3853.0,94.6
2020-10-27,15944,532,88,394,1888,2652,1463,634,0,0,0,0,12,95,182,0,94,347,1953,3495,1635,1301,0,0,0,0,4,53,186,0,0,0,0,0,0,0,0,0,0,0,0,0,0,0,811,32,4068.0,99.9
2020-10-28,17266,564,96,416,2026,2882,1589,688,0,0,0,0,12,103,195,0,98,368,2081,3800,1785,1437,0,0,0,0,4,53,197,0,0,0,0,0,0,0,0,0,0,0,0,0,0,0,1322,32,4805.0,118.0
2020-10-29,18503,590,100,434,2148,3104,1710,740,0,0,0,0,12,112,201,0,106,395,2209,4102,1932,1523,0,0,0,0,4,55,206,0,0,0,0,0,0,0,0,0,0,0,0,0,0,0,1237,26,5382.0,132.2
2020-10-30,19400,620,103,448,2243,3250,1802,790,0,0,0,0,12,114,216,0,110,408,2315,4292,2041,1598,0,0,0,0,4,58,216,0,0,0,0,0,0,0,0,0,0,0,0,0,0,0,897,30,5678.0,139.4
2020-10-31,20376,645,110,466,2325,3431,1895,825,0,0,0,0,12,121,224,0,119,424,2416,4527,2144,1694,0,0,0,0,5,58,225,0,0,0,0,0,0,0,0,0,0,0,0,0,0,0,976,25,6061.0,148.8
2020-11-01,20767,662,111,471,2360,3497,1931,850,0,0,0,0,13,124,232,0,123,427,2459,4615,2200,1723,0,0,0,0,5,59,229,0,0,0,0,0,0,0,0,0,0,0,0,0,0,0,391,17,6196.0,152.2
2020-11-02,21723,695,114,496,2452,3641,2016,888,0,0,0,0,13,130,242,0,128,440,2565,4844,2302,1837,0,0,0,0,6,60,244,0,0,0,0,0,0,0,0,0,0,0,0,0,0,0,956,33,6590.0,161.8
2020-11-03,22913,734,118,518,2563,3872,2155,943,0,0,0,0,13,138,256,0,131,461,2699,5132,2415,1906,0,0,0,0,6,65,256,0,0,0,0,0,0,0,0,0,0,0,0,0,0,0,1190,39,6969.0,171.1
2020-11-04,24545,779,128,544,2690,4153,2303,1014,0,0,0,0,13,144,270,0,147,494,2866,5536,2614,2056,0,0,0,0,8,70,274,0,0,0,0,0,0,0,0,0,0,0,0,0,0,0,1632,45,7279.0,178.8
2020-11-05,26080,836,135,569,2839,4420,2440,1101,0,0,0,1,13,152,292,0,153,526,3021,5888,2785,2203,0,0,0,0,8,76,294,0,0,0,0,0,0,0,0,0,0,0,0,0,0,0,1535,57,7577.0,186.1
2020-11-06,27313,864,146,592,2952,4648,2575,1155,0,0,0,1,13,159,300,0,162,550,3154,6160,2932,2287,0,0,0,0,8,81,302,0,0,0,0,0,0,0,0,0,0,0,0,0,0,0,1233,28,7913.0,194.3
2020-11-07,28095,889,156,610,3018,4794,2667,1196,0,0,0,2,13,165,305,0,168,561,3234,6340,2994,2357,0,0,0,0,8,81,315,0,0,0,0,0,0,0,0,0,0,0,0,0,0,0,782,25,7719.0,189.6
2020-11-08,28586,903,158,623,3064,4874,2718,1223,0,0,0,2,13,167,312,0,168,572,3287,6448,3051,2400,0,0,0,0,8,81,320,0,0,0,0,0,0,0,0,0,0,0,0,0,0,0,491,14,7819.0,192.0
2020-11-09,29434,940,160,636,3151,5018,2807,1267,0,0,0,2,13,180,324,0,171,584,3384,6647,3142,2467,0,0,0,0,8,82,331,0,0,0,0,0,0,0,0,0,0,0,0,0,0,0,848,37,7711.0,189.4
2020-11-10,30750,981,170,666,3277,5278,2941,1323,0,0,0,2,13,192,333,0,177,611,3524,6963,3273,2547,0,0,0,0,8,87,346,0,0,0,0,0,0,0,0,0,0,0,0,0,0,0,1316,41,7837.0,192.5
2020-11-11,31924,1027,176,685,3393,5484,3044,1378,0,0,0,2,13,202,348,0,181,626,3654,7241,3395,2667,0,0,0,0,8,92,362,0,0,0,0,0,0,0,0,0,0,0,0,0,0,0,1174,46,7379.0,181.2
2020-11-12,33356,1081,181,722,3523,5748,3188,1448,0,0,0,2,14,207,367,0,186,664,3817,7570,3518,2791,0,0,0,0,9,98,384,0,0,0,0,0,0,0,0,0,0,0,0,0,0,0,1432,54,7276.0,178.7
2020-11-13,34762,1119,189,750,3647,6002,3337,1503,0,0,0,2,14,217,379,0,196,692,3971,7897,3680,2898,0,0,0,0,9,101,397,0,0,0,0,0,0,0,0,0,0,0,0,0,0,0,1406,38,7449.0,182.9
2020-11-14,35912,1148,195,787,3755,6205,3439,1550,0,0,0,2,15,220,389,0,202,719,4088,8174,3808,2990,0,0,0,0,9,105,408,0,0,0,0,0,0,0,0,0,0,0,0,0,0,0,1150,29,7817.0,192.0
2020-11-15,36527,1173,199,806,3795,6300,3508,1577,0,0,0,2,15,223,398,0,205,731,4156,8323,3865,3062,0,0,0,0,9,105,421,0,0,0,0,0,0,0,0,0,0,0,0,0,0,0,615,25,7941.0,195.0
2020-11-16,37537,1219,209,817,3902,6444,3592,1616,0,0,0,2,15,229,406,0,206,758,4275,8577,3983,3158,0,0,0,0,9,110,448,0,0,0,0,0,0,0,0,0,0,0,0,0,0,0,1010,46,8103.0,199.0
2020-11-17,39153,1280,219,850,4044,6724,3727,1703,0,0,0,2,16,238,428,0,211,786,4455,8995,4158,3281,0,0,0,0,10,115,471,0,0,0,0,0,0,0,0,0,0,0,0,0,0,0,1616,61,8403.0,206.4
2020-11-18,40453,1338,223,909,4165,6915,3832,1758,0,0,0,2,17,247,448,0,216,842,4585,9298,4295,3415,0,0,0,0,10,118,496,0,0,0,0,0,0,0,0,0,0,0,0,0,0,0,1300,58,8529.0,209.5
2020-11-19,42124,1401,227,949,4300,7191,4001,1835,0,0,0,2,18,259,466,0,219,886,4766,9681,4481,3588,0,0,0,0,11,121,524,0,0,0,0,0,0,0,0,0,0,0,0,0,0,0,1671,63,8768.0,215.3
2020-11-20,43668,1471,234,991,4437,7452,4142,1901,0,0,0,2,18,275,487,0,229,918,4927,10083,4637,3717,0,0,0,0,11,126,552,0,0,0,0,0,0,0,0,0,0,0,0,0,0,0,1544,70,8906.0,218.7
2020-11-21,44984,1539,241,1023,4565,7651,4261,1966,0,0,0,2,19,290,506,0,232,948,5057,10409,4786,3845,0,0,0,0,11,132,579,0,0,0,0,0,0,0,0,0,0,0,0,0,0,0,1316,68,9072.0,222.8
2020-11-22,45783,1584,246,1053,4638,7789,4334,2018,0,0,0,2,19,299,529,0,237,964,5149,10591,4856,3908,0,0,0,0,11,137,587,0,0,0,0,0,0,0,0,0,0,0,0,0,0,0,799,45,9256.0,227.3
2020-11-23,46959,1639,254,1095,4734,7979,4432,2075,0,0,0,2,20,310,543,0,243,997,5286,10890,4972,4002,0,0,0,0,12,145,607,0,0,0,0,0,0,0,0,0,0,0,0,0,0,0,1176,55,9422.0,231.4
2020-11-24,48647,1697,260,1139,4902,8256,4592,2140,0,0,0,2,21,324,563,0,246,1043,5495,11307,5132,4135,0,0,0,0,12,147,628,0,0,0,0,0,0,0,0,0,0,0,0,0,0,0,1688,58,9494.0,233.2
2020-11-25,50481,1782,268,1188,5084,8569,4735,2214,0,0,0,2,22,335,584,0,251,1096,5709,11741,5277,4349,0,0,0,0,14,151,674,0,0,0,0,0,0,0,0,0,0,0,0,0,0,0,1834,85,10028.0,246.3
2020-11-26,52745,1879,281,1237,5289,8945,4922,2317,0,0,0,2,24,348,613,0,260,1142,5964,12289,5508,4591,0,0,0,0,15,163,714,0,0,0,0,0,0,0,0,0,0,0,0,0,0,0,2264,97,10621.0,260.8
2020-11-27,54850,1975,289,1296,5466,9267,5121,2435,0,0,0,3,25,357,646,0,267,1191,6182,12749,5728,4859,0,0,0,0,15,172,757,0,0,0,0,0,0,0,0,0,0,0,0,0,0,0,2105,96,11182.0,274.6
2020-11-28,56424,2046,295,1333,5586,9511,5251,2501,0,0,0,3,26,369,669,0,279,1223,6359,13157,5878,5051,0,0,0,0,15,179,785,0,0,0,0,0,0,0,0,0,0,0,0,0,0,0,1574,71,11440.0,280.9
2020-11-29,57456,2082,297,1354,5673,9679,5343,2546,0,0,0,3,26,378,684,0,285,1251,6482,13423,5988,5135,0,0,0,0,15,180,796,0,0,0,0,0,0,0,0,0,0,0,0,0,0,0,1032,36,11673.0,286.7
2020-11-30,59034,2160,307,1392,5835,9916,5477,2618,0,0,0,3,27,396,715,0,291,1279,6699,13786,6148,5286,0,0,0,0,15,185,819,0,0,0,0,0,0,0,0,0,0,0,0,0,0,0,1578,78,12075.0,296.5
2020-12-01,61323,2258,311,1444,6047,10294,5671,2737,0,0,0,3,29,407,752,0,300,1327,6970,14331,6357,5529,0,0,0,0,16,198,853,0,0,0,5,0,0,0,0,0,0,0,0,0,0,0,2289,98,12676.0,311.3
2020-12-02,63698,2371,320,1498,6250,10652,5877,2860,0,0,0,3,31,427,789,0,308,1376,7240,14903,6615,5794,0,0,0,0,17,213,891,0,0,0,5,0,0,0,0,0,0,0,0,0,0,0,2375,113,13217.0,324.6
2020-12-03,66476,2525,336,1587,6466,11048,6120,3028,0,0,0,3,34,448,834,0,316,1434,7518,15528,6900,6190,0,0,0,0,18,227,961,0,0,0,5,0,0,0,0,0,0,0,0,0,0,0,2778,154,13731.0,337.2
2020-12-04,68809,2636,347,1636,6660,11391,6322,3169,0,0,0,3,36,457,879,0,324,1476,7774,16095,7158,6452,0,0,0,0,18,237,1006,0,0,0,5,0,0,0,0,0,0,0,0,0,0,0,2333,111,13959.0,342.8
2020-12-05,70529,2726,360,1698,6800,11664,6463,3265,0,0,0,3,38,465,908,0,335,1527,7952,16477,7319,6664,0,0,0,0,18,244,1050,0,0,0,5,0,0,0,0,0,0,0,0,0,0,0,1720,90,14105.0,346.4
2020-12-06,71811,2790,368,1723,6941,11858,6577,3322,0,0,0,3,38,475,926,0,340,1560,8114,16763,7444,6796,0,0,0,0,19,249,1080,0,0,0,5,0,0,0,0,0,0,0,0,0,0,0,1282,64,14355.0,352.5
2020-12-07,73900,2886,375,1766,7167,12219,6763,3423,0,0,0,3,41,488,955,0,349,1600,8347,17255,7637,6994,0,0,0,0,19,259,1121,0,0,0,5,0,0,0,0,0,0,0,0,0,0,0,2089,96,14866.0,365.1
2020-12-08,76347,2992,380,1824,7379,12654,6962,3540,0,0,0,3,45,504,992,0,359,1650,8628,17930,7855,7181,0,0,0,0,19,265,1164,0,0,0,5,0,0,0,0,0,0,0,0,0,0,0,2447,106,15024.0,369.0
2020-12-09,79309,3116,389,1889,7654,13111,7199,3670,0,0,0,3,45,525,1028,0,374,1721,8951,18718,8157,7471,0,0,0,0,20,274,1221,0,0,0,5,0,0,0,0,0,0,0,0,0,0,0,2962,124,15611.0,383.4
2020-12-10,82636,3251,401,1966,7978,13673,7468,3794,0,0,0,3,47,542,1061,0,395,1791,9320,19549,8508,7788,0,0,0,0,21,291,1286,0,0,0,5,0,0,0,0,0,0,0,0,0,0,0,3327,135,16160.0,396.9
2020-12-11,85274,3380,411,2016,8210,14091,7703,3925,0,0,0,3,50,561,1098,0,410,1831,9604,20161,8775,8132,0,0,0,0,22,301,1345,0,0,0,5,0,0,0,0,0,0,0,0,0,0,0,2638,129,16465.0,404.3
2020-12-12,88060,3513,421,2063,8454,14497,7941,4061,0,0,0,3,54,579,1143,0,420,1881,9918,20823,9095,8481,0,0,0,0,23,313,1398,0,0,0,5,0,0,0,0,0,0,0,0,0,0,0,2786,133,17531.0,430.5
2020-12-13,89632,3588,429,2093,8589,14754,8078,4136,0,0,0,3,54,589,1169,0,425,1910,10080,21210,9263,8660,0,0,0,0,23,319,1431,0,0,0,5,0,0,0,0,0,0,0,0,0,0,0,1572,75,17821.0,437.7
2020-12-14,92533,3740,447,2155,8848,15219,8348,4293,0,0,0,3,57,614,1219,0,440,1977,10410,21862,9545,8984,0,0,0,0,25,330,1492,0,0,0,5,0,0,0,0,0,0,0,0,0,0,0,2901,152,18633.0,457.6
2020-12-15,95886,3885,463,2215,9130,15772,8648,4446,0,0,0,3,59,634,1271,0,450,2028,10815,22765,9887,9262,0,0,0,0,28,342,1548,0,0,0,5,0,0,0,0,0,0,0,0,0,0,0,3353,145,19539.0,479.8
2020-12-16,99357,4023,472,2268,9407,16390,8968,4605,0,0,0,3,59,656,1325,0,468,2098,11212,23651,10231,9582,0,0,0,0,28,357,1595,0,0,0,5,0,0,0,0,0,0,0,0,0,0,0,3471,138,20048.0,492.3
2020-12-17,102768,4170,483,2349,9686,16926,9264,4793,0,0,0,3,61,683,1368,0,479,2141,11598,24482,10592,9970,0,0,0,0,28,364,1663,0,0,0,5,0,0,0,0,0,0,0,0,0,0,0,3411,147,20132.0,494.4
2020-12-18,105698,4280,500,2404,9973,17376,9526,4927,0,0,0,3,63,700,1398,0,492,2181,11947,25203,10937,10227,0,0,0,0,29,370,1717,0,0,0,5,0,0,0,0,0,0,0,0,0,0,0,2930,110,20424.0,501.6
2020-12-19,108252,4408,511,2437,10193,17773,9752,5056,0,0,0,3,64,718,1434,0,503,2223,12196,25807,11221,10575,0,0,0,0,30,380,1779,0,0,0,5,0,0,0,0,0,0,0,0,0,0,0,2554,128,20192.0,495.9
2020-12-20,110156,4484,517,2462,10344,18111,9977,5140,0,0,0,3,65,737,1456,0,509,2252,12401,26246,11446,10746,0,0,0,0,30,383,1810,0,0,0,5,0,0,0,0,0,0,0,0,0,0,0,1904,76,20524.0,504.0
2020-12-21,112680,4603,528,2503,10590,18515,10219,5287,0,0,0,3,65,763,1501,0,523,2282,12686,26791,11727,11024,0,0,0,0,30,391,1850,0,0,0,5,0,0,0,0,0,0,0,0,0,0,0,2524,119,20147.0,494.8
2020-12-22,116457,4789,549,2548,10902,19132,10580,5483,0,0,0,3,67,791,1581,0,534,2330,13083,27732,12167,11412,0,0,0,0,31,403,1913,0,0,0,5,0,0,0,0,0,0,0,0,0,0,0,3777,186,20571.0,505.2
2020-12-23,120213,4971,561,2593,11151,19752,10997,5697,0,0,0,3,73,820,1641,0,539,2369,13449,28639,12594,11867,0,0,0,0,31,415,1988,0,0,0,5,0,0,0,0,0,0,0,0,0,0,0,3756,182,20856.0,512.2
2020-12-24,122939,5118,572,2625,11367,20178,11282,5858,0,0,0,3,77,846,1690,0,545,2407,13699,29282,12925,12194,0,0,0,0,32,427,2043,0,0,0,5,0,0,0,0,0,0,0,0,0,0,0,2726,147,20171.0,495.4
2020-12-25,124283,5189,577,2648,11472,20391,11426,5961,0,0,0,3,79,859,1717,0,553,2421,13830,29574,13075,12350,0,0,0,0,32,434,2065,0,0,0,5,0,0,0,0,0,0,0,0,0,0,0,1344,71,18585.0,456.4
2020-12-26,126017,5284,581,2676,11636,20641,11596,6066,0,0,0,3,80,879,1748,0,563,2437,14006,29987,13267,12556,0,0,0,0,34,437,2103,0,0,0,5,0,0,0,0,0,0,0,0,0,0,0,1734,95,17765.0,436.3
2020-12-27,127591,5371,585,2690,11767,20897,11765,6152,0,0,0,3,81,895,1777,0,565,2447,14162,30369,13452,12735,0,0,0,0,35,443,2137,0,0,0,5,0,0,0,0,0,0,0,0,0,0,0,1574,87,17435.0,428.2
2020-12-28,129822,5511,596,2701,11950,21278,11996,6279,0,0,0,3,82,925,1828,0,572,2470,14421,30902,13700,12952,0,0,0,0,38,455,2180,0,0,0,5,0,0,0,0,0,0,0,0,0,0,0,2231,140,17142.0,421.0
2020-12-29,133446,5685,607,2727,12240,21882,12344,6475,0,0,0,3,86,954,1880,0,586,2499,14832,31786,14096,13367,0,0,0,0,39,469,2254,0,0,0,5,0,0,0,0,0,0,0,0,0,0,0,3624,174,16989.0,417.2
2020-12-30,136653,5843,620,2749,12480,22410,12674,6648,0,0,0,3,89,981,1936,0,591,2526,15216,32513,14477,13744,0,0,0,0,39,478,2317,0,0,0,5,0,0,0,0,0,0,0,0,0,0,0,3207,158,16440.0,403.7
2020-12-31,138578,5914,625,2772,12665,22737,12866,6738,0,0,0,3,90,995,1962,0,597,2539,15470,32947,14687,13930,0,0,0,0,39,482,2343,0,0,0,5,0,0,0,0,0,0,0,0,0,0,0,1925,71,15639.0,384.1
2021-01-01,139567,5964,629,2783,12727,22893,12971,6805,0,0,0,3,91,1001,1975,0,599,2550,15580,33171,14798,14056,0,0,0,0,40,488,2366,0,0,0,5,0,0,0,0,0,0,0,0,0,0,0,989,50,15284.0,375.3
2021-01-02,140815,6044,631,2794,12834,23096,13089,6871,0,0,0,3,94,1020,2003,0,601,2558,15747,33480,14932,14177,0,0,0,0,41,494,2389,0,0,0,5,0,0,0,0,0,0,0,0,0,0,0,1248,80,14798.0,363.4
2021-01-03,141817,6113,640,2808,12928,23268,13204,6938,0,0,0,3,97,1033,2033,0,604,2565,15866,33701,15029,14261,0,0,0,0,41,498,2408,0,0,0,5,0,0,0,0,0,0,0,0,0,0,0,1002,69,14226.0,349.4
2021-01-04,143560,6203,641,2828,13091,23553,13372,7006,0,0,0,3,97,1050,2057,0,609,2578,16094,34155,15223,14405,0,0,0,0,42,511,2443,0,0,0,5,0,0,0,0,0,0,0,0,0,0,0,1743,90,13738.0,337.4
2021-01-05,146974,6335,653,2856,13432,24219,13629,7153,0,0,0,3,102,1070,2100,0,618,2617,16491,35031,15562,14708,0,0,0,0,42,528,2490,0,0,0,5,0,0,0,0,0,0,0,0,0,0,0,3414,132,13528.0,332.2
2021-01-06,150098,6465,662,2883,13728,24741,13948,7310,0,0,0,3,105,1101,2134,0,632,2650,16841,35756,15903,15038,0,0,0,0,43,540,2539,0,0,0,5,0,1,0,0,0,0,0,0,0,0,0,3124,130,13445.0,330.2
2021-01-07,152823,6596,675,2913,13972,25151,14215,7456,0,0,0,3,107,1131,2169,0,642,2684,17151,36351,16229,15378,0,0,0,0,43,554,2589,0,0,0,5,0,1,0,0,0,0,0,0,0,0,0,2725,131,14245.0,349.8
2021-01-08,155320,6720,687,2954,14212,25544,14491,7621,0,0,0,3,110,1150,2209,0,647,2724,17425,36785,16509,15715,0,0,0,0,43,562,2643,0,0,0,5,0,1,0,0,0,0,0,0,0,0,0,2497,124,15753.0,386.9
2021-01-09,156682,6776,690,2969,14335,25755,14610,7702,0,0,0,3,110,1158,2226,0,652,2735,17595,37060,16668,15905,0,0,0,0,43,568,2668,0,0,0,5,0,1,0,0,0,0,0,0,0,0,0,1362,56,15867.0,389.7
2021-01-10,157407,6812,694,2983,14412,25864,14665,7735,0,0,0,3,111,1162,2236,0,653,2750,17690,37200,16756,15999,0,0,0,0,43,571,2686,0,0,0,5,0,1,0,0,0,0,0,0,0,0,0,725,36,15590.0,382.9
2021-01-11,158850,6868,696,2996,14554,26089,14797,7795,0,0,0,3,114,1176,2248,0,658,2772,17869,37532,16925,16161,0,0,0,0,43,574,2710,0,0,0,5,0,1,0,0,0,0,0,0,0,0,0,1443,56,15290.0,375.5
2021-01-12,161420,6960,699,3021,14801,26520,15037,7954,0,0,0,3,116,1193,2276,0,667,2794,18127,38114,17212,16467,0,0,0,0,44,581,2747,0,0,0,5,0,1,1,0,0,0,0,0,0,0,0,2570,92,14446.0,354.8
2021-01-13,163567,7079,702,3042,14984,26868,15237,8082,0,0,0,3,117,1217,2316,0,675,2810,18350,38566,17461,16783,0,0,0,0,45,587,2794,0,0,0,5,0,1,1,0,0,0,0,0,0,0,0,2147,119,13469.0,330.8
2021-01-14,165214,7182,706,3055,15129,27118,15414,8189,0,0,0,3,118,1235,2349,0,684,2831,18501,38932,17633,17015,0,0,0,0,45,593,2839,0,0,0,5,0,1,1,0,0,0,0,0,0,0,0,1647,103,12391.0,304.3
2021-01-15,166559,7248,710,3070,15257,27333,15551,8262,0,0,0,3,118,1243,2372,0,692,2842,18632,39248,17768,17187,0,0,0,0,46,601,2865,0,0,0,5,0,1,1,0,0,0,0,0,0,0,0,1345,66,11239.0,276.0
2021-01-16,167547,7300,714,3082,15343,27492,15646,8329,0,0,0,3,119,1249,2392,0,696,2852,18729,39461,17869,17327,0,0,0,0,46,603,2888,0,0,0,5,0,1,1,0,0,0,0,0,0,0,0,988,52,10865.0,266.8
2021-01-17,168002,7336,718,3087,15380,27543,15700,8369,0,0,0,3,119,1251,2410,0,698,2857,18775,39547,17913,17408,0,0,0,0,46,604,2903,0,0,0,5,0,1,1,0,0,0,0,0,0,0,0,455,36,10595.0,260.2
2021-01-18,168726,7383,723,3092,15459,27677,15772,8413,0,0,0,3,122,1265,2421,0,699,2864,18843,39710,17992,17475,0,0,0,0,46,609,2917,0,0,0,5,0,1,1,0,0,0,0,0,0,0,0,724,47,9876.0,242.5
2021-01-19,170385,7453,728,3112,15611,27979,15940,8505,0,0,0,3,122,1279,2447,0,705,2874,19013,40104,18149,17658,0,0,0,0,46,612,2944,0,0,0,5,0,1,1,0,0,0,0,0,0,0,0,1659,70,8965.0,220.2
2021-01-20,171921,7504,740,3127,15756,28238,16094,8579,0,0,0,3,122,1289,2462,0,715,2890,19174,40465,18305,17831,0,0,0,0,47,617,2964,0,0,0,5,0,1,1,0,0,0,0,0,0,0,0,1536,51,8354.0,205.2
2021-01-21,173054,7569,748,3138,15858,28430,16204,8654,0,0,0,3,124,1301,2482,0,722,2897,19289,40709,18427,17971,0,0,0,0,47,621,2991,0,0,0,5,0,1,1,0,0,0,0,0,0,0,0,1133,65,7840.0,192.5
2021-01-22,174120,7637,752,3146,15948,28610,16332,8725,0,0,0,3,124,1314,2504,0,726,2914,19400,40913,18543,18104,0,0,0,0,47,631,3014,0,0,0,5,0,1,1,0,0,0,0,0,0,0,0,1066,68,7561.0,185.7
2021-01-23,174885,7689,758,3153,16013,28731,16428,8770,0,0,0,3,125,1322,2516,0,729,2925,19472,41050,18633,18216,0,0,0,0,48,638,3037,0,0,0,5,0,1,1,0,0,0,0,0,0,0,0,765,52,7338.0,180.2
2021-01-24,175315,7707,760,3159,16040,28818,16481,8793,0,0,0,3,125,1327,2520,0,732,2932,19518,41143,18682,18250,0,0,0,0,48,639,3045,0,0,0,5,0,1,1,0,0,0,0,0,0,0,0,430,18,7313.0,179.6
2021-01-25,175771,7735,762,3169,16082,28889,16540,8823,0,0,0,3,126,1332,2534,0,735,2941,19581,41232,18724,18286,0,0,0,0,48,643,3049,0,0,0,5,0,1,1,0,0,0,0,0,0,0,0,456,28,7045.0,173.0
2021-01-26,177037,7784,767,3186,16185,29109,16665,8874,0,0,0,3,127,1340,2551,0,738,2965,19724,41537,18854,18426,0,0,0,0,49,647,3067,0,0,0,5,0,1,1,0,0,0,0,0,0,0,0,1266,49,6652.0,163.4
2021-01-27,178227,7848,776,3202,16292,29292,16774,8960,0,0,0,3,128,1351,2575,0,743,2975,19833,41805,18975,18593,0,0,0,0,49,651,3091,0,0,0,5,0,1,1,0,0,0,0,0,0,0,0,1190,64,6306.0,154.9
2021-01-28,178970,7889,781,3207,16353,29416,16843,9004,0,0,0,3,128,1359,2590,0,745,2982,19906,41991,19052,18683,0,0,0,0,50,653,3106,0,0,0,5,0,1,1,0,0,0,0,0,0,0,0,743,41,5916.0,145.3
2021-01-29,179791,7928,791,3220,16426,29539,16935,9054,0,0,0,3,129,1363,2609,0,749,2994,19986,42179,19140,18771,0,0,0,0,50,656,3118,0,0,0,5,0,1,1,0,0,0,0,0,0,0,0,821,39,5671.0,139.3
2021-01-30,180392,7954,794,3224,16479,29658,17003,9083,0,0,0,3,129,1371,2619,0,754,3006,20047,42302,19211,18824,0,0,0,0,50,657,3125,0,0,0,5,0,1,1,0,0,0,0,0,0,0,0,601,26,5507.0,135.2
2021-01-31,180638,7972,796,3226,16494,29694,17033,9106,0,0,0,3,129,1374,2627,0,758,3008,20072,42351,19242,18851,0,0,0,0,50,658,3131,0,0,0,5,0,1,1,0,0,0,0,0,0,0,0,246,18,5323.0,130.7
2021-02-01,181117,8005,800,3231,16535,29749,17087,9141,0,0,0,3,129,1381,2638,0,762,3019,20115,42447,19299,18925,0,0,0,0,51,662,3141,0,0,0,5,0,1,1,0,0,0,0,0,0,0,0,479,33,5346.0,131.3
2021-02-02,182087,8036,810,3254,16630,29931,17199,9188,0,0,0,3,129,1388,2646,0,765,3029,20203,42633,19402,19036,0,0,0,0,51,666,3153,0,0,0,5,0,1,1,0,0,0,0,0,0,0,0,970,31,5050.0,124.0
2021-02-03,182964,8068,815,3269,16730,30082,17292,9238,0,0,0,3,130,1395,2655,0,771,3048,20296,42811,19486,19119,0,0,0,1,51,667,3166,0,0,0,5,0,1,1,0,0,0,0,0,0,0,0,877,32,4737.0,116.3
2021-02-04,183665,8099,820,3281,16790,30202,17360,9278,0,0,0,3,130,1402,2668,0,775,3058,20378,42953,19568,19195,0,0,0,1,51,668,3176,0,0,0,5,0,1,1,0,0,0,0,0,0,0,0,701,31,4695.0,115.3
2021-02-05,184326,8114,821,3297,16841,30323,17422,9310,0,0,0,3,130,1404,2673,0,781,3076,20448,43078,19653,19269,0,0,0,1,51,669,3183,0,0,0,5,0,1,1,0,0,0,0,0,0,0,0,661,15,4535.0,111.4
2021-02-06,184730,8130,823,3303,16878,30386,17473,9340,0,0,0,3,130,1407,2679,0,788,3081,20487,43170,19684,19310,0,0,0,1,51,669,3190,0,0,0,5,0,1,1,0,0,0,0,0,0,0,0,404,16,4338.0,106.5
2021-02-07,184875,8139,823,3304,16888,30418,17488,9346,0,0,0,3,130,1408,2680,0,788,3084,20503,43195,19702,19329,0,0,0,1,51,669,3197,0,0,0,5,0,1,1,0,0,0,0,0,0,0,0,145,9,4237.0,104.1
2021-02-08,185102,8160,826,3309,16911,30459,17510,9364,0,0,0,3,130,1411,2691,0,788,3084,20528,43232,19730,19354,0,0,0,1,52,669,3203,0,0,0,5,0,1,1,0,0,0,0,0,0,0,0,227,21,3985.0,97.9
2021-02-09,185822,8193,838,3326,16989,30597,17587,9389,0,0,0,3,131,1422,2702,0,792,3096,20613,43387,19794,19407,0,0,0,1,52,671,3211,0,0,0,5,0,1,1,0,0,0,0,0,0,0,0,720,33,3735.0,91.7
2021-02-10,186402,8217,840,3338,17036,30701,17647,9419,0,0,0,3,131,1428,2707,0,796,3104,20672,43511,19855,19476,0,0,0,1,54,674,3219,0,0,0,5,0,1,1,0,0,0,0,0,0,0,0,580,24,3438.0,84.4
2021-02-11,186972,8236,845,3346,17088,30797,17710,9442,0,0,0,3,132,1435,2710,0,798,3112,20729,43646,19916,19536,0,0,0,1,54,676,3225,0,0,0,5,0,1,1,0,0,0,0,0,0,0,0,570,19,3307.0,81.2
2021-02-12,187445,8262,846,3359,17137,30874,17752,9468,0,0,0,3,132,1437,2720,0,805,3119,20773,43735,19968,19602,0,0,0,1,54,676,3239,0,0,0,5,0,1,1,0,0,0,0,0,0,0,0,473,26,3119.0,76.6
2021-02-13,187727,8269,851,3363,17166,30917,17783,9481,0,0,0,3,132,1439,2720,0,808,3120,20801,43803,19999,19628,0,0,0,1,54,676,3244,0,0,0,5,0,1,1,0,0,0,0,0,0,0,0,282,7,2997.0,73.6
2021-02-14,187855,8275,852,3367,17175,30940,17793,9489,0,0,0,3,132,1439,2724,0,809,3122,20811,43837,20019,19634,0,0,0,1,54,676,3246,0,0,0,5,0,1,1,0,0,0,0,0,0,0,0,128,6,2980.0,73.2
2021-02-15,188247,8298,862,3378,17224,31003,17825,9519,0,0,0,3,132,1441,2734,0,814,3129,20844,43906,20066,19670,0,0,0,1,54,679,3254,0,0,0,5,0,1,1,0,0,0,0,0,0,0,0,392,23,3145.0,77.2
2021-02-16,188926,8317,868,3386,17286,31159,17902,9546,0,0,0,3,132,1445,2737,0,817,3138,20904,44057,20141,19715,0,0,0,1,54,681,3264,0,0,0,5,0,1,1,0,0,0,0,0,0,0,0,679,19,3104.0,76.2
2021-02-17,189568,8342,874,3402,17348,31291,17960,9577,0,0,0,3,132,1450,2744,0,826,3151,20980,44173,20196,19783,0,0,0,1,54,683,3275,0,0,0,5,0,1,1,0,0,0,0,0,0,0,0,642,25,3166.0,77.8
2021-02-18,190089,8365,880,3413,17409,31379,18012,9597,0,0,0,3,132,1454,2750,0,831,3160,21041,44285,20258,19817,0,0,0,1,54,687,3284,0,0,0,5,0,1,1,0,0,0,0,0,0,0,0,521,23,3117.0,76.5
2021-02-19,190569,8381,885,3424,17463,31470,18048,9616,0,0,0,3,133,1458,2755,0,836,3168,21093,44374,20322,19863,0,0,0,1,54,687,3290,0,0,0,5,0,1,1,0,0,0,0,0,0,0,0,480,16,3124.0,76.7
2021-02-20,191016,8391,890,3438,17529,31540,18089,9633,0,0,0,3,134,1462,2758,0,840,3181,21138,44470,20367,19894,0,0,0,1,54,687,3292,0,0,0,5,0,1,1,0,0,0,0,0,0,0,0,447,10,3289.0,80.8
2021-02-21,191138,8397,896,3442,17542,31563,18099,9639,0,0,0,3,134,1462,2760,0,841,3186,21145,44488,20381,19909,0,0,0,1,54,687,3296,0,0,0,5,0,1,1,0,0,0,0,0,0,0,0,122,6,3283.0,80.6
2021-02-22,191493,8409,900,3451,17587,31635,18135,9654,0,0,0,3,134,1464,2765,0,844,3195,21189,44555,20415,19926,0,0,0,1,54,687,3301,0,0,0,5,0,1,1,0,0,0,0,0,0,0,0,355,12,3246.0,79.7
2021-02-23,192278,8425,921,3467,17671,31822,18181,9670,0,0,0,3,134,1467,2767,0,852,3214,21274,44738,20487,19974,0,0,0,1,55,687,3311,0,0,0,5,0,1,1,0,0,0,0,0,0,0,0,785,16,3352.0,82.3
2021-02-24,193012,8448,936,3499,17748,31950,18246,9698,0,0,0,3,134,1471,2773,0,864,3236,21342,44902,20562,20022,0,0,0,1,56,691,3319,0,0,0,5,0,1,1,0,0,0,0,0,0,0,0,734,23,3444.0,84.6
2021-02-25,193691,8462,946,3513,17823,32099,18311,9716,0,0,0,3,134,1473,2778,0,873,3248,21414,45036,20631,20074,0,0,0,1,56,693,3324,0,0,0,5,0,1,1,0,0,0,0,0,0,0,0,679,14,3602.0,88.5
2021-02-26,194225,8472,957,3529,17882,32216,18361,9733,0,0,0,3,134,1474,2782,0,882,3265,21482,45136,20681,20094,0,0,0,1,56,696,3326,0,0,0,5,0,1,1,0,0,0,0,0,0,0,0,534,10,3656.0,89.8
2021-02-27,194639,8482,963,3540,17916,32288,18399,9740,0,0,0,3,134,1475,2784,0,890,3278,21531,45239,20726,20122,0,0,0,1,56,698,3331,0,0,0,5,0,1,1,0,0,0,0,0,0,0,0,414,10,3623.0,89.0
2021-02-28,194794,8488,967,3546,17938,32321,18412,9741,0,0,0,3,134,1475,2785,0,891,3281,21554,45267,20739,20130,0,0,0,1,56,699,3335,0,0,0,5,0,1,1,0,0,0,0,0,0,0,0,155,6,3656.0,89.8
2021-03-01,195157,8509,975,3558,17976,32396,18442,9752,0,0,0,3,135,1478,2790,0,897,3294,21598,45337,20769,20156,0,0,0,1,56,702,3344,0,0,0,5,0,1,1,0,0,0,0,0,0,0,0,363,21,3664.0,90.0
2021-03-02,196072,8531,981,3592,18062,32595,18525,9777,0,0,0,3,137,1484,2796,0,905,3329,21698,45546,20855,20200,0,0,0,1,57,703,3350,0,0,0,5,0,1,1,0,0,0,0,0,0,0,0,915,22,3794.0,93.2
2021-03-03,196756,8545,988,3622,18131,32718,18587,9802,0,0,0,3,137,1487,2801,0,916,3359,21773,45711,20913,20229,0,0,0,1,57,705,3354,0,0,0,5,0,1,1,0,0,0,0,0,0,0,0,684,14,3744.0,91.9
2021-03-04,197362,8558,995,3648,18185,32829,18642,9818,0,0,0,3,137,1490,2803,0,926,3382,21841,45850,20964,20275,0,0,0,1,57,705,3362,0,0,0,5,0,1,1,0,0,0,0,0,0,0,0,606,13,3671.0,90.2
2021-03-05,197951,8576,1011,3675,18242,32934,18692,9838,0,0,0,3,138,1496,2808,0,940,3410,21899,45966,21026,20311,0,0,0,1,57,706,3367,0,0,0,5,0,1,1,0,0,0,0,0,0,0,0,589,18,3726.0,91.5
2021-03-06,198436,8584,1018,3703,18289,33024,18735,9849,0,0,0,3,138,1498,2811,0,951,3433,21965,46060,21074,20328,0,0,0,2,57,706,3369,0,0,0,5,0,1,1,0,0,0,0,0,0,0,0,485,8,3797.0,93.2
2021-03-07,198586,8590,1019,3709,18305,33045,18747,9858,0,0,0,3,138,1499,2813,0,954,3444,21983,46093,21087,20335,0,0,0,2,57,707,3371,0,0,0,5,0,1,1,0,0,0,0,0,0,0,0,150,6,3792.0,93.1
2021-03-08,199083,8610,1026,3732,18352,33141,18777,9875,0,0,0,3,139,1502,2819,0,965,3474,22038,46209,21126,20361,0,0,0,2,57,710,3378,0,0,0,5,0,1,1,0,0,0,0,0,0,0,0,497,20,3926.0,96.4
2021-03-09,200012,8624,1038,3770,18424,33349,18870,9887,0,0,0,3,140,1505,2822,0,970,3521,22158,46422,21206,20389,0,0,0,2,58,710,3384,0,0,0,6,0,1,1,0,0,0,0,0,0,0,0,929,14,3940.0,96.8
2021-03-10,200996,8650,1055,3807,18536,33573,18960,9912,0,0,0,3,142,1511,2826,0,982,3552,22267,46602,21301,20441,0,0,0,2,58,716,3392,0,0,0,6,0,1,1,0,0,0,0,0,0,0,0,984,26,4240.0,104.1
2021-03-11,201804,8672,1069,3861,18609,33715,19028,9936,0,0,0,3,142,1515,2836,0,996,3589,22351,46796,21382,20464,0,0,0,2,59,718,3397,0,0,0,6,0,1,1,0,0,0,0,0,0,0,0,808,22,4442.0,109.1
2021-03-12,202746,8695,1081,3906,18708,33888,19115,9962,0,0,0,3,142,1519,2841,0,1009,3623,22473,46990,21472,20511,0,0,0,2,59,722,3407,0,0,0,6,0,1,1,0,0,0,0,0,0,0,0,942,23,4795.0,117.8
2021-03-13,203287,8705,1089,3929,18768,33987,19168,9975,0,0,0,3,142,1522,2843,0,1016,3646,22529,47115,21524,20533,0,0,0,2,59,722,3412,0,0,0,6,0,1,1,0,0,0,0,0,0,0,0,541,10,4851.0,119.1
2021-03-14,203496,8706,1094,3943,18788,34035,19182,9979,0,0,0,3,143,1522,2843,0,1021,3651,22555,47158,21542,20540,0,0,0,2,59,722,3412,0,0,0,6,0,1,1,0,0,0,0,0,0,0,0,209,1,4910.0,120.6
2021-03-15,204126,8727,1103,3971,18853,34151,19238,9994,0,0,0,3,143,1531,2849,0,1030,3683,22640,47297,21595,20563,0,0,0,2,60,723,3416,0,0,0,6,0,1,1,0,0,0,0,0,0,0,0,630,21,5043.0,123.8
2021-03-16,205384,8751,1118,4032,18976,34395,19346,10032,0,0,0,3,145,1540,2856,0,1047,3745,22786,47572,21706,20621,0,0,0,2,60,725,3420,0,0,0,6,0,1,1,0,0,0,0,0,0,0,0,1258,24,5372.0,131.9
2021-03-17,206589,8769,1148,4082,19109,34640,19433,10053,0,0,0,3,146,1546,2861,0,1069,3800,22934,47840,21819,20654,0,0,0,2,62,727,3422,0,0,0,6,0,1,1,0,0,0,0,0,0,0,0,1205,18,5593.0,137.4
2021-03-18,208016,8796,1166,4168,19273,34913,19571,10088,0,0,0,3,147,1554,2869,0,1096,3860,23080,48135,21943,20715,0,0,0,2,63,730,3428,0,0,0,6,0,1,1,0,0,0,0,0,0,0,0,1427,27,6212.0,152.6
2021-03-19,209221,8828,1183,4235,19400,35148,19670,10121,0,0,0,3,148,1562,2877,0,1119,3913,23216,48386,22050,20772,0,0,0,2,64,738,3434,0,0,0,6,0,1,1,0,0,0,0,0,0,0,0,1205,32,6475.0,159.0
2021-03-20,210066,8846,1196,4279,19513,35312,19742,10134,0,0,0,3,148,1566,2882,0,1132,3955,23306,48554,22132,20803,0,0,0,2,65,742,3438,0,0,0,6,0,1,1,0,0,0,0,0,0,0,0,845,18,6779.0,166.5
2021-03-21,210400,8856,1205,4302,19548,35370,19772,10148,0,0,0,3,150,1568,2886,0,1139,3966,23341,48618,22167,20816,0,0,0,2,65,743,3439,0,0,0,6,0,1,1,0,0,0,0,0,0,0,0,334,10,6904.0,169.5
2021-03-22,211263,8876,1219,4349,19645,35552,19858,10177,0,0,0,3,151,1574,2894,0,1151,4016,23441,48772,22228,20847,0,0,0,2,65,744,3443,0,0,0,6,0,1,1,0,0,0,0,0,0,0,0,863,20,7137.0,175.3
2021-03-23,212990,8908,1241,4433,19838,35907,20002,10205,0,0,0,3,152,1583,2904,0,1167,4109,23642,49140,22404,20894,0,0,0,2,66,748,3450,0,0,0,6,0,1,1,0,0,0,0,0,0,0,0,1727,32,7606.0,186.8
2021-03-24,214587,8943,1254,4510,20039,36233,20134,10238,0,0,0,4,154,1587,2915,0,1183,4184,23814,49495,22556,20939,0,0,0,2,66,753,3462,0,0,0,6,0,1,1,0,0,0,0,0,0,0,0,1597,35,7998.0,196.4
2021-03-25,216188,8967,1275,4599,20249,36536,20261,10262,0,0,0,4,156,1596,2918,0,1198,4255,23996,49866,22696,20987,0,0,0,2,68,759,3464,0,0,0,6,0,1,1,0,0,0,0,0,0,0,0,1601,24,8172.0,200.7
2021-03-26,217629,8998,1298,4680,20403,36815,20373,10292,0,0,0,4,157,1606,2926,0,1222,4329,24158,50187,22835,21029,0,0,0,2,69,762,3472,0,0,0,6,0,1,1,0,0,0,0,0,0,0,0,1441,31,8408.0,206.5
2021-03-27,218657,9017,1320,4740,20497,37018,20459,10310,0,0,0,4,157,1613,2929,0,1245,4398,24276,50404,22912,21070,0,0,0,2,69,762,3481,0,0,0,6,0,1,1,0,0,0,0,0,0,0,0,1028,19,8591.0,211.0
2021-03-28,219195,9030,1329,4770,20567,37114,20508,10322,0,0,0,4,157,1620,2934,0,1251,4430,24343,50523,22950,21080,0,0,0,2,69,762,3482,0,0,0,6,0,1,1,0,0,0,0,0,0,0,0,538,13,8795.0,216.0
2021-03-29,220033,9056,1339,4817,20656,37287,20574,10341,0,0,0,4,160,1629,2939,0,1259,4471,24450,50712,23019,21100,0,0,0,2,70,765,3487,0,0,0,6,0,1,1,0,0,0,0,0,0,0,0,838,26,8770.0,215.4
2021-03-30,221811,9082,1357,4882,20874,37685,20721,10361,0,0,0,4,164,1638,2942,0,1278,4523,24660,51132,23189,21141,0,0,0,2,70,768,3494,0,0,0,6,0,1,1,0,0,0,0,0,0,0,0,1778,26,8821.0,216.6
2021-03-31,223637,9103,1373,4951,21098,38094,20866,10403,0,0,0,4,165,1645,2949,0,1292,4585,24851,51562,23365,21189,0,0,0,2,70,771,3497,0,0,0,6,0,1,1,0,0,0,0,0,0,0,0,1826,21,9050.0,222.3
2021-04-01,225215,9125,1394,5001,21281,38435,21017,10431,0,0,0,4,165,1650,2954,0,1308,4642,25031,51913,23529,21225,0,0,0,2,70,779,3501,0,0,0,6,0,1,1,0,0,0,0,0,0,0,0,1578,22,9027.0,221.7
2021-04-02,226078,9133,1404,5041,21376,38586,21103,10446,0,0,0,4,165,1654,2955,0,1314,4682,25150,52092,23627,21249,0,0,0,2,70,780,3503,0,0,0,6,0,1,1,0,0,0,0,0,0,0,0,863,8,8449.0,207.5
2021-04-03,226828,9153,1415,5073,21468,38757,21154,10461,0,0,0,4,165,1657,2960,0,1325,4701,25253,52249,23693,21271,0,0,0,2,70,785,3510,0,0,0,6,0,1,1,0,0,0,0,0,0,0,0,750,20,8171.0,200.7
2021-04-04,227444,9165,1422,5099,21543,38889,21217,10474,0,0,0,4,166,1661,2963,0,1328,4727,25329,52381,23747,21280,0,0,0,2,70,788,3511,0,0,0,6,0,1,1,0,0,0,0,0,0,0,0,616,12,8249.0,202.6
2021-04-05,227889,9183,1425,5116,21591,38985,21266,10485,0,0,0,4,167,1666,2967,0,1330,4735,25383,52467,23794,21304,0,0,0,2,70,789,3518,0,0,0,6,0,1,1,0,0,0,0,0,0,0,0,445,18,7856.0,192.9
2021-04-06,228795,9217,1427,5142,21711,39175,21351,10510,0,0,0,5,169,1678,2975,0,1334,4762,25504,52655,23886,21330,0,0,0,2,70,794,3524,0,0,0,6,0,1,1,0,0,0,0,0,0,0,0,906,34,6984.0,171.5
2021-04-07,230907,9248,1444,5179,21961,39657,21556,10544,0,0,0,5,170,1690,2983,0,1356,4808,25776,53160,24086,21372,0,0,0,2,71,796,3531,0,0,0,6,0,1,1,0,0,0,0,0,0,0,0,2112,31,7270.0,178.5
2021-04-08,233023,9276,1470,5239,22219,40097,21737,10580,0,0,0,5,174,1696,2987,0,1370,4869,26045,53632,24318,21439,0,0,0,2,71,803,3538,0,0,0,6,0,1,1,0,0,0,0,0,0,0,0,2116,28,7808.0,191.7
2021-04-09,234662,9302,1489,5306,22429,40431,21880,10604,0,0,0,5,176,1705,2991,0,1383,4926,26234,53996,24503,21473,0,0,0,2,71,811,3541,0,0,0,6,0,1,1,0,0,0,0,0,0,0,0,1639,26,8584.0,210.8
2021-04-10,235804,9324,1503,5358,22538,40638,21986,10624,0,0,0,5,177,1712,2994,0,1394,4969,26370,54262,24636,21518,0,0,0,2,72,815,3547,0,0,0,6,0,1,1,0,0,0,0,0,0,0,0,1142,22,8976.0,220.4
2021-04-11,236427,9339,1511,5373,22619,40766,22045,10641,0,0,0,5,178,1716,2999,0,1398,4985,26446,54397,24698,21540,0,0,0,2,72,818,3549,0,0,0,6,0,1,1,0,0,0,0,0,0,0,0,623,15,8983.0,220.6
2021-04-12,237520,9362,1519,5419,22753,40956,22138,10670,0,0,0,5,178,1723,3005,0,1404,5047,26602,54633,24793,21578,0,0,0,2,73,820,3556,0,0,0,6,0,1,1,0,0,0,0,0,0,0,0,1093,23,9631.0,236.5
2021-04-13,239877,9391,1539,5536,23054,41419,22343,10704,0,0,0,5,178,1736,3010,0,1429,5169,26905,55120,25027,21624,0,0,0,2,73,825,3562,0,0,0,6,0,1,1,0,0,0,0,0,0,0,0,2357,29,11082.0,272.2
2021-04-14,242025,9425,1552,5642,23308,41804,22551,10745,0,0,0,6,179,1749,3016,0,1444,5272,27184,55584,25246,21685,0,0,0,2,74,828,3571,0,0,0,6,0,1,1,0,0,0,0,0,0,0,0,2148,34,11118.0,273.0
2021-04-15,243604,9445,1570,5726,23511,42094,22678,10773,0,0,0,6,180,1757,3018,0,1455,5337,27395,55893,25420,21744,0,0,0,2,75,830,3577,0,0,0,6,0,1,1,0,0,0,0,0,0,0,0,1579,20,10581.0,259.8
2021-04-16,244993,9466,1582,5822,23674,42323,22800,10804,0,0,0,6,182,1764,3023,0,1476,5411,27574,56162,25568,21789,0,0,0,2,75,832,3582,0,0,0,6,0,1,1,0,0,0,0,0,0,0,0,1389,21,10331.0,253.7
2021-04-17,245979,9482,1593,5860,23789,42529,22898,10824,0,0,0,6,182,1768,3028,0,1487,5441,27734,56345,25659,21812,0,0,0,2,76,833,3587,0,0,0,6,0,1,1,0,0,0,0,0,0,0,0,986,16,10175.0,249.9
2021-04-18,246521,9493,1600,5878,23857,42637,22951,10834,0,0,0,6,182,1773,3030,0,1496,5462,27821,56446,25706,21825,0,0,0,2,76,837,3587,0,0,0,6,0,1,1,0,0,0,0,0,0,0,0,542,11,10094.0,247.9
2021-04-19,247354,9515,1613,5933,23951,42779,23038,10852,0,0,0,6,182,1780,3036,0,1505,5507,27923,56610,25776,21859,0,0,0,2,76,841,3592,0,0,0,6,0,1,1,0,0,0,0,0,0,0,0,833,22,9834.0,241.5
2021-04-20,249612,9545,1643,6066,24226,43242,23221,10877,0,0,0,6,183,1793,3037,0,1536,5631,28194,57069,25991,21908,0,0,0,2,77,847,3600,0,0,0,6,0,1,1,0,0,0,0,0,0,0,0,2258,30,9735.0,239.1
2021-04-21,251653,9573,1675,6184,24479,43635,23413,10914,0,0,0,6,184,1805,3043,0,1561,5742,28437,57470,26176,21959,0,0,0,2,77,851,3605,0,0,0,6,0,1,1,0,0,0,0,0,0,0,0,2041,28,9628.0,236.4
2021-04-22,253300,9594,1692,6297,24657,43964,23553,10935,0,0,0,6,184,1809,3047,0,1585,5854,28646,57779,26326,22004,0,0,0,2,78,856,3612,0,0,0,6,0,1,1,0,0,0,0,0,0,0,0,1647,21,9696.0,238.1
2021-04-23,254931,9618,1716,6404,24850,44286,23684,10966,0,0,0,6,186,1814,3055,0,1603,5943,28824,58118,26485,22044,0,0,0,2,78,862,3615,0,0,0,6,0,1,1,0,0,0,0,0,0,0,0,1631,24,9938.0,244.1
2021-04-24,256011,9636,1732,6480,24986,44495,23772,10986,0,0,0,6,188,1820,3058,0,1619,5993,28953,58334,26581,22072,0,0,0,2,78,865,3619,0,0,0,6,0,1,1,0,0,0,0,0,0,0,0,1080,18,10032.0,246.4
2021-04-25,256590,9648,1745,6509,25052,44625,23821,10997,0,0,0,6,190,1823,3060,0,1627,6018,29017,58449,26637,22085,0,0,0,2,79,866,3622,0,0,0,6,0,1,1,0,0,0,0,0,0,0,0,579,12,10069.0,247.3
2021-04-26,257595,9670,1755,6565,25173,44820,23890,11015,0,0,0,6,191,1827,3067,0,1644,6083,29134,58674,26722,22112,0,0,0,2,79,870,3628,0,0,0,6,0,1,1,0,0,0,0,0,0,0,0,1005,22,10241.0,251.5
2021-04-27,259864,9701,1785,6681,25448,45284,24064,11046,0,0,0,6,192,1839,3073,0,1672,6191,29424,59176,26925,22158,0,0,0,2,79,878,3632,0,0,0,6,2,1,1,0,0,0,0,0,0,0,0,2269,31,10252.0,251.8
2021-04-28,261618,9727,1818,6780,25627,45662,24208,11078,0,0,0,6,192,1845,3081,0,1696,6275,29611,59582,27064,22207,0,0,0,2,79,882,3640,0,0,0,6,2,1,1,0,0,0,0,0,0,0,0,1754,26,9965.0,244.7
2021-04-29,263011,9758,1839,6860,25795,45952,24317,11105,0,0,0,6,193,1851,3090,0,1717,6354,29755,59871,27184,22252,0,0,0,2,79,884,3653,0,0,0,6,2,1,1,0,0,0,0,0,0,0,0,1393,31,9711.0,238.5
2021-04-30,264448,9776,1855,6937,25994,46210,24446,11122,0,0,0,6,194,1855,3094,0,1739,6423,29916,60182,27319,22295,0,0,0,2,79,887,3659,0,0,0,6,2,1,1,0,0,0,0,0,0,0,0,1437,18,9517.0,233.7
2021-05-01,265492,9793,1868,6996,26101,46415,24545,11139,0,0,0,6,194,1859,3096,0,1761,6476,30029,60406,27427,22319,0,0,0,2,80,892,3664,0,0,0,6,2,1,1,0,0,0,0,0,0,0,0,1044,17,9481.0,232.8
2021-05-02,265969,9803,1878,7020,26160,46506,24586,11148,0,0,0,6,194,1861,3102,0,1764,6495,30098,60501,27473,22330,0,0,0,3,80,892,3665,0,0,0,6,2,1,1,0,0,0,0,0,0,0,0,477,10,9379.0,230.3
2021-05-03,266749,9823,1891,7060,26259,46646,24647,11168,0,0,0,6,195,1867,3109,0,1778,6531,30207,60657,27537,22358,0,0,0,3,81,896,3666,0,0,0,6,2,1,1,0,0,0,0,0,0,0,0,780,20,9154.0,224.8
2021-05-04,268655,9847,1913,7166,26472,47040,24807,11195,0,0,0,6,197,1875,3116,0,1808,6615,30409,61114,27702,22404,0,0,0,3,81,899,3670,0,0,0,6,2,1,1,0,0,0,0,0,0,0,0,1906,24,8791.0,215.9
2021-05-05,270259,9875,1932,7238,26684,47374,24953,11221,0,0,0,6,200,1883,3123,0,1831,6694,30576,61430,27860,22456,0,0,0,3,81,902,3677,0,0,0,6,2,1,1,0,0,0,0,0,0,0,0,1604,28,8641.0,212.2
2021-05-06,271466,9883,1947,7295,26830,47623,25055,11241,0,0,0,6,200,1885,3125,0,1845,6755,30716,61673,27989,22487,0,0,0,3,81,903,3680,0,0,0,6,2,1,1,0,0,0,0,0,0,0,0,1207,8,8455.0,207.6
2021-05-07,272516,9895,1953,7352,26954,47851,25147,11255,0,0,0,6,201,1886,3127,0,1859,6806,30845,61877,28086,22521,0,0,0,3,82,904,3686,0,0,0,6,2,1,1,0,0,0,0,0,0,0,0,1050,12,8068.0,198.1
2021-05-08,273361,9906,1966,7393,27032,48036,25221,11268,0,0,0,6,201,1890,3128,0,1869,6852,30932,62067,28160,22555,0,0,0,3,82,905,3691,0,0,0,6,2,1,1,0,0,0,0,0,0,0,0,845,11,7869.0,193.2
2021-05-09,273718,9913,1973,7408,27080,48102,25252,11273,0,0,0,6,201,1892,3129,0,1876,6868,30979,62147,28185,22565,0,0,0,3,82,908,3692,0,0,0,6,2,1,1,0,0,0,0,0,0,0,0,357,7,7749.0,190.3
2021-05-10,274292,9927,1982,7442,27150,48210,25292,11281,0,0,0,6,202,1894,3131,0,1884,6920,31049,62259,28229,22584,0,0,0,3,82,911,3698,0,0,0,6,2,1,1,0,0,0,0,0,0,0,0,574,14,7543.0,185.2
2021-05-11,275736,9943,2002,7513,27314,48501,25418,11301,0,0,0,6,202,1897,3136,0,1904,6984,31238,62574,28360,22617,0,0,0,3,82,915,3702,0,0,0,6,2,1,1,0,0,0,0,0,0,0,0,1444,16,7081.0,173.9
2021-05-12,276884,9968,2015,7575,27437,48734,25533,11326,0,0,0,6,202,1906,3144,0,1914,7042,31370,62795,28481,22652,0,0,0,3,83,917,3707,0,0,0,6,2,1,1,0,0,0,0,0,0,0,0,1148,25,6625.0,162.7
2021-05-13,277469,9978,2021,7599,27500,48850,25588,11333,0,0,0,6,202,1909,3147,0,1926,7058,31443,62917,28544,22680,0,0,0,3,83,919,3709,0,0,0,6,2,1,1,0,0,0,0,0,0,0,0,585,10,6003.0,147.4
2021-05-14,277891,9990,2026,7617,27553,48948,25622,11342,0,0,0,6,202,1911,3149,0,1932,7073,31493,63003,28580,22692,0,0,0,3,83,923,3713,0,0,0,6,2,1,1,0,0,0,0,0,0,0,0,422,12,5375.0,132.0
2021-05-15,278410,9999,2036,7641,27609,49055,25664,11353,0,0,0,6,202,1912,3155,0,1936,7085,31564,63119,28634,22704,0,0,0,3,84,923,3714,0,0,0,6,2,1,1,0,0,0,0,0,0,0,0,519,9,5049.0,124.0
2021-05-16,278635,10002,2040,7660,27626,49108,25681,11360,0,0,0,6,202,1912,3156,0,1937,7093,31587,63163,28649,22721,0,0,0,3,84,923,3716,0,0,0,6,2,1,1,0,0,0,0,0,0,0,0,225,3,4917.0,120.8
2021-05-17,279108,10010,2044,7685,27697,49198,25720,11375,0,0,0,6,202,1915,3159,0,1938,7117,31653,63264,28675,22732,0,0,0,3,84,923,3718,0,0,0,6,2,1,1,0,0,0,0,0,0,0,0,473,8,4816.0,118.3
2021-05-18,280159,10025,2049,7735,27813,49435,25814,11386,0,0,0,6,202,1922,3160,0,1946,7165,31771,63491,28787,22757,0,0,0,3,84,925,3723,0,0,0,6,2,1,1,0,0,0,0,0,0,0,0,1051,15,4423.0,108.6
2021-05-19,280881,10035,2058,7773,27905,49552,25887,11405,0,0,0,6,202,1926,3162,0,1957,7196,31848,63628,28874,22788,0,0,0,3,84,928,3724,0,0,0,6,2,1,1,0,0,0,0,0,0,0,0,722,10,3997.0,98.2
2021-05-20,281349,10039,2063,7808,27963,49634,25932,11413,0,0,0,6,202,1927,3163,0,1960,7229,31908,63707,28921,22801,0,0,0,3,84,929,3725,0,0,0,6,2,1,1,0,0,0,0,0,0,0,0,468,4,3880.0,95.3
2021-05-21,281695,10047,2065,7832,28000,49710,25955,11422,0,0,0,6,202,1928,3166,0,1960,7248,31950,63768,28960,22815,0,0,0,3,84,931,3727,0,0,0,6,2,1,1,0,0,0,0,0,0,0,0,346,8,3804.0,93.4
2021-05-22,282022,10053,2070,7847,28037,49776,25991,11427,0,0,0,6,202,1931,3168,0,1964,7258,31992,63839,28986,22825,0,0,0,3,84,931,3728,0,0,0,6,2,1,1,0,0,0,0,0,0,0,0,327,6,3612.0,88.7
2021-05-23,282080,10054,2070,7850,28045,49782,25997,11431,0,0,0,6,202,1931,3168,0,1965,7259,32003,63852,28989,22827,0,0,0,3,84,931,3729,0,0,0,6,2,1,1,0,0,0,0,0,0,0,0,58,1,3445.0,84.6
2021-05-24,282112,10055,2071,7852,28053,49786,26000,11433,0,0,0,6,202,1931,3169,0,1965,7260,32005,63856,28991,22830,0,0,0,3,84,931,3729,0,0,0,6,2,1,1,0,0,0,0,0,0,0,0,32,1,3004.0,73.8
2021-05-25,282465,10064,2075,7874,28109,49843,26025,11446,0,0,0,7,202,1933,3173,0,1972,7285,32046,63916,29024,22840,0,0,0,3,84,932,3730,0,0,0,6,2,1,1,0,0,0,0,0,0,0,0,353,9,2306.0,56.6
2021-05-26,282971,10074,2087,7905,28180,49926,26063,11458,0,0,0,7,203,1936,3178,0,1979,7320,32127,64002,29063,22851,0,0,0,3,84,932,3731,0,0,0,6,2,1,1,0,0,0,0,0,0,0,0,506,10,2090.0,51.3
2021-05-27,283390,10079,2094,7932,28233,50015,26087,11467,0,0,0,7,203,1936,3178,0,1987,7338,32182,64088,29090,22867,0,0,0,3,84,933,3735,0,0,0,6,2,1,1,0,0,0,0,0,0,0,0,419,5,2041.0,50.1
2021-05-28,283669,10081,2099,7946,28266,50069,26108,11474,0,0,0,7,203,1936,3179,0,1990,7348,32227,64136,29124,22872,0,0,0,3,84,934,3735,0,0,0,6,2,1,1,0,0,0,0,0,0,0,0,279,2,1974.0,48.5
2021-05-29,283852,10084,2101,7951,28285,50101,26124,11477,0,0,0,7,203,1937,3179,0,1993,7364,32246,64169,29151,22880,0,0,0,3,84,936,3735,0,0,0,6,2,1,1,0,0,0,0,0,0,0,0,183,3,1830.0,44.9
2021-05-30,283889,10084,2104,7952,28291,50109,26126,11477,0,0,0,7,203,1937,3179,0,1994,7365,32249,64173,29156,22883,0,0,0,3,84,936,3735,0,0,0,6,2,1,1,0,0,0,0,0,0,0,0,37,0,1809.0,44.4
2021-05-31,284056,10088,2107,7960,28311,50135,26142,11481,0,0,0,7,203,1938,3180,0,1998,7383,32272,64200,29165,22892,0,0,0,3,85,936,3736,0,0,0,6,2,1,1,0,0,0,0,0,0,0,0,167,4,1944.0,47.7
2021-06-01,284342,10090,2109,7986,28344,50192,26168,11482,0,0,0,7,203,1938,3180,0,1999,7400,32303,64252,29197,22900,0,0,0,3,85,937,3737,0,0,0,6,2,1,1,0,0,0,0,0,0,0,0,286,2,1877.0,46.1
2021-06-02,284574,10092,2114,8004,28372,50232,26187,11488,0,0,0,7,203,1938,3180,0,2001,7416,32329,64293,29219,22909,0,0,0,3,85,938,3738,0,0,0,6,2,1,1,0,0,0,0,0,0,0,0,232,2,1603.0,39.4
2021-06-03,284710,10094,2116,8015,28391,50246,26204,11490,0,0,0,7,203,1939,3181,0,2004,7424,32346,64318,29231,22915,0,0,0,3,85,938,3738,0,0,0,6,2,1,1,0,0,0,0,0,0,0,0,136,2,1320.0,32.4
2021-06-04,284828,10095,2116,8022,28406,50260,26217,11491,0,0,0,7,203,1939,3181,0,2007,7432,32365,64335,29246,22921,0,0,0,3,85,938,3739,0,0,0,6,2,1,1,0,0,0,0,0,0,0,0,118,1,1159.0,28.5
2021-06-05,284946,10096,2117,8029,28421,50278,26231,11493,0,0,0,7,203,1939,3182,0,2008,7436,32376,64363,29257,22927,0,0,0,3,85,938,3739,0,0,0,6,2,1,1,0,0,0,0,0,0,0,0,118,1,1094.0,26.9
2021-06-06,284966,10096,2117,8030,28426,50283,26231,11494,0,0,0,7,203,1939,3182,0,2008,7437,32377,64363,29261,22929,0,0,0,3,85,938,3739,0,0,0,6,2,1,1,0,0,0,0,0,0,0,0,20,0,1077.0,26.4
2021-06-07,285030,10097,2117,8040,28432,50296,26237,11495,0,0,0,7,203,1939,3183,0,2009,7442,32382,64374,29263,22933,0,0,0,3,85,938,3739,0,0,0,6,2,1,1,0,0,0,0,0,0,0,0,64,1,974.0,23.9
2021-06-08,285192,10097,2119,8045,28452,50322,26255,11499,0,0,0,7,203,1939,3183,0,2011,7451,32401,64409,29277,22941,0,0,0,3,85,938,3739,0,0,0,6,2,1,1,0,0,0,0,0,0,0,0,162,0,850.0,20.9
2021-06-09,285287,10097,2122,8045,28470,50343,26266,11502,0,0,0,7,203,1939,3183,0,2011,7456,32412,64426,29282,22942,0,0,0,3,85,938,3739,0,0,0,6,2,1,1,0,0,0,0,0,0,0,0,95,0,713.0,17.5
2021-06-10,285370,10098,2124,8052,28482,50360,26272,11505,0,0,0,7,203,1939,3184,0,2012,7458,32424,64435,29290,22946,0,0,0,3,85,938,3739,0,0,0,6,2,1,1,0,0,0,0,0,0,0,0,83,1,660.0,16.2
2021-06-11,285432,10100,2125,8057,28491,50369,26278,11508,0,0,0,7,203,1940,3184,0,2014,7463,32433,64442,29294,22948,0,0,0,3,85,938,3740,0,0,0,6,2,1,1,0,0,0,0,0,0,0,0,62,2,604.0,14.8
2021-06-12,285459,10100,2126,8060,28495,50374,26280,11508,0,0,0,7,203,1940,3184,0,2014,7464,32437,64446,29296,22949,0,0,0,3,85,938,3740,0,0,0,6,2,1,1,0,0,0,0,0,0,0,0,27,0,513.0,12.6
2021-06-13,285470,10100,2126,8060,28495,50376,26282,11508,0,0,0,7,203,1940,3184,0,2014,7464,32439,64450,29297,22949,0,0,0,3,85,938,3740,0,0,0,6,2,1,1,0,0,0,0,0,0,0,0,11,0,504.0,12.4
2021-06-14,285501,10100,2127,8062,28498,50380,26282,11511,0,0,0,7,203,1940,3184,0,2014,7468,32443,64454,29301,22951,0,0,0,3,85,938,3740,0,0,0,6,2,1,1,0,0,0,0,0,0,0,0,31,0,471.0,11.6
2021-06-15,285572,10101,2129,8068,28506,50396,26284,11513,0,0,0,7,203,1940,3185,0,2015,7472,32455,64465,29305,22954,0,0,0,3,85,938,3740,0,0,0,6,2,1,1,0,0,0,0,0,0,0,0,71,1,380.0,9.3
2021-06-16,285607,10101,2129,8071,28510,50403,26290,11514,0,0,0,7,203,1940,3185,0,2016,7474,32456,64470,29309,22955,0,0,0,3,85,938,3740,0,0,0,6,2,1,1,0,0,0,0,0,0,0,0,35,0,320.0,7.9
2021-06-17,285645,10102,2129,8077,28515,50409,26291,11515,0,0,0,7,203,1940,3186,0,2016,7481,32458,64478,29309,22957,0,0,0,3,85,938,3740,0,0,0,6,2,1,1,0,0,0,0,0,0,0,0,38,1,275.0,6.8
2021-06-18,285672,10102,2129,8082,28519,50412,26296,11515,0,0,0,7,203,1940,3186,0,2016,7483,32461,64481,29311,22957,0,0,0,3,85,938,3740,0,0,0,6,2,1,1,0,0,0,0,0,0,0,0,27,0,240.0,5.9
2021-06-19,285692,10102,2129,8086,28521,50413,26298,11515,0,0,0,7,203,1940,3186,0,2016,7487,32463,64483,29312,22959,0,0,0,3,85,938,3740,0,0,0,6,2,1,1,0,0,0,0,0,0,0,0,20,0,233.0,5.7
2021-06-20,285696,10102,2129,8086,28521,50414,26298,11515,0,0,0,7,203,1940,3186,0,2016,7488,32464,64484,29312,22959,0,0,0,3,85,938,3740,0,0,0,6,2,1,1,0,0,0,0,0,0,0,0,4,0,226.0,5.6
2021-06-21,285723,10102,2130,8088,28526,50418,26298,11515,0,0,0,7,203,1940,3186,0,2016,7492,32468,64489,29313,22960,0,0,0,3,85,938,3740,0,0,0,6,2,1,1,0,0,0,0,0,0,0,0,27,0,222.0,5.5
2021-06-22,285764,10102,2130,8092,28530,50424,26298,11516,0,0,0,7,203,1940,3186,0,2017,7498,32478,64493,29315,22963,0,0,0,3,85,938,3740,0,0,0,6,2,1,1,0,0,0,0,0,0,0,0,41,0,192.0,4.7
2021-06-23,285780,10102,2130,8094,28531,50427,26301,11516,0,0,0,7,203,1940,3186,0,2017,7500,32480,64496,29315,22963,0,0,0,3,85,938,3740,0,0,0,6,2,1,1,0,0,0,0,0,0,0,0,16,0,173.0,4.2
2021-06-24,285804,10102,2130,8099,28537,50430,26301,11516,0,0,0,7,203,1940,3186,0,2017,7501,32481,64502,29316,22964,0,0,0,3,85,938,3740,0,0,0,6,2,1,1,0,0,0,0,0,0,0,0,24,0,159.0,3.9
2021-06-25,285823,10102,2130,8103,28541,50434,26301,11516,0,0,0,7,203,1940,3186,0,2017,7503,32483,64503,29316,22966,0,0,0,3,85,938,3740,0,0,0,6,2,1,1,0,0,0,0,0,0,0,0,19,0,151.0,3.7
2021-06-26,285834,10102,2130,8104,28545,50435,26302,11516,0,0,0,7,203,1940,3186,0,2017,7503,32485,64505,29316,22966,0,0,0,3,85,938,3740,0,0,0,6,2,1,1,0,0,0,0,0,0,0,0,11,0,142.0,3.5
2021-06-27,285843,10102,2130,8104,28545,50437,26303,11516,0,0,0,7,203,1940,3186,0,2017,7503,32487,64505,29319,22967,0,0,0,3,85,938,3740,0,0,0,6,2,1,1,0,0,0,0,0,0,0,0,9,0,147.0,3.6
2021-06-28,285870,10102,2130,8107,28550,50441,26305,11516,0,0,0,7,203,1940,3186,0,2017,7507,32492,64509,29319,22967,0,0,0,3,85,938,3740,0,0,0,6,2,1,1,0,0,0,0,0,0,0,0,27,0,147.0,3.6
2021-06-29,285893,10102,2130,8107,28555,50446,26309,11516,0,0,0,7,203,1940,3186,0,2017,7511,32494,64512,29319,22967,0,0,0,3,85,938,3740,0,0,0,6,2,1,1,0,0,0,0,0,0,0,0,23,0,129.0,3.2
2021-06-30,285902,10102,2130,8107,28557,50448,26310,11516,0,0,0,7,203,1940,3186,0,2017,7511,32497,64513,29319,22967,0,0,0,3,85,938,3740,0,0,0,6,2,1,1,0,0,0,0,0,0,0,0,9,0,122.0,3.0
2021-07-01,285925,10102,2132,8110,28560,50452,26311,11517,0,0,0,7,203,1940,3186,0,2017,7512,32502,64515,29320,22967,0,0,0,3,85,938,3740,0,0,0,6,2,1,1,0,0,0,0,0,0,0,0,23,0,121.0,3.0
2021-07-02,285930,10102,2132,8111,28560,50453,26311,11517,0,0,0,7,203,1940,3186,0,2017,7512,32504,64515,29321,22967,0,0,0,3,85,938,3740,0,0,0,6,2,1,1,0,0,0,0,0,0,0,0,5,0,107.0,2.6
2021-07-03,285934,10102,2132,8111,28561,50454,26311,11517,0,0,0,7,203,1940,3186,0,2017,7512,32505,64516,29321,22967,0,0,0,3,85,938,3740,0,0,0,6,2,1,1,0,0,0,0,0,0,0,0,4,0,100.0,2.5
2021-07-04,285937,10102,2132,8111,28563,50454,26311,11517,0,0,0,7,203,1940,3186,0,2017,7512,32506,64516,29321,22967,0,0,0,3,85,938,3740,0,0,0,6,2,1,1,0,0,0,0,0,0,0,0,3,0,94.0,2.3
2021-07-05,285951,10102,2133,8111,28563,50458,26312,11519,0,0,0,7,203,1940,3186,0,2017,7515,32508,64517,29321,22967,0,0,0,3,85,938,3740,0,0,0,6,2,1,1,0,0,0,0,0,0,0,0,14,0,81.0,2.0
2021-07-06,285971,10102,2133,8112,28565,50464,26313,11520,0,0,0,7,203,1940,3186,0,2017,7516,32513,64519,29322,22967,0,0,0,3,85,938,3740,0,0,0,6,2,1,1,0,0,0,0,0,0,0,0,20,0,78.0,1.9
2021-07-07,285987,10102,2133,8113,28571,50466,26314,11521,0,0,0,7,203,1940,3186,0,2017,7517,32515,64520,29323,22967,0,0,0,3,85,938,3740,0,0,0,6,2,1,1,0,0,0,0,0,0,0,0,16,0,85.0,2.1
2021-07-08,285999,10102,2133,8114,28574,50468,26315,11521,0,0,0,7,203,1940,3186,0,2017,7517,32517,64522,29323,22968,0,0,0,3,85,938,3740,0,0,0,6,2,1,1,0,0,0,0,0,0,0,0,12,0,74.0,1.8
